run_index,dataset,variant,seed,status,git_sha,config_sha256,start_utc,end_utc,elapsed_seconds,device,gpu,epochs_executed,stopping_reason,final_tau,checkpoint_path,checkpoint_sha256,prediction_path,manifest_path,dataset_hashes,ARI,NMI_arithmetic,RI,ACC,peak_gpu_allocated_bytes,component_losses,original_diagnostics,augmented_diagnostics
0,SyntheticControl,LoSTer-Legacy-Clean,0,COMPLETE,a247dffdea50e236b171392b8c9336ecd4cc5727,4d691eaa64e6b3fcec09ea883a888dd6d8e4be6e568b3f9d63b79eb4e0c3dc81,2026-10-05T22:17:06.372069+00:00,2026-10-05T22:20:36.674654+00:00,210.2850855,cuda,NVIDIA GeForce GTX 1080,2,assignment-change,6.5,G:\Articoli\Articoli da Completare\LoSTer 2026\pilot\artifacts\SyntheticControl\LoSTer-Legacy-Clean\seed-0\complete.pt,7f93ced7dc719eaf17493d175e0632c63417fd3e4730daab97b79b7ba1423b2f,G:\Articoli\Articoli da Completare\LoSTer 2026\pilot\runs\SyntheticControl\LoSTer-Legacy-Clean\seed-0\predictions.npy,G:\Articoli\Articoli da Completare\LoSTer 2026\pilot\artifacts\SyntheticControl\LoSTer-Legacy-Clean\seed-0\manifest.json,"{""TEST"": ""cd44464b200820913f928a952af78d512ee3924f6243053d28a6d45c0aacdb76"", ""TRAIN"": ""58af636cbd5592bdda45ba638629e40f17c08354aa545a61fd41b92582bdd176""}",0.6210803820868749,0.753950008236742,0.889226488592098,0.7883333333333333,35687936,"{""cluster_contrast"": 4.7630650997161865, ""entropy"": -3.578185260295868, ""instance"": 11.17525053024292, ""kmeans"": 0.6684160381555557, ""reconstruction"": 0.014966148184612393, ""total"": 13.04351282119751}","{""assignment_change_fraction"": 0.0, ""center_displacements"": [4.286395778763108e-05, 5.363130185287446e-05, 3.683002069010399e-05, 5.829432120663114e-05, 5.41177396371495e-05, 4.56905945611652e-05], ""center_norms"": [4.9162163734436035, 10.666621208190918, 9.320272445678711, 11.017793655395508, 11.240012168884277, 11.997350692749023], ""complete_collapse"": false, ""counts"": [134, 152, 67, 77, 123, 47], ""cumulative_hard_use"": [268, 304, 134, 154, 246, 94], ""dead_center_duration"": [0, 0, 0, 0, 0, 0], ""effective_cluster_count"": 5.558290746606051, ""hard_entropy"": 1.7152906413242053, ""maximum_cluster_fraction"": 0.25333333333333335, ""mean_nearest_squared_distance"": 156.6490478515625, ""minimum_center_separation"": 6.517538547515869, ""minimum_cluster_size"": 47, ""minimum_positive_size"": 47, ""near_collapse"": false, ""normalized_hard_entropy"": 0.9573219345469429, ""occupied_clusters"": 6, ""rbf_marginal_entropy"": 1.715027928352356, ""rbf_mean_row_entropy"": 0.0029723793268203735, ""s0_marginal_entropy"": 1.7881104946136475, ""s0_mean_row_entropy"": 1.6914043426513672, ""utilization"": 1.0}","{""assignment_change_fraction"": 0.008333333333333333, ""center_displacements"": [0.0003190218412782997, 0.00010711861978052184, 7.040976197458804e-05, 0.0001204739382956177, 0.00014750171976629645, 0.0001631873456062749], ""center_norms"": [6.682936668395996, 7.74997091293335, 11.140966415405273, 10.692413330078125, 8.118025779724121, 7.277626991271973], ""complete_collapse"": false, ""counts"": [84, 92, 111, 127, 85, 101], ""cumulative_hard_use"": [168, 183, 222, 251, 173, 203], ""dead_center_duration"": [0, 0, 0, 0, 0, 0], ""effective_cluster_count"": 5.932253470327179, ""hard_entropy"": 1.7804041526829726, ""maximum_cluster_fraction"": 0.21166666666666667, ""mean_nearest_squared_distance"": 182.80697631835938, ""minimum_center_separation"": 7.929056644439697, ""minimum_cluster_size"": 84, ""minimum_positive_size"": 84, ""near_collapse"": false, ""normalized_hard_entropy"": 0.9936624771683363, ""occupied_clusters"": 6, ""rbf_marginal_entropy"": 1.7802953720092773, ""rbf_mean_row_entropy"": 0.021496407687664032, ""s0_marginal_entropy"": 1.7911865711212158, ""s0_mean_row_entropy"": 1.6914043426513672, ""utilization"": 1.0}"
1,SyntheticControl,LoSTer-Legacy-Clean,1,COMPLETE,a247dffdea50e236b171392b8c9336ecd4cc5727,c64ae9ae1c5ec3a226f3649d63ffe81f5838693b47f2c4a256336d6547985c97,2026-10-05T22:20:38.522899+00:00,2026-10-05T22:24:08.808253+00:00,210.27898720000002,cuda,NVIDIA GeForce GTX 1080,2,assignment-change,6.5,G:\Articoli\Articoli da Completare\LoSTer 2026\pilot\artifacts\SyntheticControl\LoSTer-Legacy-Clean\seed-1\complete.pt,cc6fc98f538c54bb13b96706f2cbc10866ed66e3134cbf7ea7067119e218b8c6,G:\Articoli\Articoli da Completare\LoSTer 2026\pilot\runs\SyntheticControl\LoSTer-Legacy-Clean\seed-1\predictions.npy,G:\Articoli\Articoli da Completare\LoSTer 2026\pilot\artifacts\SyntheticControl\LoSTer-Legacy-Clean\seed-1\manifest.json,"{""TEST"": ""cd44464b200820913f928a952af78d512ee3924f6243053d28a6d45c0aacdb76"", ""TRAIN"": ""58af636cbd5592bdda45ba638629e40f17c08354aa545a61fd41b92582bdd176""}",0.5887500088532164,0.7308032066012575,0.8807846410684474,0.765,35687936,"{""cluster_contrast"": 4.784265518188477, ""entropy"": -3.5772939324378967, ""instance"": 11.186695575714111, ""kmeans"": 0.6613695174455643, ""reconstruction"": 0.01447225664742291, ""total"": 13.06950855255127}","{""assignment_change_fraction"": 0.0, ""center_displacements"": [5.56988270545844e-05, 3.848122287308797e-05, 7.246783206937835e-05, 4.8065183364087716e-05, 6.483234028564766e-05, 3.0407882150029764e-05], ""center_norms"": [10.974365234375, 10.9352388381958, 5.113163948059082, 11.290206909179688, 8.479809761047363, 11.674277305603027], ""complete_collapse"": false, ""counts"": [69, 148, 122, 131, 78, 52], ""cumulative_hard_use"": [138, 296, 244, 262, 156, 104], ""dead_center_duration"": [0, 0, 0, 0, 0, 0], ""effective_cluster_count"": 5.625516401480096, ""hard_entropy"": 1.727312748584262, ""maximum_cluster_fraction"": 0.24666666666666667, ""mean_nearest_squared_distance"": 155.35617065429688, ""minimum_center_separation"": 6.827828884124756, ""minimum_cluster_size"": 52, ""minimum_positive_size"": 52, ""near_collapse"": false, ""normalized_hard_entropy"": 0.9640316003623196, ""occupied_clusters"": 6, ""rbf_marginal_entropy"": 1.7256993055343628, ""rbf_mean_row_entropy"": 0.005262842867523432, ""s0_marginal_entropy"": 1.7886581420898438, ""s0_mean_row_entropy"": 1.6914043426513672, ""utilization"": 1.0}","{""assignment_change_fraction"": 0.0033333333333333335, ""center_displacements"": [0.0001564394769957289, 9.994004358304664e-05, 5.768629853264429e-05, 9.241914813173935e-05, 0.0001630057959118858, 0.00010207683953922242], ""center_norms"": [6.853796005249023, 9.615713119506836, 10.596577644348145, 10.846654891967773, 9.074323654174805, 6.004059314727783], ""complete_collapse"": false, ""counts"": [118, 57, 102, 127, 75, 121], ""cumulative_hard_use"": [238, 114, 204, 254, 149, 241], ""dead_center_duration"": [0, 0, 0, 0, 0, 0], ""effective_cluster_count"": 5.790216731066706, ""hard_entropy"": 1.756169722847507, ""maximum_cluster_fraction"": 0.21166666666666667, ""mean_nearest_squared_distance"": 182.45883178710938, ""minimum_center_separation"": 8.087920188903809, ""minimum_cluster_size"": 57, ""minimum_positive_size"": 57, ""near_collapse"": false, ""normalized_hard_entropy"": 0.9801369843487524, ""occupied_clusters"": 6, ""rbf_marginal_entropy"": 1.7556002140045166, ""rbf_mean_row_entropy"": 0.023711636662483215, ""s0_marginal_entropy"": 1.790098786354065, ""s0_mean_row_entropy"": 1.6914043426513672, ""utilization"": 1.0}"
2,SyntheticControl,LoSTer-Legacy-Clean,2,COMPLETE,a247dffdea50e236b171392b8c9336ecd4cc5727,f9dc3b3a9a5b0d56fa58cb3b6d760402819a1c11a312250a2a88f1e2b3021ec6,2026-10-05T22:24:10.641940+00:00,2026-10-05T22:27:50.938595+00:00,220.29018680000001,cuda,NVIDIA GeForce GTX 1080,4,assignment-change,2.74625,G:\Articoli\Articoli da Completare\LoSTer 2026\pilot\artifacts\SyntheticControl\LoSTer-Legacy-Clean\seed-2\complete.pt,9652c5f913f6fcdbf37ec4cf15a652395acdf5fae43119115ab1fe738213d4f4,G:\Articoli\Articoli da Completare\LoSTer 2026\pilot\runs\SyntheticControl\LoSTer-Legacy-Clean\seed-2\predictions.npy,G:\Articoli\Articoli da Completare\LoSTer 2026\pilot\artifacts\SyntheticControl\LoSTer-Legacy-Clean\seed-2\manifest.json,"{""TEST"": ""cd44464b200820913f928a952af78d512ee3924f6243053d28a6d45c0aacdb76"", ""TRAIN"": ""58af636cbd5592bdda45ba638629e40f17c08354aa545a61fd41b92582bdd176""}",0.4841220649512891,0.6414352398259258,0.8457095158597663,0.6133333333333333,35687936,"{""cluster_contrast"": 4.716887831687927, ""entropy"": -3.575989246368408, ""instance"": 11.189220428466797, ""kmeans"": 0.6583836078643799, ""reconstruction"": 0.014595365151762962, ""total"": 13.003097772598267}","{""assignment_change_fraction"": 0.0, ""center_displacements"": [0.0002390870067756623, 8.685572538524866e-05, 8.542539580957964e-05, 0.00023504431010223925, 1.4312374332803302e-05, 0.0001424246293026954], ""center_norms"": [8.13672924041748, 9.61181640625, 10.558502197265625, 6.510228633880615, 11.596013069152832, 11.192633628845215], ""complete_collapse"": false, ""counts"": [85, 57, 161, 112, 36, 149], ""cumulative_hard_use"": [341, 230, 642, 448, 144, 595], ""dead_center_duration"": [0, 0, 0, 0, 0, 0], ""effective_cluster_count"": 5.373662794118592, ""hard_entropy"": 1.681509760572665, ""maximum_cluster_fraction"": 0.2683333333333333, ""mean_nearest_squared_distance"": 156.65914916992188, ""minimum_center_separation"": 6.957907199859619, ""minimum_cluster_size"": 36, ""minimum_positive_size"": 36, ""near_collapse"": false, ""normalized_hard_entropy"": 0.9384684660252478, ""occupied_clusters"": 6, ""rbf_marginal_entropy"": 1.681342601776123, ""rbf_mean_row_entropy"": 0.0074683502316474915, ""s0_marginal_entropy"": 1.7866098880767822, ""s0_mean_row_entropy"": 1.6914043426513672, ""utilization"": 1.0}","{""assignment_change_fraction"": 0.006666666666666667, ""center_displacements"": [0.00013387345825321972, 0.00015945560880936682, 0.000267293507931754, 0.00026065262500196695, 0.00025205741985701025, 0.00013637272058986127], ""center_norms"": [10.384540557861328, 10.823451042175293, 8.980741500854492, 7.197380542755127, 6.005483150482178, 10.141862869262695], ""complete_collapse"": false, ""counts"": [134, 84, 85, 85, 135, 77], ""cumulative_hard_use"": [531, 342, 340, 332, 550, 305], ""dead_center_duration"": [0, 0, 0, 0, 0, 0], ""effective_cluster_count"": 5.829151043200223, ""hard_entropy"": 1.76287137109692, ""maximum_cluster_fraction"": 0.225, ""mean_nearest_squared_distance"": 181.1878662109375, ""minimum_center_separation"": 8.229168891906738, ""minimum_cluster_size"": 77, ""minimum_positive_size"": 77, ""near_collapse"": false, ""normalized_hard_entropy"": 0.9838772454521583, ""occupied_clusters"": 6, ""rbf_marginal_entropy"": 1.76295006275177, ""rbf_mean_row_entropy"": 0.026451747864484787, ""s0_marginal_entropy"": 1.7902830839157104, ""s0_mean_row_entropy"": 1.6914043426513672, ""utilization"": 1.0}"
3,SyntheticControl,LoSTer-Legacy-Clean,3,COMPLETE,a247dffdea50e236b171392b8c9336ecd4cc5727,7229482895a67f2b9de811b298b7140d1d212948b19c44bc0b851ad85e5e78ba,2026-10-05T22:27:52.894340+00:00,2026-10-05T22:31:43.194992+00:00,230.28234250000003,cuda,NVIDIA GeForce GTX 1080,6,assignment-change,1.1602906250000002,G:\Articoli\Articoli da Completare\LoSTer 2026\pilot\artifacts\SyntheticControl\LoSTer-Legacy-Clean\seed-3\complete.pt,54abfb941c2cd73c9255a9e74947faf9902576a6e83d96c4fb6724b30174408d,G:\Articoli\Articoli da Completare\LoSTer 2026\pilot\runs\SyntheticControl\LoSTer-Legacy-Clean\seed-3\predictions.npy,G:\Articoli\Articoli da Completare\LoSTer 2026\pilot\artifacts\SyntheticControl\LoSTer-Legacy-Clean\seed-3\manifest.json,"{""TEST"": ""cd44464b200820913f928a952af78d512ee3924f6243053d28a6d45c0aacdb76"", ""TRAIN"": ""58af636cbd5592bdda45ba638629e40f17c08354aa545a61fd41b92582bdd176""}",0.6092492058996253,0.7899673602876855,0.8674624373956594,0.5616666666666666,35687936,"{""cluster_contrast"": 4.7527806758880615, ""entropy"": -3.567301630973816, ""instance"": 11.173986673355103, ""kmeans"": 0.6435609757900238, ""reconstruction"": 0.0165521539747715, ""total"": 13.0195791721344}","{""assignment_change_fraction"": 0.0, ""center_displacements"": [1.4780197489017155e-05, 1.4450864000536967e-05, 5.436394076241413e-06, 8.051154622989998e-07, 5.957950293122849e-07, 5.748860985477222e-06], ""center_norms"": [3.6585922241210938, 12.123120307922363, 10.436347961425781, 11.981642723083496, 12.881365776062012, 10.764117240905762], ""complete_collapse"": false, ""counts"": [104, 37, 200, 34, 25, 200], ""cumulative_hard_use"": [618, 230, 1200, 202, 150, 1200], ""dead_center_duration"": [0, 0, 0, 0, 0, 0], ""effective_cluster_count"": 4.495469572368656, ""hard_entropy"": 1.503070127955466, ""maximum_cluster_fraction"": 0.3333333333333333, ""mean_nearest_squared_distance"": 145.87393188476562, ""minimum_center_separation"": 9.936185836791992, ""minimum_cluster_size"": 25, ""minimum_positive_size"": 25, ""near_collapse"": false, ""normalized_hard_entropy"": 0.8388794108636884, ""occupied_clusters"": 6, ""rbf_marginal_entropy"": 1.5039000511169434, ""rbf_mean_row_entropy"": 0.0015495570842176676, ""s0_marginal_entropy"": 1.7779645919799805, ""s0_mean_row_entropy"": 1.6914043426513672, ""utilization"": 1.0}","{""assignment_change_fraction"": 0.0016666666666666668, ""center_displacements"": [5.209326991462149e-05, 1.230229827342555e-05, 2.9537723094108514e-05, 2.991065412061289e-05, 2.2576026822207496e-05, 3.2412699511041865e-05], ""center_norms"": [7.017974853515625, 11.22815227508545, 7.447518348693848, 9.432220458984375, 7.271470069885254, 10.864646911621094], ""complete_collapse"": false, ""counts"": [118, 129, 86, 65, 97, 105], ""cumulative_hard_use"": [699, 768, 528, 387, 591, 627], ""dead_center_duration"": [0, 0, 0, 0, 0, 0], ""effective_cluster_count"": 5.865761290377933, ""hard_entropy"": 1.7691322759628292, ""maximum_cluster_fraction"": 0.215, ""mean_nearest_squared_distance"": 180.69725036621094, ""minimum_center_separation"": 8.706534385681152, ""minimum_cluster_size"": 65, ""minimum_positive_size"": 65, ""near_collapse"": false, ""normalized_hard_entropy"": 0.9873715229896487, ""occupied_clusters"": 6, ""rbf_marginal_entropy"": 1.7682290077209473, ""rbf_mean_row_entropy"": 0.02622121572494507, ""s0_marginal_entropy"": 1.7906718254089355, ""s0_mean_row_entropy"": 1.6914043426513672, ""utilization"": 1.0}"
4,SyntheticControl,LoSTer-Legacy-Clean,4,COMPLETE,a247dffdea50e236b171392b8c9336ecd4cc5727,0e8d9c14059568e0a2d8296e62c5d2e2a9a4619ea02464a16d12b670fc8a4422,2026-10-05T22:31:45.095966+00:00,2026-10-05T22:35:15.346228+00:00,210.2437225000001,cuda,NVIDIA GeForce GTX 1080,2,assignment-change,6.5,G:\Articoli\Articoli da Completare\LoSTer 2026\pilot\artifacts\SyntheticControl\LoSTer-Legacy-Clean\seed-4\complete.pt,56fdfd7204b5e1de20c54e3037161f87feace1045ee556d1f6f0235447af5e57,G:\Articoli\Articoli da Completare\LoSTer 2026\pilot\runs\SyntheticControl\LoSTer-Legacy-Clean\seed-4\predictions.npy,G:\Articoli\Articoli da Completare\LoSTer 2026\pilot\artifacts\SyntheticControl\LoSTer-Legacy-Clean\seed-4\manifest.json,"{""TEST"": ""cd44464b200820913f928a952af78d512ee3924f6243053d28a6d45c0aacdb76"", ""TRAIN"": ""58af636cbd5592bdda45ba638629e40f17c08354aa545a61fd41b92582bdd176""}",0.5714734657548055,0.7450677198108467,0.8678964941569283,0.725,35687936,"{""cluster_contrast"": 4.751368761062622, ""entropy"": -3.57353138923645, ""instance"": 11.184165239334106, ""kmeans"": 0.6614701449871063, ""reconstruction"": 0.014799350872635841, ""total"": 13.038272142410278}","{""assignment_change_fraction"": 0.0, ""center_displacements"": [5.2042487368453294e-05, 4.686455940827727e-05, 7.5933248808723874e-06, 5.3941152145853266e-05, 4.8214515118161216e-05, 2.9879132853238843e-05], ""center_norms"": [11.277680397033691, 11.233121871948242, 12.275935173034668, 11.093827247619629, 11.370851516723633, 5.0676493644714355], ""complete_collapse"": false, ""counts"": [55, 148, 34, 145, 52, 166], ""cumulative_hard_use"": [110, 296, 68, 290, 104, 332], ""dead_center_duration"": [0, 0, 0, 0, 0, 0], ""effective_cluster_count"": 5.143066984820776, ""hard_entropy"": 1.637649591172433, ""maximum_cluster_fraction"": 0.27666666666666667, ""mean_nearest_squared_distance"": 153.73373413085938, ""minimum_center_separation"": 6.88757848739624, ""minimum_cluster_size"": 34, ""minimum_positive_size"": 34, ""near_collapse"": false, ""normalized_hard_entropy"": 0.9139896394006405, ""occupied_clusters"": 6, ""rbf_marginal_entropy"": 1.6369024515151978, ""rbf_mean_row_entropy"": 0.002149912528693676, ""s0_marginal_entropy"": 1.784565806388855, ""s0_mean_row_entropy"": 1.6914043426513672, ""utilization"": 1.0}","{""assignment_change_fraction"": 0.005, ""center_displacements"": [0.0001020077324938029, 0.00010711093636928126, 0.00013083091471344233, 0.00012690752919297665, 0.00010221971751889214, 0.0002339001657674089], ""center_norms"": [11.026613235473633, 8.542389869689941, 6.311657428741455, 8.918537139892578, 10.875387191772461, 7.271524429321289], ""complete_collapse"": false, ""counts"": [107, 85, 102, 75, 127, 104], ""cumulative_hard_use"": [213, 169, 205, 151, 254, 208], ""dead_center_duration"": [0, 0, 0, 0, 0, 0], ""effective_cluster_count"": 5.9175400876065885, ""hard_entropy"": 1.7779208367990402, ""maximum_cluster_fraction"": 0.21166666666666667, ""mean_nearest_squared_distance"": 181.90260314941406, ""minimum_center_separation"": 7.847183704376221, ""minimum_cluster_size"": 75, ""minimum_positive_size"": 75, ""near_collapse"": false, ""normalized_hard_entropy"": 0.9922765121844301, ""occupied_clusters"": 6, ""rbf_marginal_entropy"": 1.7780816555023193, ""rbf_mean_row_entropy"": 0.023695971816778183, ""s0_marginal_entropy"": 1.791078805923462, ""s0_mean_row_entropy"": 1.6914043426513672, ""utilization"": 1.0}"
5,SyntheticControl,LoSTer-NoResoftmax,0,COMPLETE,a247dffdea50e236b171392b8c9336ecd4cc5727,4e8c6c5a14540003a0787bb43e68aa8a22222deed21011be7dbf7e8f83580558,2026-10-05T22:35:17.208924+00:00,2026-10-05T22:35:47.306930+00:00,30.092476599999827,cuda,NVIDIA GeForce GTX 1080,11,assignment-change,0.1346274334462891,G:\Articoli\Articoli da Completare\LoSTer 2026\pilot\artifacts\SyntheticControl\LoSTer-NoResoftmax\seed-0\complete.pt,83f30c8de4913c8efea20081bf5892625294b8733522ceb2b8ab08b0a4752af6,G:\Articoli\Articoli da Completare\LoSTer 2026\pilot\runs\SyntheticControl\LoSTer-NoResoftmax\seed-0\predictions.npy,G:\Articoli\Articoli da Completare\LoSTer 2026\pilot\artifacts\SyntheticControl\LoSTer-NoResoftmax\seed-0\manifest.json,"{""TEST"": ""cd44464b200820913f928a952af78d512ee3924f6243053d28a6d45c0aacdb76"", ""TRAIN"": ""58af636cbd5592bdda45ba638629e40f17c08354aa545a61fd41b92582bdd176""}",0.5333387899980795,0.6880231949342851,0.869276572064552,0.715,35543552,"{""cluster_contrast"": 4.581006169319153, ""entropy"": -3.507009506225586, ""instance"": 11.171762704849243, ""kmeans"": 0.6537245362997055, ""reconstruction"": 0.018978536128997803, ""total"": 12.91846251487732}","{""assignment_change_fraction"": 0.0, ""center_displacements"": [2.804196697070438e-07, 1.4883390576869715e-05, 1.9384168581382255e-07, 3.01522527479392e-06, 2.867642479031929e-06, 1.525825064163655e-05], ""center_norms"": [4.916332244873047, 10.666555404663086, 9.320011138916016, 11.017857551574707, 11.239883422851562, 11.99649429321289], ""complete_collapse"": false, ""counts"": [133, 106, 67, 98, 102, 94], ""cumulative_hard_use"": [1466, 1271, 737, 1073, 1127, 926], ""dead_center_duration"": [0, 0, 0, 0, 0, 0], ""effective_cluster_count"": 5.886124297114909, ""hard_entropy"": 1.7725977670050477, ""maximum_cluster_fraction"": 0.22166666666666668, ""mean_nearest_squared_distance"": 151.92543029785156, ""minimum_center_separation"": 6.517088890075684, ""minimum_cluster_size"": 67, ""minimum_positive_size"": 67, ""near_collapse"": false, ""normalized_hard_entropy"": 0.989305650366529, ""occupied_clusters"": 6, ""rbf_marginal_entropy"": 1.7725415229797363, ""rbf_mean_row_entropy"": 0.022895529866218567, ""s0_marginal_entropy"": 1.7908259630203247, ""s0_mean_row_entropy"": 1.6914043426513672, ""utilization"": 1.0}","{""assignment_change_fraction"": 0.0, ""center_displacements"": [2.5267583623644896e-05, 2.562020017649047e-05, 5.902016368963814e-07, 2.5903900677803904e-05, 4.3594496901278035e-07, 2.5495535737718455e-05], ""center_norms"": [6.679874897003174, 7.750962257385254, 11.141313552856445, 10.692719459533691, 8.118613243103027, 7.278892993927002], ""complete_collapse"": false, ""counts"": [99, 89, 110, 125, 84, 93], ""cumulative_hard_use"": [1066, 992, 1188, 1370, 935, 1049], ""dead_center_duration"": [0, 0, 0, 0, 0, 0], ""effective_cluster_count"": 5.944103874733604, ""hard_entropy"": 1.7823997828235973, ""maximum_cluster_fraction"": 0.20833333333333334, ""mean_nearest_squared_distance"": 182.97486877441406, ""minimum_center_separation"": 7.927746295928955, ""minimum_cluster_size"": 84, ""minimum_positive_size"": 84, ""near_collapse"": false, ""normalized_hard_entropy"": 0.994776259556485, ""occupied_clusters"": 6, ""rbf_marginal_entropy"": 1.782690405845642, ""rbf_mean_row_entropy"": 0.015572896227240562, ""s0_marginal_entropy"": 1.791286826133728, ""s0_mean_row_entropy"": 1.6914043426513672, ""utilization"": 1.0}"
6,SyntheticControl,LoSTer-NoResoftmax,1,COMPLETE,a247dffdea50e236b171392b8c9336ecd4cc5727,0912c056ba900598f36046eaa2ca6d26dd96c5a1ee05b3cdec48d04165e0eeee,2026-10-05T22:35:49.224702+00:00,2026-10-05T22:36:19.322510+00:00,30.091651599999977,cuda,NVIDIA GeForce GTX 1080,11,assignment-change,0.1346274334462891,G:\Articoli\Articoli da Completare\LoSTer 2026\pilot\artifacts\SyntheticControl\LoSTer-NoResoftmax\seed-1\complete.pt,f71f583c61a587c3f22620fcbc8212602f03154e7b8c5bc4638be0e0315bfa04,G:\Articoli\Articoli da Completare\LoSTer 2026\pilot\runs\SyntheticControl\LoSTer-NoResoftmax\seed-1\predictions.npy,G:\Articoli\Articoli da Completare\LoSTer 2026\pilot\artifacts\SyntheticControl\LoSTer-NoResoftmax\seed-1\manifest.json,"{""TEST"": ""cd44464b200820913f928a952af78d512ee3924f6243053d28a6d45c0aacdb76"", ""TRAIN"": ""58af636cbd5592bdda45ba638629e40f17c08354aa545a61fd41b92582bdd176""}",0.5164145149838256,0.673587149934253,0.8647968836950473,0.7133333333333334,35543552,"{""cluster_contrast"": 4.713357090950012, ""entropy"": -3.5318145751953125, ""instance"": 11.18009066581726, ""kmeans"": 0.6491787284612656, ""reconstruction"": 0.01923289755359292, ""total"": 13.030044317245483}","{""assignment_change_fraction"": 0.0, ""center_displacements"": [3.623116572271101e-05, 5.960382623015903e-07, 2.7576095362746855e-07, 3.678039138321765e-05, 1.8172367788338306e-07, 5.658750978909666e-07], ""center_norms"": [10.973898887634277, 10.935336112976074, 5.113552093505859, 11.290589332580566, 8.479347229003906, 11.673882484436035], ""complete_collapse"": false, ""counts"": [90, 120, 122, 110, 78, 80], ""cumulative_hard_use"": [968, 1383, 1342, 1232, 858, 817], ""dead_center_duration"": [0, 0, 0, 0, 0, 0], ""effective_cluster_count"": 5.90172773524904, ""hard_entropy"": 1.7752451445263278, ""maximum_cluster_fraction"": 0.20333333333333334, ""mean_nearest_squared_distance"": 152.71279907226562, ""minimum_center_separation"": 6.827447891235352, ""minimum_cluster_size"": 78, ""minimum_positive_size"": 78, ""near_collapse"": false, ""normalized_hard_entropy"": 0.9907831798936483, ""occupied_clusters"": 6, ""rbf_marginal_entropy"": 1.7762507200241089, ""rbf_mean_row_entropy"": 0.01422260981053114, ""s0_marginal_entropy"": 1.790946364402771, ""s0_mean_row_entropy"": 1.6914043426513672, ""utilization"": 1.0}","{""assignment_change_fraction"": 0.0, ""center_displacements"": [8.28696101962123e-06, 7.116249776117911e-07, 6.809630122006638e-07, 3.914599915333383e-07, 8.849181654113636e-07, 8.375219294975977e-06], ""center_norms"": [6.854694366455078, 9.615165710449219, 10.596348762512207, 10.846768379211426, 9.072665214538574, 6.0045647621154785], ""complete_collapse"": false, ""counts"": [107, 73, 107, 116, 90, 107], ""cumulative_hard_use"": [1196, 798, 1154, 1275, 967, 1210], ""dead_center_duration"": [0, 0, 0, 0, 0, 0], ""effective_cluster_count"": 5.9355603767932745, ""hard_entropy"": 1.7809614426092018, ""maximum_cluster_fraction"": 0.19333333333333333, ""mean_nearest_squared_distance"": 179.5788116455078, ""minimum_center_separation"": 8.089259147644043, ""minimum_cluster_size"": 73, ""minimum_positive_size"": 73, ""near_collapse"": false, ""normalized_hard_entropy"": 0.9939735065982348, ""occupied_clusters"": 6, ""rbf_marginal_entropy"": 1.781353235244751, ""rbf_mean_row_entropy"": 0.01576978899538517, ""s0_marginal_entropy"": 1.791245698928833, ""s0_mean_row_entropy"": 1.6914043426513672, ""utilization"": 1.0}"
7,SyntheticControl,LoSTer-NoResoftmax,2,COMPLETE,a247dffdea50e236b171392b8c9336ecd4cc5727,306db30ad24dbedcb1c98724d9f59d8838f7234219076bab695852e35026885f,2026-10-05T22:36:21.169029+00:00,2026-10-05T22:36:51.258974+00:00,30.082659299999932,cuda,NVIDIA GeForce GTX 1080,11,assignment-change,0.1346274334462891,G:\Articoli\Articoli da Completare\LoSTer 2026\pilot\artifacts\SyntheticControl\LoSTer-NoResoftmax\seed-2\complete.pt,1c26433a6130b3fb4b14c8561314f3836ffef767c84fe3c849a528f9770b5827,G:\Articoli\Articoli da Completare\LoSTer 2026\pilot\runs\SyntheticControl\LoSTer-NoResoftmax\seed-2\predictions.npy,G:\Articoli\Articoli da Completare\LoSTer 2026\pilot\artifacts\SyntheticControl\LoSTer-NoResoftmax\seed-2\manifest.json,"{""TEST"": ""cd44464b200820913f928a952af78d512ee3924f6243053d28a6d45c0aacdb76"", ""TRAIN"": ""58af636cbd5592bdda45ba638629e40f17c08354aa545a61fd41b92582bdd176""}",0.3959049213774426,0.589001597683014,0.8270061213133,0.5483333333333333,35543552,"{""cluster_contrast"": 4.33419144153595, ""entropy"": -3.471993327140808, ""instance"": 11.178434610366821, ""kmeans"": 0.6737261563539505, ""reconstruction"": 0.019654587376862764, ""total"": 12.734013795852661}","{""assignment_change_fraction"": 0.0, ""center_displacements"": [1.1140497008454986e-05, 2.176402176701231e-06, 2.1266162093525054e-06, 4.864734819420846e-07, 9.713587445503435e-08, 1.0544865290285088e-05], ""center_norms"": [8.13801097869873, 9.611703872680664, 10.558876991271973, 6.509002685546875, 11.59655475616455, 11.192824363708496], ""complete_collapse"": false, ""counts"": [104, 113, 103, 122, 34, 124], ""cumulative_hard_use"": [1148, 1166, 1215, 1313, 381, 1377], ""dead_center_duration"": [0, 0, 0, 0, 0, 0], ""effective_cluster_count"": 5.658237708510001, ""hard_entropy"": 1.7331124848123445, ""maximum_cluster_fraction"": 0.20666666666666667, ""mean_nearest_squared_distance"": 162.41802978515625, ""minimum_center_separation"": 6.957436561584473, ""minimum_cluster_size"": 34, ""minimum_positive_size"": 34, ""near_collapse"": false, ""normalized_hard_entropy"": 0.9672684947824066, ""occupied_clusters"": 6, ""rbf_marginal_entropy"": 1.7334141731262207, ""rbf_mean_row_entropy"": 0.023656515404582024, ""s0_marginal_entropy"": 1.7893550395965576, ""s0_mean_row_entropy"": 1.6914043426513672, ""utilization"": 1.0}","{""assignment_change_fraction"": 0.0, ""center_displacements"": [8.425015948887449e-06, 3.1584672797180247e-06, 3.5784501960733905e-05, 2.856225546565838e-05, 2.4362348995055072e-05, 3.1317979392042616e-06], ""center_norms"": [10.384102821350098, 10.823453903198242, 8.980676651000977, 7.195774555206299, 6.006518840789795, 10.141190528869629], ""complete_collapse"": false, ""counts"": [128, 81, 97, 94, 111, 89], ""cumulative_hard_use"": [1381, 895, 1056, 1032, 1270, 966], ""dead_center_duration"": [0, 0, 0, 0, 0, 0], ""effective_cluster_count"": 5.930690354581801, ""hard_entropy"": 1.7801406235324522, ""maximum_cluster_fraction"": 0.21333333333333335, ""mean_nearest_squared_distance"": 179.81866455078125, ""minimum_center_separation"": 8.22921085357666, ""minimum_cluster_size"": 81, ""minimum_positive_size"": 81, ""near_collapse"": false, ""normalized_hard_entropy"": 0.9935153987490248, ""occupied_clusters"": 6, ""rbf_marginal_entropy"": 1.7802850008010864, ""rbf_mean_row_entropy"": 0.023006467148661613, ""s0_marginal_entropy"": 1.7911723852157593, ""s0_mean_row_entropy"": 1.6914043426513672, ""utilization"": 1.0}"
8,SyntheticControl,LoSTer-NoResoftmax,3,COMPLETE,a247dffdea50e236b171392b8c9336ecd4cc5727,03fcbd37cb415560f681ac7dd7c36a07b71a32083510c2c169dc669bb5a78f4e,2026-10-05T22:36:53.161174+00:00,2026-10-05T22:37:03.230034+00:00,10.067269800000076,cuda,NVIDIA GeForce GTX 1080,2,assignment-change,6.5,G:\Articoli\Articoli da Completare\LoSTer 2026\pilot\artifacts\SyntheticControl\LoSTer-NoResoftmax\seed-3\complete.pt,731690bdc331580304b9554c95f8a0654ea34d546822f495e2a18f6290f61143,G:\Articoli\Articoli da Completare\LoSTer 2026\pilot\runs\SyntheticControl\LoSTer-NoResoftmax\seed-3\predictions.npy,G:\Articoli\Articoli da Completare\LoSTer 2026\pilot\artifacts\SyntheticControl\LoSTer-NoResoftmax\seed-3\manifest.json,"{""TEST"": ""cd44464b200820913f928a952af78d512ee3924f6243053d28a6d45c0aacdb76"", ""TRAIN"": ""58af636cbd5592bdda45ba638629e40f17c08354aa545a61fd41b92582bdd176""}",0.6131265429890072,0.7963575560336768,0.8689649415692822,0.565,35543552,"{""cluster_contrast"": 4.669261693954468, ""entropy"": -3.240360975265503, ""instance"": 11.183815956115723, ""kmeans"": 0.6559180021286011, ""reconstruction"": 0.015839495230466127, ""total"": 13.28447437286377}","{""assignment_change_fraction"": 0.0, ""center_displacements"": [0.00021154432033654302, 0.0004032840661238879, 8.399594662478194e-05, 0.00030534734833054245, 1.7623984604142606e-05, 3.094596104347147e-05], ""center_norms"": [3.658571481704712, 12.123031616210938, 10.436321258544922, 11.981569290161133, 12.881311416625977, 10.764060974121094], ""complete_collapse"": false, ""counts"": [102, 39, 200, 34, 25, 200], ""cumulative_hard_use"": [204, 78, 400, 68, 50, 400], ""dead_center_duration"": [0, 0, 0, 0, 0, 0], ""effective_cluster_count"": 4.510438015849658, ""hard_entropy"": 1.5063942698296113, ""maximum_cluster_fraction"": 0.3333333333333333, ""mean_nearest_squared_distance"": 151.14154052734375, ""minimum_center_separation"": 9.935991287231445, ""minimum_cluster_size"": 25, ""minimum_positive_size"": 25, ""near_collapse"": false, ""normalized_hard_entropy"": 0.840734649767813, ""occupied_clusters"": 6, ""rbf_marginal_entropy"": 1.5064232349395752, ""rbf_mean_row_entropy"": 0.00017522652342449874, ""s0_marginal_entropy"": 1.7780797481536865, ""s0_mean_row_entropy"": 1.6914043426513672, ""utilization"": 1.0}","{""assignment_change_fraction"": 0.03166666666666667, ""center_displacements"": [0.0010794566478580236, 0.00029874485335312784, 0.0008050255128182471, 0.0006276039057411253, 0.001243066624738276, 0.00033846241421997547], ""center_norms"": [7.018442153930664, 11.22834300994873, 7.447570323944092, 9.4319429397583, 7.271325588226318, 10.86468505859375], ""complete_collapse"": false, ""counts"": [114, 124, 89, 71, 100, 102], ""cumulative_hard_use"": [227, 249, 182, 136, 199, 207], ""dead_center_duration"": [0, 0, 0, 0, 0, 0], ""effective_cluster_count"": 5.911237321980581, ""hard_entropy"": 1.7768551702463202, ""maximum_cluster_fraction"": 0.20666666666666667, ""mean_nearest_squared_distance"": 182.44227600097656, ""minimum_center_separation"": 8.70639705657959, ""minimum_cluster_size"": 71, ""minimum_positive_size"": 71, ""near_collapse"": false, ""normalized_hard_entropy"": 0.991681752356997, ""occupied_clusters"": 6, ""rbf_marginal_entropy"": 1.7769979238510132, ""rbf_mean_row_entropy"": 0.026457546278834343, ""s0_marginal_entropy"": 1.7910382747650146, ""s0_mean_row_entropy"": 1.6914043426513672, ""utilization"": 1.0}"
9,SyntheticControl,LoSTer-NoResoftmax,4,COMPLETE,a247dffdea50e236b171392b8c9336ecd4cc5727,4c10c60ea7c90edde75f83eaf4bcf99bc9e74b96af2438af2b3640a565a0ed7b,2026-10-05T22:37:05.096074+00:00,2026-10-05T22:37:35.183770+00:00,30.08218779999993,cuda,NVIDIA GeForce GTX 1080,10,assignment-change,0.2071191283789063,G:\Articoli\Articoli da Completare\LoSTer 2026\pilot\artifacts\SyntheticControl\LoSTer-NoResoftmax\seed-4\complete.pt,36b4cecb53985207addefb6c2c9d8cfc9d5edba27bfbf4d050a87487229538d9,G:\Articoli\Articoli da Completare\LoSTer 2026\pilot\runs\SyntheticControl\LoSTer-NoResoftmax\seed-4\predictions.npy,G:\Articoli\Articoli da Completare\LoSTer 2026\pilot\artifacts\SyntheticControl\LoSTer-NoResoftmax\seed-4\manifest.json,"{""TEST"": ""cd44464b200820913f928a952af78d512ee3924f6243053d28a6d45c0aacdb76"", ""TRAIN"": ""58af636cbd5592bdda45ba638629e40f17c08354aa545a61fd41b92582bdd176""}",0.5124663922659566,0.6857061089637092,0.8564607679465777,0.6866666666666666,35543552,"{""cluster_contrast"": 4.482996225357056, ""entropy"": -3.4665634632110596, ""instance"": 11.175058603286743, ""kmeans"": 0.6591506898403168, ""reconstruction"": 0.021010321099311113, ""total"": 12.871652126312256}","{""assignment_change_fraction"": 0.0, ""center_displacements"": [2.6312845875509083e-05, 1.0065077731269412e-05, 1.1709147429428413e-06, 2.4474760721204802e-05, 9.636049071559682e-06, 3.962449682148872e-06], ""center_norms"": [11.277138710021973, 11.233370780944824, 12.27590274810791, 11.0940523147583, 11.370382308959961, 5.067624092102051], ""complete_collapse"": false, ""counts"": [87, 121, 34, 113, 79, 166], ""cumulative_hard_use"": [887, 1329, 340, 1113, 671, 1660], ""dead_center_duration"": [0, 0, 0, 0, 0, 0], ""effective_cluster_count"": 5.4873356443846415, ""hard_entropy"": 1.7024428270433476, ""maximum_cluster_fraction"": 0.27666666666666667, ""mean_nearest_squared_distance"": 154.5886688232422, ""minimum_center_separation"": 6.886727809906006, ""minimum_cluster_size"": 34, ""minimum_positive_size"": 34, ""near_collapse"": false, ""normalized_hard_entropy"": 0.9501514328688394, ""occupied_clusters"": 6, ""rbf_marginal_entropy"": 1.7017236948013306, ""rbf_mean_row_entropy"": 0.01755807362496853, ""s0_marginal_entropy"": 1.7876440286636353, ""s0_mean_row_entropy"": 1.6914043426513672, ""utilization"": 1.0}","{""assignment_change_fraction"": 0.006666666666666667, ""center_displacements"": [0.00026523132692091167, 5.331413558451459e-05, 0.00014889429439790547, 0.0002719761396292597, 0.00013125943951308727, 7.914020898169838e-06], ""center_norms"": [11.026738166809082, 8.542680740356445, 6.313029766082764, 8.918584823608398, 10.875781059265137, 7.268805980682373], ""complete_collapse"": false, ""counts"": [105, 99, 82, 77, 114, 123], ""cumulative_hard_use"": [1023, 952, 876, 800, 1169, 1180], ""dead_center_duration"": [0, 0, 0, 0, 0, 0], ""effective_cluster_count"": 5.919249463371256, ""hard_entropy"": 1.7782096610227351, ""maximum_cluster_fraction"": 0.205, ""mean_nearest_squared_distance"": 182.81149291992188, ""minimum_center_separation"": 7.846759796142578, ""minimum_cluster_size"": 77, ""minimum_positive_size"": 77, ""near_collapse"": false, ""normalized_hard_entropy"": 0.9924377080528797, ""occupied_clusters"": 6, ""rbf_marginal_entropy"": 1.7792167663574219, ""rbf_mean_row_entropy"": 0.023335888981819153, ""s0_marginal_entropy"": 1.7910958528518677, ""s0_mean_row_entropy"": 1.6914043426513672, ""utilization"": 1.0}"
10,SyntheticControl,LoSTer-AlignedInit,0,COMPLETE,a247dffdea50e236b171392b8c9336ecd4cc5727,920c8dbd77e0f58b88e8dd4adb205dd9660f85cd399a844a5b9591b6ecf279fa,2026-10-05T22:37:37.073496+00:00,2026-10-05T22:37:47.171562+00:00,10.09140820000016,cuda,NVIDIA GeForce GTX 1080,2,assignment-change,6.5,G:\Articoli\Articoli da Completare\LoSTer 2026\pilot\artifacts\SyntheticControl\LoSTer-AlignedInit\seed-0\complete.pt,4d6b4aab980e0a876ffdf788da3c90c887046091f1c35192a4a163488da567f8,G:\Articoli\Articoli da Completare\LoSTer 2026\pilot\runs\SyntheticControl\LoSTer-AlignedInit\seed-0\predictions.npy,G:\Articoli\Articoli da Completare\LoSTer 2026\pilot\artifacts\SyntheticControl\LoSTer-AlignedInit\seed-0\manifest.json,"{""TEST"": ""cd44464b200820913f928a952af78d512ee3924f6243053d28a6d45c0aacdb76"", ""TRAIN"": ""58af636cbd5592bdda45ba638629e40f17c08354aa545a61fd41b92582bdd176""}",0.6210803820868749,0.753950008236742,0.889226488592098,0.7883333333333333,35687936,"{""cluster_contrast"": 4.729552507400513, ""entropy"": -3.578044056892395, ""instance"": 11.17533278465271, ""kmeans"": 0.6687109023332596, ""reconstruction"": 0.014900591224431992, ""total"": 13.010452508926392}","{""assignment_change_fraction"": 0.0, ""center_displacements"": [8.148864435497671e-05, 5.936336310696788e-05, 7.114464824553579e-05, 4.9785561714088544e-05, 4.868911855737679e-05, 5.483249333337881e-05], ""center_norms"": [4.916247844696045, 10.66661262512207, 9.320240020751953, 11.01777458190918, 11.240030288696289, 11.997354507446289], ""complete_collapse"": false, ""counts"": [134, 152, 67, 77, 123, 47], ""cumulative_hard_use"": [268, 304, 134, 154, 246, 94], ""dead_center_duration"": [0, 0, 0, 0, 0, 0], ""effective_cluster_count"": 5.558290746606051, ""hard_entropy"": 1.7152906413242053, ""maximum_cluster_fraction"": 0.25333333333333335, ""mean_nearest_squared_distance"": 156.65322875976562, ""minimum_center_separation"": 6.517532825469971, ""minimum_cluster_size"": 47, ""minimum_positive_size"": 47, ""near_collapse"": false, ""normalized_hard_entropy"": 0.9573219345469429, ""occupied_clusters"": 6, ""rbf_marginal_entropy"": 1.7151730060577393, ""rbf_mean_row_entropy"": 0.0032015061005949974, ""s0_marginal_entropy"": 1.7881104946136475, ""s0_mean_row_entropy"": 1.6914043426513672, ""utilization"": 1.0}","{""assignment_change_fraction"": 0.006666666666666667, ""center_displacements"": [0.00025071733398362994, 8.276664448203519e-05, 0.00016921239148359746, 0.00012885523028671741, 0.00010235295485472307, 9.424934251001105e-05], ""center_norms"": [7.277331352233887, 11.140955924987793, 6.6832356452941895, 8.118012428283691, 10.6925048828125, 7.749955654144287], ""complete_collapse"": false, ""counts"": [105, 112, 82, 88, 125, 88], ""cumulative_hard_use"": [210, 223, 164, 177, 249, 177], ""dead_center_duration"": [0, 0, 0, 0, 0, 0], ""effective_cluster_count"": 5.931028748392987, ""hard_entropy"": 1.7801976799857944, ""maximum_cluster_fraction"": 0.20833333333333334, ""mean_nearest_squared_distance"": 183.15830993652344, ""minimum_center_separation"": 7.929093837738037, ""minimum_cluster_size"": 82, ""minimum_positive_size"": 82, ""near_collapse"": false, ""normalized_hard_entropy"": 0.9935472425619485, ""occupied_clusters"": 6, ""rbf_marginal_entropy"": 1.7806304693222046, ""rbf_mean_row_entropy"": 0.023994149640202522, ""s0_marginal_entropy"": 1.7911810874938965, ""s0_mean_row_entropy"": 1.6914043426513672, ""utilization"": 1.0}"
11,SyntheticControl,LoSTer-AlignedInit,1,COMPLETE,a247dffdea50e236b171392b8c9336ecd4cc5727,dbfa92bdd2fd3ed7a84f274d1eee43023b952e899540b9c0c3a859b218b8210b,2026-10-05T22:37:49.061796+00:00,2026-10-05T22:38:09.129416+00:00,20.059856500000024,cuda,NVIDIA GeForce GTX 1080,4,assignment-change,2.74625,G:\Articoli\Articoli da Completare\LoSTer 2026\pilot\artifacts\SyntheticControl\LoSTer-AlignedInit\seed-1\complete.pt,f90e466cde19b520ef62b6035bf82114f2ddc79c40793e4d27e39eb5ef1e64f3,G:\Articoli\Articoli da Completare\LoSTer 2026\pilot\runs\SyntheticControl\LoSTer-AlignedInit\seed-1\predictions.npy,G:\Articoli\Articoli da Completare\LoSTer 2026\pilot\artifacts\SyntheticControl\LoSTer-AlignedInit\seed-1\manifest.json,"{""TEST"": ""cd44464b200820913f928a952af78d512ee3924f6243053d28a6d45c0aacdb76"", ""TRAIN"": ""58af636cbd5592bdda45ba638629e40f17c08354aa545a61fd41b92582bdd176""}",0.5853792830122796,0.7291849562649517,0.8795603784084586,0.7616666666666667,35687936,"{""cluster_contrast"": 4.697909951210022, ""entropy"": -3.57686847448349, ""instance"": 11.183045864105225, ""kmeans"": 0.6541170477867126, ""reconstruction"": 0.015157948480919003, ""total"": 12.973362445831299}","{""assignment_change_fraction"": 0.0, ""center_displacements"": [0.00010345457121729851, 5.2407249313546345e-05, 0.00013185296847950667, 0.00011283744242973626, 0.00012880866415798664, 4.7162808186840266e-05], ""center_norms"": [10.974384307861328, 10.935280799865723, 5.113169193267822, 11.290217399597168, 8.479830741882324, 11.674315452575684], ""complete_collapse"": false, ""counts"": [68, 149, 122, 132, 78, 51], ""cumulative_hard_use"": [274, 594, 489, 526, 311, 206], ""dead_center_duration"": [0, 0, 0, 0, 0, 0], ""effective_cluster_count"": 5.609495317944175, ""hard_entropy"": 1.724460754337087, ""maximum_cluster_fraction"": 0.24833333333333332, ""mean_nearest_squared_distance"": 152.3443145751953, ""minimum_center_separation"": 6.827792644500732, ""minimum_cluster_size"": 51, ""minimum_positive_size"": 51, ""near_collapse"": false, ""normalized_hard_entropy"": 0.962439872066108, ""occupied_clusters"": 6, ""rbf_marginal_entropy"": 1.7234704494476318, ""rbf_mean_row_entropy"": 0.006430760491639376, ""s0_marginal_entropy"": 1.7885257005691528, ""s0_mean_row_entropy"": 1.6914043426513672, ""utilization"": 1.0}","{""assignment_change_fraction"": 0.0016666666666666668, ""center_displacements"": [0.00020892602333333343, 0.000234906590776518, 0.00037677306681871414, 0.00011984931188635528, 0.0003138202882837504, 0.00018380336405243725], ""center_norms"": [9.074675559997559, 10.846630096435547, 6.003556728363037, 10.59654426574707, 6.8539042472839355, 9.61584758758545], ""complete_collapse"": false, ""counts"": [70, 131, 119, 105, 119, 56], ""cumulative_hard_use"": [283, 520, 478, 417, 478, 224], ""dead_center_duration"": [0, 0, 0, 0, 0, 0], ""effective_cluster_count"": 5.760315553097157, ""hard_entropy"": 1.7509922567310494, ""maximum_cluster_fraction"": 0.21833333333333332, ""mean_nearest_squared_distance"": 181.20870971679688, ""minimum_center_separation"": 8.087560653686523, ""minimum_cluster_size"": 56, ""minimum_positive_size"": 56, ""near_collapse"": false, ""normalized_hard_entropy"": 0.9772473854905483, ""occupied_clusters"": 6, ""rbf_marginal_entropy"": 1.7512176036834717, ""rbf_mean_row_entropy"": 0.015806864947080612, ""s0_marginal_entropy"": 1.7898595333099365, ""s0_mean_row_entropy"": 1.6914043426513672, ""utilization"": 1.0}"
12,SyntheticControl,LoSTer-AlignedInit,2,COMPLETE,a247dffdea50e236b171392b8c9336ecd4cc5727,fc6306940fa76ab2fa95fdc60579560b2840f2e7b902574aa77fbf9ccc120d70,2026-10-05T22:38:10.997836+00:00,2026-10-05T22:38:21.073184+00:00,10.068583499999932,cuda,NVIDIA GeForce GTX 1080,2,assignment-change,6.5,G:\Articoli\Articoli da Completare\LoSTer 2026\pilot\artifacts\SyntheticControl\LoSTer-AlignedInit\seed-2\complete.pt,f89fb638902f5934955fae3e9a2f1785a36a0f61660a1f8aed82238aa8b1f2fb,G:\Articoli\Articoli da Completare\LoSTer 2026\pilot\runs\SyntheticControl\LoSTer-AlignedInit\seed-2\predictions.npy,G:\Articoli\Articoli da Completare\LoSTer 2026\pilot\artifacts\SyntheticControl\LoSTer-AlignedInit\seed-2\manifest.json,"{""TEST"": ""cd44464b200820913f928a952af78d512ee3924f6243053d28a6d45c0aacdb76"", ""TRAIN"": ""58af636cbd5592bdda45ba638629e40f17c08354aa545a61fd41b92582bdd176""}",0.48176401459126406,0.6380717088511821,0.8452031163049527,0.6116666666666667,35687936,"{""cluster_contrast"": 4.7142380475997925, ""entropy"": -3.574802279472351, ""instance"": 11.193043947219849, ""kmeans"": 0.6741707921028137, ""reconstruction"": 0.014433500124141574, ""total"": 13.02108359336853}","{""assignment_change_fraction"": 0.0, ""center_displacements"": [0.0001833060523495078, 0.00013087365368846804, 0.00010870473488466814, 0.00019766374316532165, 7.43571508792229e-05, 9.063121979124844e-05], ""center_norms"": [8.13663387298584, 9.611748695373535, 10.558401107788086, 6.510476589202881, 11.59588623046875, 11.192609786987305], ""complete_collapse"": false, ""counts"": [85, 58, 160, 112, 36, 149], ""cumulative_hard_use"": [170, 116, 320, 224, 72, 298], ""dead_center_duration"": [0, 0, 0, 0, 0, 0], ""effective_cluster_count"": 5.382864283507646, ""hard_entropy"": 1.6832206272059373, ""maximum_cluster_fraction"": 0.26666666666666666, ""mean_nearest_squared_distance"": 158.89920043945312, ""minimum_center_separation"": 6.957868576049805, ""minimum_cluster_size"": 36, ""minimum_positive_size"": 36, ""near_collapse"": false, ""normalized_hard_entropy"": 0.9394233188738891, ""occupied_clusters"": 6, ""rbf_marginal_entropy"": 1.6822153329849243, ""rbf_mean_row_entropy"": 0.006360828876495361, ""s0_marginal_entropy"": 1.7866936922073364, ""s0_mean_row_entropy"": 1.6914043426513672, ""utilization"": 1.0}","{""assignment_change_fraction"": 0.006666666666666667, ""center_displacements"": [0.00011772037396440282, 0.00013087503612041473, 0.00013435068831313401, 0.00019883575441781431, 0.000141389318741858, 0.00013105879770591855], ""center_norms"": [10.82334041595459, 8.98060417175293, 10.384530067443848, 6.005441188812256, 7.197745323181152, 10.141894340515137], ""complete_collapse"": false, ""counts"": [86, 83, 134, 139, 81, 77], ""cumulative_hard_use"": [172, 168, 266, 280, 161, 153], ""dead_center_duration"": [0, 0, 0, 0, 0, 0], ""effective_cluster_count"": 5.809477160097423, ""hard_entropy"": 1.7594905771582983, ""maximum_cluster_fraction"": 0.23166666666666666, ""mean_nearest_squared_distance"": 181.52932739257812, ""minimum_center_separation"": 8.229371070861816, ""minimum_cluster_size"": 77, ""minimum_positive_size"": 77, ""near_collapse"": false, ""normalized_hard_entropy"": 0.9819903884288336, ""occupied_clusters"": 6, ""rbf_marginal_entropy"": 1.759101390838623, ""rbf_mean_row_entropy"": 0.018779568374156952, ""s0_marginal_entropy"": 1.7901065349578857, ""s0_mean_row_entropy"": 1.6914043426513672, ""utilization"": 1.0}"
13,SyntheticControl,LoSTer-AlignedInit,3,COMPLETE,a247dffdea50e236b171392b8c9336ecd4cc5727,231d88ca2eae610530537f93484eafb9a72a03af61cb95c1270186ef44f8874a,2026-10-05T22:38:23.011217+00:00,2026-10-05T22:38:33.107258+00:00,10.08931960000018,cuda,NVIDIA GeForce GTX 1080,2,assignment-change,6.5,G:\Articoli\Articoli da Completare\LoSTer 2026\pilot\artifacts\SyntheticControl\LoSTer-AlignedInit\seed-3\complete.pt,96d3d48bf048e54ab3fb94729092db11c858c294344fc4346976e33255ce8c1a,G:\Articoli\Articoli da Completare\LoSTer 2026\pilot\runs\SyntheticControl\LoSTer-AlignedInit\seed-3\predictions.npy,G:\Articoli\Articoli da Completare\LoSTer 2026\pilot\artifacts\SyntheticControl\LoSTer-AlignedInit\seed-3\manifest.json,"{""TEST"": ""cd44464b200820913f928a952af78d512ee3924f6243053d28a6d45c0aacdb76"", ""TRAIN"": ""58af636cbd5592bdda45ba638629e40f17c08354aa545a61fd41b92582bdd176""}",0.6132506450343919,0.7964238675279866,0.8689983305509182,0.5666666666666667,35687936,"{""cluster_contrast"": 4.710626482963562, ""entropy"": -3.5671501755714417, ""instance"": 11.18397855758667, ""kmeans"": 0.654884472489357, ""reconstruction"": 0.015606693690642715, ""total"": 12.99794602394104}","{""assignment_change_fraction"": 0.0, ""center_displacements"": [5.7839446526486427e-05, 5.466930088005029e-05, 3.5993452911498025e-05, 2.145790494978428e-05, 6.5054964579758234e-06, 2.9282698960741982e-05], ""center_norms"": [3.658583402633667, 12.12297248840332, 10.43627643585205, 11.981707572937012, 12.881373405456543, 10.764041900634766], ""complete_collapse"": false, ""counts"": [102, 40, 200, 33, 25, 200], ""cumulative_hard_use"": [204, 80, 400, 66, 50, 400], ""dead_center_duration"": [0, 0, 0, 0, 0, 0], ""effective_cluster_count"": 4.509199577096264, ""hard_entropy"": 1.5061196604013687, ""maximum_cluster_fraction"": 0.3333333333333333, ""mean_nearest_squared_distance"": 150.84352111816406, ""minimum_center_separation"": 9.936038970947266, ""minimum_cluster_size"": 25, ""minimum_positive_size"": 25, ""near_collapse"": false, ""normalized_hard_entropy"": 0.8405813873277597, ""occupied_clusters"": 6, ""rbf_marginal_entropy"": 1.5058703422546387, ""rbf_mean_row_entropy"": 0.0009632848668843508, ""s0_marginal_entropy"": 1.778074026107788, ""s0_mean_row_entropy"": 1.6914043426513672, ""utilization"": 1.0}","{""assignment_change_fraction"": 0.0033333333333333335, ""center_displacements"": [0.00023319754109252244, 0.00021779039525426924, 0.0001121360037359409, 0.00019917491590604186, 0.0001602915144758299, 8.890261233318597e-05], ""center_norms"": [7.018491744995117, 7.4468488693237305, 10.864561080932617, 7.271896839141846, 9.432112693786621, 11.228297233581543], ""complete_collapse"": false, ""counts"": [115, 91, 105, 100, 62, 127], ""cumulative_hard_use"": [231, 182, 208, 200, 125, 254], ""dead_center_duration"": [0, 0, 0, 0, 0, 0], ""effective_cluster_count"": 5.868167434893876, ""hard_entropy"": 1.7695423934274914, ""maximum_cluster_fraction"": 0.21166666666666667, ""mean_nearest_squared_distance"": 182.08795166015625, ""minimum_center_separation"": 8.706581115722656, ""minimum_cluster_size"": 62, ""minimum_positive_size"": 62, ""near_collapse"": false, ""normalized_hard_entropy"": 0.9876004139048109, ""occupied_clusters"": 6, ""rbf_marginal_entropy"": 1.7705084085464478, ""rbf_mean_row_entropy"": 0.021245868876576424, ""s0_marginal_entropy"": 1.7907142639160156, ""s0_mean_row_entropy"": 1.6914043426513672, ""utilization"": 1.0}"
14,SyntheticControl,LoSTer-AlignedInit,4,COMPLETE,a247dffdea50e236b171392b8c9336ecd4cc5727,431eb2b829e26327770fd3ada2306325796d207b9596c9c3b1c5e209ae620b24,2026-10-05T22:38:34.976858+00:00,2026-10-05T22:38:55.049829+00:00,20.065804200000002,cuda,NVIDIA GeForce GTX 1080,3,assignment-change,4.2250000000000005,G:\Articoli\Articoli da Completare\LoSTer 2026\pilot\artifacts\SyntheticControl\LoSTer-AlignedInit\seed-4\complete.pt,5b3b08a92eb6ecf931a13bac5463aa31f130fa935dd0650a9a323daad72f7dfe,G:\Articoli\Articoli da Completare\LoSTer 2026\pilot\runs\SyntheticControl\LoSTer-AlignedInit\seed-4\predictions.npy,G:\Articoli\Articoli da Completare\LoSTer 2026\pilot\artifacts\SyntheticControl\LoSTer-AlignedInit\seed-4\manifest.json,"{""TEST"": ""cd44464b200820913f928a952af78d512ee3924f6243053d28a6d45c0aacdb76"", ""TRAIN"": ""58af636cbd5592bdda45ba638629e40f17c08354aa545a61fd41b92582bdd176""}",0.5701180636129851,0.7443631374037482,0.8673233166388425,0.7233333333333334,35687936,"{""cluster_contrast"": 4.7087318897247314, ""entropy"": -3.5738730430603027, ""instance"": 11.182931900024414, ""kmeans"": 0.657111868262291, ""reconstruction"": 0.014944289345294237, ""total"": 12.98984694480896}","{""assignment_change_fraction"": 0.0, ""center_displacements"": [3.6332621675683185e-05, 4.1680359572637826e-05, 1.2886698641523253e-05, 3.6911053030053154e-05, 2.68066069111228e-05, 3.0308499844977632e-05], ""center_norms"": [11.277710914611816, 11.233078002929688, 12.275933265686035, 11.093816757202148, 11.370874404907227, 5.067676544189453], ""complete_collapse"": false, ""counts"": [55, 149, 34, 145, 51, 166], ""cumulative_hard_use"": [165, 446, 102, 435, 154, 498], ""dead_center_duration"": [0, 0, 0, 0, 0, 0], ""effective_cluster_count"": 5.133997332567671, ""hard_entropy"": 1.6358845628866148, ""maximum_cluster_fraction"": 0.27666666666666667, ""mean_nearest_squared_distance"": 151.8932647705078, ""minimum_center_separation"": 6.887601852416992, ""minimum_cluster_size"": 34, ""minimum_positive_size"": 34, ""near_collapse"": false, ""normalized_hard_entropy"": 0.9130045583581619, ""occupied_clusters"": 6, ""rbf_marginal_entropy"": 1.6354954242706299, ""rbf_mean_row_entropy"": 0.002858807798475027, ""s0_marginal_entropy"": 1.7844854593276978, ""s0_mean_row_entropy"": 1.6914043426513672, ""utilization"": 1.0}","{""assignment_change_fraction"": 0.0033333333333333335, ""center_displacements"": [0.0001862197241280228, 8.431294554611668e-05, 0.0001584077690495178, 0.00015830382471904159, 0.0001557869545649737, 0.0003202547086402774], ""center_norms"": [8.542470932006836, 11.026579856872559, 7.2719550132751465, 10.875439643859863, 8.918611526489258, 6.311155796051025], ""complete_collapse"": false, ""counts"": [85, 108, 100, 128, 75, 104], ""cumulative_hard_use"": [255, 321, 301, 381, 228, 314], ""dead_center_duration"": [0, 0, 0, 0, 0, 0], ""effective_cluster_count"": 5.914627474521696, ""hard_entropy"": 1.7774285156535816, ""maximum_cluster_fraction"": 0.21333333333333335, ""mean_nearest_squared_distance"": 181.25221252441406, ""minimum_center_separation"": 7.847132205963135, ""minimum_cluster_size"": 75, ""minimum_positive_size"": 75, ""near_collapse"": false, ""normalized_hard_entropy"": 0.9920017425214739, ""occupied_clusters"": 6, ""rbf_marginal_entropy"": 1.7771798372268677, ""rbf_mean_row_entropy"": 0.02340409904718399, ""s0_marginal_entropy"": 1.791052222251892, ""s0_mean_row_entropy"": 1.6914043426513672, ""utilization"": 1.0}"
15,Beef,LoSTer-Legacy-Clean,0,COMPLETE,a247dffdea50e236b171392b8c9336ecd4cc5727,b183960f42fee86564458e7bf77ea1b671df8bd5a59ce52cb7a349c5f76d7374,2026-10-05T22:38:56.942176+00:00,2026-10-05T22:42:27.192679+00:00,210.24065829999995,cuda,NVIDIA GeForce GTX 1080,2,assignment-change,6.5,G:\Articoli\Articoli da Completare\LoSTer 2026\pilot\artifacts\Beef\LoSTer-Legacy-Clean\seed-0\complete.pt,fedff513448fae970090555a1fb52f1de2487d4a1d75563012682683736db33a,G:\Articoli\Articoli da Completare\LoSTer 2026\pilot\runs\Beef\LoSTer-Legacy-Clean\seed-0\predictions.npy,G:\Articoli\Articoli da Completare\LoSTer 2026\pilot\artifacts\Beef\LoSTer-Legacy-Clean\seed-0\manifest.json,"{""TEST"": ""17cd4d7c06d71d5a6685923e82c222e418746693a02b83e30d11a979a209461f"", ""TRAIN"": ""a62197379ea58236e8b9dea739a821b309ab6782d1521d5e5758cadefe90b3fe""}",0.10808394109592868,0.2798730289468851,0.6943502824858757,0.38333333333333336,43133952,"{""cluster_contrast"": 4.359620094299316, ""entropy"": -3.2024550437927246, ""instance"": 10.077709197998047, ""kmeans"": 0.367651104927063, ""reconstruction"": 0.06259739398956299, ""total"": 11.665122985839844}","{""assignment_change_fraction"": 0.0, ""center_displacements"": [4.349989012553124e-06, 3.102510891039856e-05, 3.146882227156311e-05, 6.922196917003021e-06, 3.3818250813055784e-06], ""center_norms"": [14.728378295898438, 15.913261413574219, 15.947129249572754, 15.90703296661377, 15.67791748046875], ""complete_collapse"": false, ""counts"": [8, 14, 9, 24, 5], ""cumulative_hard_use"": [16, 28, 18, 48, 10], ""dead_center_duration"": [0, 0, 0, 0, 0], ""effective_cluster_count"": 4.333521979798198, ""hard_entropy"": 1.4663806016454428, ""maximum_cluster_fraction"": 0.4, ""mean_nearest_squared_distance"": 10.778918266296387, ""minimum_center_separation"": 4.04158353805542, ""minimum_cluster_size"": 5, ""minimum_positive_size"": 5, ""near_collapse"": false, ""normalized_hard_entropy"": 0.9111134951628554, ""occupied_clusters"": 5, ""rbf_marginal_entropy"": 1.4648851156234741, ""rbf_mean_row_entropy"": 0.022988945245742798, ""s0_marginal_entropy"": 1.599701166152954, ""s0_mean_row_entropy"": 1.5002226829528809, ""utilization"": 1.0}","{""assignment_change_fraction"": 0.0, ""center_displacements"": [0.0001447858230676502, 8.981814607977867e-05, 0.0001268207561224699, 0.00014444960106629878, 0.00013566443521995097], ""center_norms"": [10.472135543823242, 12.306787490844727, 11.194490432739258, 12.17403507232666, 10.442035675048828], ""complete_collapse"": false, ""counts"": [15, 6, 17, 6, 16], ""cumulative_hard_use"": [30, 12, 34, 12, 32], ""dead_center_duration"": [0, 0, 0, 0, 0], ""effective_cluster_count"": 4.557979096441147, ""hard_entropy"": 1.5168793446877342, ""maximum_cluster_fraction"": 0.2833333333333333, ""mean_nearest_squared_distance"": 172.39129638671875, ""minimum_center_separation"": 11.169857025146484, ""minimum_cluster_size"": 6, ""minimum_positive_size"": 6, ""near_collapse"": false, ""normalized_hard_entropy"": 0.9424901283663802, ""occupied_clusters"": 5, ""rbf_marginal_entropy"": 1.5171678066253662, ""rbf_mean_row_entropy"": 0.0021314281038939953, ""s0_marginal_entropy"": 1.6038134098052979, ""s0_mean_row_entropy"": 1.5002226829528809, ""utilization"": 1.0}"
16,Beef,LoSTer-Legacy-Clean,1,COMPLETE,a247dffdea50e236b171392b8c9336ecd4cc5727,755488fc353579cfb0c4c43d7d4412d6b279945e56f56542d43e7080470ac8fb,2026-10-05T22:42:29.046543+00:00,2026-10-05T22:45:59.310171+00:00,210.25346109999987,cuda,NVIDIA GeForce GTX 1080,3,assignment-change,4.2250000000000005,G:\Articoli\Articoli da Completare\LoSTer 2026\pilot\artifacts\Beef\LoSTer-Legacy-Clean\seed-1\complete.pt,ea921d75a67567a9e37aa253b37f52f91c3b444ff168ddaf5063a86ac30f004f,G:\Articoli\Articoli da Completare\LoSTer 2026\pilot\runs\Beef\LoSTer-Legacy-Clean\seed-1\predictions.npy,G:\Articoli\Articoli da Completare\LoSTer 2026\pilot\artifacts\Beef\LoSTer-Legacy-Clean\seed-1\manifest.json,"{""TEST"": ""17cd4d7c06d71d5a6685923e82c222e418746693a02b83e30d11a979a209461f"", ""TRAIN"": ""a62197379ea58236e8b9dea739a821b309ab6782d1521d5e5758cadefe90b3fe""}",0.13484809658039348,0.3226994350634916,0.7090395480225988,0.4166666666666667,43133952,"{""cluster_contrast"": 4.38283634185791, ""entropy"": -3.20806884765625, ""instance"": 10.02657413482666, ""kmeans"": 0.38683369755744934, ""reconstruction"": 0.06498462706804276, ""total"": 11.653160095214844}","{""assignment_change_fraction"": 0.0, ""center_displacements"": [2.670106550795026e-05, 4.700440058513777e-06, 3.1213461625156924e-05, 3.0220364351407625e-05, 3.864441532641649e-05], ""center_norms"": [15.982010841369629, 14.994420051574707, 15.795297622680664, 16.022293090820312, 15.567733764648438], ""complete_collapse"": false, ""counts"": [12, 8, 23, 12, 5], ""cumulative_hard_use"": [35, 24, 69, 37, 15], ""dead_center_duration"": [0, 0, 0, 0, 0], ""effective_cluster_count"": 4.424086226313292, ""hard_entropy"": 1.4870637546072403, ""maximum_cluster_fraction"": 0.38333333333333336, ""mean_nearest_squared_distance"": 10.505648612976074, ""minimum_center_separation"": 4.3911848068237305, ""minimum_cluster_size"": 5, ""minimum_positive_size"": 5, ""near_collapse"": false, ""normalized_hard_entropy"": 0.9239646606548603, ""occupied_clusters"": 5, ""rbf_marginal_entropy"": 1.4870829582214355, ""rbf_mean_row_entropy"": 0.02235414646565914, ""s0_marginal_entropy"": 1.6012325286865234, ""s0_mean_row_entropy"": 1.5002226829528809, ""utilization"": 1.0}","{""assignment_change_fraction"": 0.0, ""center_displacements"": [1.5333534975070506e-05, 0.00020562649297062308, 0.00015375584189314395, 0.0001585643767612055, 0.00015735557826701552], ""center_norms"": [11.151134490966797, 10.907894134521484, 10.35161304473877, 10.368218421936035, 10.375364303588867], ""complete_collapse"": false, ""counts"": [6, 14, 14, 15, 11], ""cumulative_hard_use"": [18, 41, 43, 45, 33], ""dead_center_duration"": [0, 0, 0, 0, 0], ""effective_cluster_count"": 4.792162852707579, ""hard_entropy"": 1.5669818445235875, ""maximum_cluster_fraction"": 0.25, ""mean_nearest_squared_distance"": 181.56222534179688, ""minimum_center_separation"": 11.078922271728516, ""minimum_cluster_size"": 6, ""minimum_positive_size"": 6, ""near_collapse"": false, ""normalized_hard_entropy"": 0.973620561823163, ""occupied_clusters"": 5, ""rbf_marginal_entropy"": 1.5663079023361206, ""rbf_mean_row_entropy"": 0.015737663954496384, ""s0_marginal_entropy"": 1.6069235801696777, ""s0_mean_row_entropy"": 1.5002226829528809, ""utilization"": 1.0}"
17,Beef,LoSTer-Legacy-Clean,2,COMPLETE,a247dffdea50e236b171392b8c9336ecd4cc5727,ef83652427cc595dbd7b8310f9cd2d4d2642f5217408fd13f7c7260e68f08c9d,2026-10-05T22:46:01.174961+00:00,2026-10-05T22:49:31.424223+00:00,210.23897970000007,cuda,NVIDIA GeForce GTX 1080,2,assignment-change,6.5,G:\Articoli\Articoli da Completare\LoSTer 2026\pilot\artifacts\Beef\LoSTer-Legacy-Clean\seed-2\complete.pt,c20fff64df5553c705521c2debda56b3f441c99bf507b1b536aa8cdcacb885a7,G:\Articoli\Articoli da Completare\LoSTer 2026\pilot\runs\Beef\LoSTer-Legacy-Clean\seed-2\predictions.npy,G:\Articoli\Articoli da Completare\LoSTer 2026\pilot\artifacts\Beef\LoSTer-Legacy-Clean\seed-2\manifest.json,"{""TEST"": ""17cd4d7c06d71d5a6685923e82c222e418746693a02b83e30d11a979a209461f"", ""TRAIN"": ""a62197379ea58236e8b9dea739a821b309ab6782d1521d5e5758cadefe90b3fe""}",0.0868872853943767,0.27906325747025584,0.6485875706214689,0.3333333333333333,43133952,"{""cluster_contrast"": 4.349698066711426, ""entropy"": -3.1932716369628906, ""instance"": 10.048919677734375, ""kmeans"": 0.40378010272979736, ""reconstruction"": 0.061518434435129166, ""total"": 11.670644760131836}","{""assignment_change_fraction"": 0.0, ""center_displacements"": [2.499840957170818e-05, 1.7323473002761602e-05, 1.2783082638634369e-05, 1.0503510566195473e-05, 3.188183472957462e-05], ""center_norms"": [15.592716217041016, 15.910538673400879, 16.014699935913086, 15.209383010864258, 15.799209594726562], ""complete_collapse"": false, ""counts"": [5, 24, 1, 7, 23], ""cumulative_hard_use"": [10, 48, 2, 14, 46], ""dead_center_duration"": [0, 0, 0, 0, 0], ""effective_cluster_count"": 3.525565693746656, ""hard_entropy"": 1.26004090388412, ""maximum_cluster_fraction"": 0.4, ""mean_nearest_squared_distance"": 10.267290115356445, ""minimum_center_separation"": 7.173341274261475, ""minimum_cluster_size"": 1, ""minimum_positive_size"": 1, ""near_collapse"": false, ""normalized_hard_entropy"": 0.7829074325572739, ""occupied_clusters"": 5, ""rbf_marginal_entropy"": 1.2600395679473877, ""rbf_mean_row_entropy"": 0.0002742800861597061, ""s0_marginal_entropy"": 1.5887720584869385, ""s0_mean_row_entropy"": 1.5002226829528809, ""utilization"": 1.0}","{""assignment_change_fraction"": 0.016666666666666666, ""center_displacements"": [0.00023055034398566931, 0.0002930648915935308, 6.602795474464074e-05, 0.00010546299017732963, 8.61270964378491e-05], ""center_norms"": [11.783001899719238, 9.307432174682617, 11.513678550720215, 8.835613250732422, 11.349967956542969], ""complete_collapse"": false, ""counts"": [13, 17, 4, 15, 11], ""cumulative_hard_use"": [26, 33, 8, 31, 22], ""dead_center_duration"": [0, 0, 0, 0, 0], ""effective_cluster_count"": 4.603493382537172, ""hard_entropy"": 1.5268154462595933, ""maximum_cluster_fraction"": 0.2833333333333333, ""mean_nearest_squared_distance"": 190.5925750732422, ""minimum_center_separation"": 12.463979721069336, ""minimum_cluster_size"": 4, ""minimum_positive_size"": 4, ""near_collapse"": false, ""normalized_hard_entropy"": 0.948663775386309, ""occupied_clusters"": 5, ""rbf_marginal_entropy"": 1.5266435146331787, ""rbf_mean_row_entropy"": 0.0064338273368775845, ""s0_marginal_entropy"": 1.604761004447937, ""s0_mean_row_entropy"": 1.5002226829528809, ""utilization"": 1.0}"
18,Beef,LoSTer-Legacy-Clean,3,COMPLETE,a247dffdea50e236b171392b8c9336ecd4cc5727,f9c35699e63ab633effbcaff88df579974c21496f9aab12d825b8b584021c4cb,2026-10-05T22:49:33.315552+00:00,2026-10-05T22:53:03.535596+00:00,210.20940139999993,cuda,NVIDIA GeForce GTX 1080,2,assignment-change,6.5,G:\Articoli\Articoli da Completare\LoSTer 2026\pilot\artifacts\Beef\LoSTer-Legacy-Clean\seed-3\complete.pt,adf506366a848a648837fd955cd72588a992ecb848679eb9ef18f6e334281099,G:\Articoli\Articoli da Completare\LoSTer 2026\pilot\runs\Beef\LoSTer-Legacy-Clean\seed-3\predictions.npy,G:\Articoli\Articoli da Completare\LoSTer 2026\pilot\artifacts\Beef\LoSTer-Legacy-Clean\seed-3\manifest.json,"{""TEST"": ""17cd4d7c06d71d5a6685923e82c222e418746693a02b83e30d11a979a209461f"", ""TRAIN"": ""a62197379ea58236e8b9dea739a821b309ab6782d1521d5e5758cadefe90b3fe""}",0.11979587853099467,0.3033597145654665,0.6977401129943502,0.4,43133952,"{""cluster_contrast"": 4.316318988800049, ""entropy"": -3.206617832183838, ""instance"": 10.045613288879395, ""kmeans"": 0.34849199652671814, ""reconstruction"": 0.06567741930484772, ""total"": 11.569483757019043}","{""assignment_change_fraction"": 0.0, ""center_displacements"": [4.2132364796998445e-06, 2.1359230231610127e-05, 7.640898729732726e-06, 2.3569496988784522e-05, 3.1368759664474055e-05], ""center_norms"": [14.779155731201172, 15.923494338989258, 15.893716812133789, 15.634139060974121, 15.893633842468262], ""complete_collapse"": false, ""counts"": [8, 13, 24, 4, 11], ""cumulative_hard_use"": [16, 26, 48, 8, 22], ""dead_center_duration"": [0, 0, 0, 0, 0], ""effective_cluster_count"": 4.297748895686625, ""hard_entropy"": 1.4580913729879175, ""maximum_cluster_fraction"": 0.4, ""mean_nearest_squared_distance"": 11.228922843933105, ""minimum_center_separation"": 3.7406527996063232, ""minimum_cluster_size"": 4, ""minimum_positive_size"": 4, ""near_collapse"": false, ""normalized_hard_entropy"": 0.9059631078173823, ""occupied_clusters"": 5, ""rbf_marginal_entropy"": 1.4599965810775757, ""rbf_mean_row_entropy"": 0.027007555589079857, ""s0_marginal_entropy"": 1.599464774131775, ""s0_mean_row_entropy"": 1.5002226829528809, ""utilization"": 1.0}","{""assignment_change_fraction"": 0.0, ""center_displacements"": [5.911053449381143e-05, 6.223553646123037e-05, 0.0001330532249994576, 3.794147414737381e-05, 0.00015605907537974417], ""center_norms"": [9.898515701293945, 11.565230369567871, 11.355390548706055, 11.728139877319336, 10.330960273742676], ""complete_collapse"": false, ""counts"": [14, 14, 8, 15, 9], ""cumulative_hard_use"": [28, 28, 16, 30, 18], ""dead_center_duration"": [0, 0, 0, 0, 0], ""effective_cluster_count"": 4.849760711845111, ""hard_entropy"": 1.5789293659683497, ""maximum_cluster_fraction"": 0.25, ""mean_nearest_squared_distance"": 161.9720458984375, ""minimum_center_separation"": 10.849788665771484, ""minimum_cluster_size"": 8, ""minimum_positive_size"": 8, ""near_collapse"": false, ""normalized_hard_entropy"": 0.981043974278194, ""occupied_clusters"": 5, ""rbf_marginal_entropy"": 1.5809167623519897, ""rbf_mean_row_entropy"": 0.012792516499757767, ""s0_marginal_entropy"": 1.6075129508972168, ""s0_mean_row_entropy"": 1.5002226829528809, ""utilization"": 1.0}"
19,Beef,LoSTer-Legacy-Clean,4,COMPLETE,a247dffdea50e236b171392b8c9336ecd4cc5727,ba1577139d3f1c5f919ae4e54f9206c90be3bab0b7d61f8401270d4c7e87766a,2026-10-05T22:53:05.423411+00:00,2026-10-05T22:56:45.671339+00:00,220.24301479999986,cuda,NVIDIA GeForce GTX 1080,2,assignment-change,6.5,G:\Articoli\Articoli da Completare\LoSTer 2026\pilot\artifacts\Beef\LoSTer-Legacy-Clean\seed-4\complete.pt,f451a3e6aa8279a1ae5a8c2aca97cfd95513076a81149b53e094b540c4605a28,G:\Articoli\Articoli da Completare\LoSTer 2026\pilot\runs\Beef\LoSTer-Legacy-Clean\seed-4\predictions.npy,G:\Articoli\Articoli da Completare\LoSTer 2026\pilot\artifacts\Beef\LoSTer-Legacy-Clean\seed-4\manifest.json,"{""TEST"": ""17cd4d7c06d71d5a6685923e82c222e418746693a02b83e30d11a979a209461f"", ""TRAIN"": ""a62197379ea58236e8b9dea739a821b309ab6782d1521d5e5758cadefe90b3fe""}",0.0868872853943767,0.27906325747025584,0.6485875706214689,0.3333333333333333,43133952,"{""cluster_contrast"": 4.387942790985107, ""entropy"": -3.1963613033294678, ""instance"": 10.014026641845703, ""kmeans"": 0.3947925567626953, ""reconstruction"": 0.06373748928308487, ""total"": 11.664138793945312}","{""assignment_change_fraction"": 0.0, ""center_displacements"": [1.452118067390984e-05, 3.7396664538391633e-06, 8.522487405571155e-06, 8.128447916533332e-06, 1.2366081136860885e-06], ""center_norms"": [15.897933006286621, 15.076350212097168, 15.800591468811035, 15.616748809814453, 16.0006160736084], ""complete_collapse"": false, ""counts"": [24, 7, 23, 5, 1], ""cumulative_hard_use"": [48, 14, 46, 10, 2], ""dead_center_duration"": [0, 0, 0, 0, 0], ""effective_cluster_count"": 3.525565693746656, ""hard_entropy"": 1.26004090388412, ""maximum_cluster_fraction"": 0.4, ""mean_nearest_squared_distance"": 10.90247631072998, ""minimum_center_separation"": 8.056774139404297, ""minimum_cluster_size"": 1, ""minimum_positive_size"": 1, ""near_collapse"": false, ""normalized_hard_entropy"": 0.7829074325572739, ""occupied_clusters"": 5, ""rbf_marginal_entropy"": 1.2600433826446533, ""rbf_mean_row_entropy"": 1.9978422642452642e-05, ""s0_marginal_entropy"": 1.5887720584869385, ""s0_mean_row_entropy"": 1.5002226829528809, ""utilization"": 1.0}","{""assignment_change_fraction"": 0.016666666666666666, ""center_displacements"": [0.00011701413313858211, 6.90160522935912e-05, 0.00026329667889513075, 0.00026870518922805786, 0.0001054748790920712], ""center_norms"": [9.86707878112793, 12.255844116210938, 9.12899398803711, 10.905311584472656, 11.337349891662598], ""complete_collapse"": false, ""counts"": [13, 11, 14, 8, 14], ""cumulative_hard_use"": [26, 22, 29, 15, 28], ""dead_center_duration"": [0, 0, 0, 0, 0], ""effective_cluster_count"": 4.9045946137483085, ""hard_entropy"": 1.5901724420479675, ""maximum_cluster_fraction"": 0.23333333333333334, ""mean_nearest_squared_distance"": 186.10818481445312, ""minimum_center_separation"": 12.442923545837402, ""minimum_cluster_size"": 8, ""minimum_positive_size"": 8, ""near_collapse"": false, ""normalized_hard_entropy"": 0.9880296902183721, ""occupied_clusters"": 5, ""rbf_marginal_entropy"": 1.5916504859924316, ""rbf_mean_row_entropy"": 0.014350073412060738, ""s0_marginal_entropy"": 1.6082403659820557, ""s0_mean_row_entropy"": 1.5002226829528809, ""utilization"": 1.0}"
20,Beef,LoSTer-NoResoftmax,0,COMPLETE,a247dffdea50e236b171392b8c9336ecd4cc5727,db2ebac4ba6e7e1e548ff5a0f6e76d3f56e03f7350282044e94f449a8782a858,2026-10-05T22:56:47.561030+00:00,2026-10-05T22:56:57.640342+00:00,10.071101399999861,cuda,NVIDIA GeForce GTX 1080,2,assignment-change,6.5,G:\Articoli\Articoli da Completare\LoSTer 2026\pilot\artifacts\Beef\LoSTer-NoResoftmax\seed-0\complete.pt,fa14a38028a17cbff2f320ad821597193900b263c37ee61ba94f672a31d1a1e9,G:\Articoli\Articoli da Completare\LoSTer 2026\pilot\runs\Beef\LoSTer-NoResoftmax\seed-0\predictions.npy,G:\Articoli\Articoli da Completare\LoSTer 2026\pilot\artifacts\Beef\LoSTer-NoResoftmax\seed-0\manifest.json,"{""TEST"": ""17cd4d7c06d71d5a6685923e82c222e418746693a02b83e30d11a979a209461f"", ""TRAIN"": ""a62197379ea58236e8b9dea739a821b309ab6782d1521d5e5758cadefe90b3fe""}",0.10915225643188528,0.28203219909533356,0.6966101694915254,0.38333333333333336,43090944,"{""cluster_contrast"": 4.271879196166992, ""entropy"": -2.994622230529785, ""instance"": 10.076787948608398, ""kmeans"": 0.36859574913978577, ""reconstruction"": 0.06265135109424591, ""total"": 11.78529167175293}","{""assignment_change_fraction"": 0.0, ""center_displacements"": [4.406820153235458e-06, 0.0001935029576998204, 0.0002689640677999705, 9.249346476281062e-06, 5.969609264866449e-05], ""center_norms"": [14.728378295898438, 15.913308143615723, 15.947051048278809, 15.907041549682617, 15.67790699005127], ""complete_collapse"": false, ""counts"": [8, 12, 11, 24, 5], ""cumulative_hard_use"": [16, 24, 22, 48, 10], ""dead_center_duration"": [0, 0, 0, 0, 0], ""effective_cluster_count"": 4.371686530988393, ""hard_entropy"": 1.4751488685188012, ""maximum_cluster_fraction"": 0.4, ""mean_nearest_squared_distance"": 11.280489921569824, ""minimum_center_separation"": 4.041367053985596, ""minimum_cluster_size"": 5, ""minimum_positive_size"": 5, ""near_collapse"": false, ""normalized_hard_entropy"": 0.9165615256868148, ""occupied_clusters"": 5, ""rbf_marginal_entropy"": 1.4755113124847412, ""rbf_mean_row_entropy"": 0.02914644405245781, ""s0_marginal_entropy"": 1.600252389907837, ""s0_mean_row_entropy"": 1.5002226829528809, ""utilization"": 1.0}","{""assignment_change_fraction"": 0.05, ""center_displacements"": [0.00042727592517621815, 0.0005353637970983982, 0.00015674206952098757, 0.0005113615188747644, 0.00029286887729540467], ""center_norms"": [10.472129821777344, 12.30638599395752, 11.194487571716309, 12.174015045166016, 10.442270278930664], ""complete_collapse"": false, ""counts"": [13, 9, 17, 7, 14], ""cumulative_hard_use"": [28, 16, 34, 13, 29], ""dead_center_duration"": [0, 0, 0, 0, 0], ""effective_cluster_count"": 4.775387741554407, ""hard_entropy"": 1.5634751730557266, ""maximum_cluster_fraction"": 0.2833333333333333, ""mean_nearest_squared_distance"": 172.86683654785156, ""minimum_center_separation"": 11.169743537902832, ""minimum_cluster_size"": 7, ""minimum_positive_size"": 7, ""near_collapse"": false, ""normalized_hard_entropy"": 0.9714417443361577, ""occupied_clusters"": 5, ""rbf_marginal_entropy"": 1.5651376247406006, ""rbf_mean_row_entropy"": 0.024972019717097282, ""s0_marginal_entropy"": 1.606520175933838, ""s0_mean_row_entropy"": 1.5002226829528809, ""utilization"": 1.0}"
21,Beef,LoSTer-NoResoftmax,1,COMPLETE,a247dffdea50e236b171392b8c9336ecd4cc5727,98b356152bd6bdf22f027df21262c054199ca825cabfd4dda8cf2b9b3b17eee4,2026-10-05T22:56:59.518665+00:00,2026-10-05T22:57:19.597481+00:00,20.06995360000019,cuda,NVIDIA GeForce GTX 1080,6,assignment-change,1.1602906250000002,G:\Articoli\Articoli da Completare\LoSTer 2026\pilot\artifacts\Beef\LoSTer-NoResoftmax\seed-1\complete.pt,a25dc5970cff6162b9cdbc72e4067ab4b88c26cfae4304712ff9166ed90a70f8,G:\Articoli\Articoli da Completare\LoSTer 2026\pilot\runs\Beef\LoSTer-NoResoftmax\seed-1\predictions.npy,G:\Articoli\Articoli da Completare\LoSTer 2026\pilot\artifacts\Beef\LoSTer-NoResoftmax\seed-1\manifest.json,"{""TEST"": ""17cd4d7c06d71d5a6685923e82c222e418746693a02b83e30d11a979a209461f"", ""TRAIN"": ""a62197379ea58236e8b9dea739a821b309ab6782d1521d5e5758cadefe90b3fe""}",0.12071787508973439,0.304628492999638,0.7067796610169491,0.4166666666666667,43090944,"{""cluster_contrast"": 4.265963554382324, ""entropy"": -3.05348539352417, ""instance"": 10.01441764831543, ""kmeans"": 0.38556236028671265, ""reconstruction"": 0.06727729737758636, ""total"": 11.67973518371582}","{""assignment_change_fraction"": 0.0, ""center_displacements"": [2.252853118989151e-05, 4.976261607225752e-07, 7.256719982251525e-05, 2.1514255422516726e-05, 7.114725303836167e-05], ""center_norms"": [15.982060432434082, 14.99441909790039, 15.795305252075195, 16.022232055664062, 15.567717552185059], ""complete_collapse"": false, ""counts"": [9, 8, 22, 15, 6], ""cumulative_hard_use"": [71, 48, 119, 73, 49], ""dead_center_duration"": [0, 0, 0, 0, 0], ""effective_cluster_count"": 4.472427263879148, ""hard_entropy"": 1.4979312733012824, ""maximum_cluster_fraction"": 0.36666666666666664, ""mean_nearest_squared_distance"": 11.281570434570312, ""minimum_center_separation"": 4.391293525695801, ""minimum_cluster_size"": 6, ""minimum_positive_size"": 6, ""near_collapse"": false, ""normalized_hard_entropy"": 0.9307170296714483, ""occupied_clusters"": 5, ""rbf_marginal_entropy"": 1.5034183263778687, ""rbf_mean_row_entropy"": 0.031229352578520775, ""s0_marginal_entropy"": 1.601910948753357, ""s0_mean_row_entropy"": 1.5002226829528809, ""utilization"": 1.0}","{""assignment_change_fraction"": 0.0, ""center_displacements"": [1.7706299786368618e-06, 8.648376388009638e-05, 3.6378518416313455e-05, 8.14369777799584e-05, 3.875951369991526e-05], ""center_norms"": [11.151227951049805, 10.907732009887695, 10.351536750793457, 10.368473052978516, 10.375115394592285], ""complete_collapse"": false, ""counts"": [6, 12, 15, 15, 12], ""cumulative_hard_use"": [36, 74, 90, 90, 70], ""dead_center_duration"": [0, 0, 0, 0, 0], ""effective_cluster_count"": 4.793116637422952, ""hard_entropy"": 1.5671808548329902, ""maximum_cluster_fraction"": 0.25, ""mean_nearest_squared_distance"": 181.9308319091797, ""minimum_center_separation"": 11.078968048095703, ""minimum_cluster_size"": 6, ""minimum_positive_size"": 6, ""near_collapse"": false, ""normalized_hard_entropy"": 0.9737442138807325, ""occupied_clusters"": 5, ""rbf_marginal_entropy"": 1.566296100616455, ""rbf_mean_row_entropy"": 0.018035992980003357, ""s0_marginal_entropy"": 1.6069273948669434, ""s0_mean_row_entropy"": 1.5002226829528809, ""utilization"": 1.0}"
22,Beef,LoSTer-NoResoftmax,2,COMPLETE,a247dffdea50e236b171392b8c9336ecd4cc5727,26534fef7d7454a5375dbadf78347db4bef249101c973b4f65eeeee6dca7658c,2026-10-05T22:57:21.479709+00:00,2026-10-05T22:57:31.551994+00:00,10.06820259999995,cuda,NVIDIA GeForce GTX 1080,2,assignment-change,6.5,G:\Articoli\Articoli da Completare\LoSTer 2026\pilot\artifacts\Beef\LoSTer-NoResoftmax\seed-2\complete.pt,a5b0fb534b567dffc1ae734a103e1401cf7971518b906639b6cacb34893fdff0,G:\Articoli\Articoli da Completare\LoSTer 2026\pilot\runs\Beef\LoSTer-NoResoftmax\seed-2\predictions.npy,G:\Articoli\Articoli da Completare\LoSTer 2026\pilot\artifacts\Beef\LoSTer-NoResoftmax\seed-2\manifest.json,"{""TEST"": ""17cd4d7c06d71d5a6685923e82c222e418746693a02b83e30d11a979a209461f"", ""TRAIN"": ""a62197379ea58236e8b9dea739a821b309ab6782d1521d5e5758cadefe90b3fe""}",0.0868872853943767,0.27906325747025584,0.6485875706214689,0.3333333333333333,43090944,"{""cluster_contrast"": 4.165764808654785, ""entropy"": -2.8103573322296143, ""instance"": 10.047987937927246, ""kmeans"": 0.4024994671344757, ""reconstruction"": 0.06203395128250122, ""total"": 11.867929458618164}","{""assignment_change_fraction"": 0.0, ""center_displacements"": [6.547650264110416e-05, 8.678111953486223e-06, 1.369451820210088e-05, 1.2126731235184707e-05, 3.622978329076432e-05], ""center_norms"": [15.592694282531738, 15.910545349121094, 16.014699935913086, 15.209383964538574, 15.79921817779541], ""complete_collapse"": false, ""counts"": [5, 24, 1, 7, 23], ""cumulative_hard_use"": [10, 48, 2, 14, 46], ""dead_center_duration"": [0, 0, 0, 0, 0], ""effective_cluster_count"": 3.525565693746656, ""hard_entropy"": 1.26004090388412, ""maximum_cluster_fraction"": 0.4, ""mean_nearest_squared_distance"": 10.566362380981445, ""minimum_center_separation"": 7.173247337341309, ""minimum_cluster_size"": 1, ""minimum_positive_size"": 1, ""near_collapse"": false, ""normalized_hard_entropy"": 0.7829074325572739, ""occupied_clusters"": 5, ""rbf_marginal_entropy"": 1.27224862575531, ""rbf_mean_row_entropy"": 0.011615010909736156, ""s0_marginal_entropy"": 1.5887720584869385, ""s0_mean_row_entropy"": 1.5002226829528809, ""utilization"": 1.0}","{""assignment_change_fraction"": 0.016666666666666666, ""center_displacements"": [0.0001788106164894998, 0.0002822688838932663, 0.0001229851768584922, 0.00038385213701985776, 0.00039761734660714865], ""center_norms"": [11.783048629760742, 9.307653427124023, 11.513631820678711, 8.835540771484375, 11.34975528717041], ""complete_collapse"": false, ""counts"": [13, 17, 4, 14, 12], ""cumulative_hard_use"": [26, 34, 8, 29, 23], ""dead_center_duration"": [0, 0, 0, 0, 0], ""effective_cluster_count"": 4.621321745825094, ""hard_entropy"": 1.5306807563470202, ""maximum_cluster_fraction"": 0.2833333333333333, ""mean_nearest_squared_distance"": 190.03318786621094, ""minimum_center_separation"": 12.463887214660645, ""minimum_cluster_size"": 4, ""minimum_positive_size"": 4, ""near_collapse"": false, ""normalized_hard_entropy"": 0.9510654275765329, ""occupied_clusters"": 5, ""rbf_marginal_entropy"": 1.5304484367370605, ""rbf_mean_row_entropy"": 0.008337928913533688, ""s0_marginal_entropy"": 1.6050280332565308, ""s0_mean_row_entropy"": 1.5002226829528809, ""utilization"": 1.0}"
23,Beef,LoSTer-NoResoftmax,3,COMPLETE,a247dffdea50e236b171392b8c9336ecd4cc5727,b3d76e79f1910a074c3e7e8c92e801096c4f4cf1b26d0686542cb04a560aa92e,2026-10-05T22:57:33.437086+00:00,2026-10-05T22:57:53.525779+00:00,20.07933290000028,cuda,NVIDIA GeForce GTX 1080,4,assignment-change,2.74625,G:\Articoli\Articoli da Completare\LoSTer 2026\pilot\artifacts\Beef\LoSTer-NoResoftmax\seed-3\complete.pt,fed49b535d8108090ed42a2c32cef7a0f7abcbb8f2ac8599081fbfe638c35a4c,G:\Articoli\Articoli da Completare\LoSTer 2026\pilot\runs\Beef\LoSTer-NoResoftmax\seed-3\predictions.npy,G:\Articoli\Articoli da Completare\LoSTer 2026\pilot\artifacts\Beef\LoSTer-NoResoftmax\seed-3\manifest.json,"{""TEST"": ""17cd4d7c06d71d5a6685923e82c222e418746693a02b83e30d11a979a209461f"", ""TRAIN"": ""a62197379ea58236e8b9dea739a821b309ab6782d1521d5e5758cadefe90b3fe""}",0.10915225643188528,0.28203219909533356,0.6966101694915254,0.38333333333333336,43090944,"{""cluster_contrast"": 4.050445556640625, ""entropy"": -3.0641298294067383, ""instance"": 10.030708312988281, ""kmeans"": 0.3497465252876282, ""reconstruction"": 0.06699486821889877, ""total"": 11.433765411376953}","{""assignment_change_fraction"": 0.0, ""center_displacements"": [4.779710252478253e-06, 0.00015088781947270036, 1.4792229194426909e-05, 2.2155045371619053e-05, 0.00017045078857336193], ""center_norms"": [14.779153823852539, 15.92347526550293, 15.893720626831055, 15.63412857055664, 15.893664360046387], ""complete_collapse"": false, ""counts"": [8, 12, 24, 5, 11], ""cumulative_hard_use"": [32, 49, 96, 20, 43], ""dead_center_duration"": [0, 0, 0, 0, 0], ""effective_cluster_count"": 4.371686530988393, ""hard_entropy"": 1.4751488685188012, ""maximum_cluster_fraction"": 0.4, ""mean_nearest_squared_distance"": 12.118744850158691, ""minimum_center_separation"": 3.740527868270874, ""minimum_cluster_size"": 5, ""minimum_positive_size"": 5, ""near_collapse"": false, ""normalized_hard_entropy"": 0.9165615256868148, ""occupied_clusters"": 5, ""rbf_marginal_entropy"": 1.4752616882324219, ""rbf_mean_row_entropy"": 0.02256016805768013, ""s0_marginal_entropy"": 1.600252389907837, ""s0_mean_row_entropy"": 1.5002226829528809, ""utilization"": 1.0}","{""assignment_change_fraction"": 0.0, ""center_displacements"": [0.00013685233716387302, 0.00041525234701111913, 0.0004320328589528799, 3.6419311072677374e-05, 0.0006462892051786184], ""center_norms"": [9.89834976196289, 11.565654754638672, 11.354978561401367, 11.728357315063477, 10.330784797668457], ""complete_collapse"": false, ""counts"": [12, 11, 10, 15, 12], ""cumulative_hard_use"": [50, 48, 38, 60, 44], ""dead_center_duration"": [0, 0, 0, 0, 0], ""effective_cluster_count"": 4.952988028183574, ""hard_entropy"": 1.599991036519306, ""maximum_cluster_fraction"": 0.25, ""mean_nearest_squared_distance"": 162.00323486328125, ""minimum_center_separation"": 10.849749565124512, ""minimum_cluster_size"": 10, ""minimum_positive_size"": 10, ""near_collapse"": false, ""normalized_hard_entropy"": 0.9941303259716885, ""occupied_clusters"": 5, ""rbf_marginal_entropy"": 1.5999782085418701, ""rbf_mean_row_entropy"": 0.0008553677471354604, ""s0_marginal_entropy"": 1.6088074445724487, ""s0_mean_row_entropy"": 1.5002226829528809, ""utilization"": 1.0}"
24,Beef,LoSTer-NoResoftmax,4,COMPLETE,a247dffdea50e236b171392b8c9336ecd4cc5727,0a4d3deda30979ed5f7b9323d4906da49ef683b34f8f64a5d1181c52f65480c8,2026-10-05T22:57:55.392700+00:00,2026-10-05T22:58:25.487916+00:00,30.08495240000002,cuda,NVIDIA GeForce GTX 1080,8,assignment-change,0.49022278906250016,G:\Articoli\Articoli da Completare\LoSTer 2026\pilot\artifacts\Beef\LoSTer-NoResoftmax\seed-4\complete.pt,480be7633fded22e0d4c9a32ddb4acb49f41f0a850e7cc1c18aacc77db344fe9,G:\Articoli\Articoli da Completare\LoSTer 2026\pilot\runs\Beef\LoSTer-NoResoftmax\seed-4\predictions.npy,G:\Articoli\Articoli da Completare\LoSTer 2026\pilot\artifacts\Beef\LoSTer-NoResoftmax\seed-4\manifest.json,"{""TEST"": ""17cd4d7c06d71d5a6685923e82c222e418746693a02b83e30d11a979a209461f"", ""TRAIN"": ""a62197379ea58236e8b9dea739a821b309ab6782d1521d5e5758cadefe90b3fe""}",0.06500134300295461,0.25451275256626266,0.6666666666666666,0.3333333333333333,43090944,"{""cluster_contrast"": 4.158529758453369, ""entropy"": -2.978360414505005, ""instance"": 9.983081817626953, ""kmeans"": 0.40146350860595703, ""reconstruction"": 0.0741305723786354, ""total"": 11.638845443725586}","{""assignment_change_fraction"": 0.0, ""center_displacements"": [2.946854465335491e-06, 8.383481144846883e-07, 2.1522910174098797e-06, 1.923599029396428e-06, 1.0373076975156437e-06], ""center_norms"": [15.897929191589355, 15.076373100280762, 15.800610542297363, 15.616718292236328, 16.000511169433594], ""complete_collapse"": false, ""counts"": [24, 5, 17, 11, 3], ""cumulative_hard_use"": [192, 47, 140, 84, 17], ""dead_center_duration"": [0, 0, 0, 0, 0], ""effective_cluster_count"": 4.0217401232487315, ""hard_entropy"": 1.391714675451046, ""maximum_cluster_fraction"": 0.4, ""mean_nearest_squared_distance"": 14.651817321777344, ""minimum_center_separation"": 8.056587219238281, ""minimum_cluster_size"": 3, ""minimum_positive_size"": 3, ""near_collapse"": false, ""normalized_hard_entropy"": 0.8647209467970272, ""occupied_clusters"": 5, ""rbf_marginal_entropy"": 1.391575813293457, ""rbf_mean_row_entropy"": 0.03050529956817627, ""s0_marginal_entropy"": 1.5959631204605103, ""s0_mean_row_entropy"": 1.5002226829528809, ""utilization"": 1.0}","{""assignment_change_fraction"": 0.0, ""center_displacements"": [5.63251387575292e-06, 2.92511344923696e-06, 6.214119821379427e-06, 2.3842308110033628e-06, 3.608042788982857e-06], ""center_norms"": [9.86662769317627, 12.255882263183594, 9.12921142578125, 10.904995918273926, 11.337775230407715], ""complete_collapse"": false, ""counts"": [15, 9, 14, 9, 13], ""cumulative_hard_use"": [115, 74, 107, 75, 109], ""dead_center_duration"": [0, 0, 0, 0, 0], ""effective_cluster_count"": 4.8873271928207425, ""hard_entropy"": 1.5866455677187887, ""maximum_cluster_fraction"": 0.25, ""mean_nearest_squared_distance"": 185.94447326660156, ""minimum_center_separation"": 12.44257926940918, ""minimum_cluster_size"": 9, ""minimum_positive_size"": 9, ""near_collapse"": false, ""normalized_hard_entropy"": 0.9858383199878518, ""occupied_clusters"": 5, ""rbf_marginal_entropy"": 1.5866620540618896, ""rbf_mean_row_entropy"": 0.0025038071908056736, ""s0_marginal_entropy"": 1.6079776287078857, ""s0_mean_row_entropy"": 1.5002226829528809, ""utilization"": 1.0}"
25,Beef,LoSTer-AlignedInit,0,COMPLETE,a247dffdea50e236b171392b8c9336ecd4cc5727,9bd33bc2dc1c0e2511360d8fb5ac1333a5e669d474c5f655942b904a41c0a3f9,2026-10-05T22:58:27.372415+00:00,2026-10-05T22:58:37.461745+00:00,10.078676099999939,cuda,NVIDIA GeForce GTX 1080,2,assignment-change,6.5,G:\Articoli\Articoli da Completare\LoSTer 2026\pilot\artifacts\Beef\LoSTer-AlignedInit\seed-0\complete.pt,5b86665f86ea6d15ac2547ff7b9517006c80009109906ec439fc27a9be6524dd,G:\Articoli\Articoli da Completare\LoSTer 2026\pilot\runs\Beef\LoSTer-AlignedInit\seed-0\predictions.npy,G:\Articoli\Articoli da Completare\LoSTer 2026\pilot\artifacts\Beef\LoSTer-AlignedInit\seed-0\manifest.json,"{""TEST"": ""17cd4d7c06d71d5a6685923e82c222e418746693a02b83e30d11a979a209461f"", ""TRAIN"": ""a62197379ea58236e8b9dea739a821b309ab6782d1521d5e5758cadefe90b3fe""}",0.10808394109592868,0.2798730289468851,0.6943502824858757,0.38333333333333336,43133952,"{""cluster_contrast"": 4.36647891998291, ""entropy"": -3.20354962348938, ""instance"": 10.077707290649414, ""kmeans"": 0.3677964210510254, ""reconstruction"": 0.06265782564878464, ""total"": 11.671091079711914}","{""assignment_change_fraction"": 0.0, ""center_displacements"": [4.361348146630917e-06, 2.4994975319714285e-05, 2.4068207494565286e-05, 8.040464308578521e-06, 3.1526149086857913e-06], ""center_norms"": [14.728378295898438, 15.91325569152832, 15.94713306427002, 15.907032012939453, 15.67791748046875], ""complete_collapse"": false, ""counts"": [8, 14, 9, 24, 5], ""cumulative_hard_use"": [16, 28, 18, 48, 10], ""dead_center_duration"": [0, 0, 0, 0, 0], ""effective_cluster_count"": 4.333521979798198, ""hard_entropy"": 1.4663806016454428, ""maximum_cluster_fraction"": 0.4, ""mean_nearest_squared_distance"": 10.787830352783203, ""minimum_center_separation"": 4.041541576385498, ""minimum_cluster_size"": 5, ""minimum_positive_size"": 5, ""near_collapse"": false, ""normalized_hard_entropy"": 0.9111134951628554, ""occupied_clusters"": 5, ""rbf_marginal_entropy"": 1.4634528160095215, ""rbf_mean_row_entropy"": 0.022913536056876183, ""s0_marginal_entropy"": 1.599701166152954, ""s0_mean_row_entropy"": 1.5002226829528809, ""utilization"": 1.0}","{""assignment_change_fraction"": 0.0, ""center_displacements"": [9.025733743328601e-05, 0.000105353603430558, 0.00012499192962422967, 7.483136869268492e-05, 6.561171903740615e-05], ""center_norms"": [10.442069053649902, 12.306768417358398, 10.472142219543457, 11.194520950317383, 12.173989295959473], ""complete_collapse"": false, ""counts"": [16, 6, 15, 17, 6], ""cumulative_hard_use"": [32, 12, 30, 34, 12], ""dead_center_duration"": [0, 0, 0, 0, 0], ""effective_cluster_count"": 4.557979096441147, ""hard_entropy"": 1.5168793446877342, ""maximum_cluster_fraction"": 0.2833333333333333, ""mean_nearest_squared_distance"": 172.574462890625, ""minimum_center_separation"": 11.169909477233887, ""minimum_cluster_size"": 6, ""minimum_positive_size"": 6, ""near_collapse"": false, ""normalized_hard_entropy"": 0.9424901283663802, ""occupied_clusters"": 5, ""rbf_marginal_entropy"": 1.518210530281067, ""rbf_mean_row_entropy"": 0.006267257500439882, ""s0_marginal_entropy"": 1.6038134098052979, ""s0_mean_row_entropy"": 1.5002226829528809, ""utilization"": 1.0}"
26,Beef,LoSTer-AlignedInit,1,COMPLETE,a247dffdea50e236b171392b8c9336ecd4cc5727,2f7a79288d8996878ad8ef8c2c327f3b5d99fa945cf55fa74b30113e3593b16f,2026-10-05T22:58:39.350581+00:00,2026-10-05T22:58:59.428127+00:00,20.067538499999955,cuda,NVIDIA GeForce GTX 1080,3,assignment-change,4.2250000000000005,G:\Articoli\Articoli da Completare\LoSTer 2026\pilot\artifacts\Beef\LoSTer-AlignedInit\seed-1\complete.pt,86e1c0158dc2b0e9a119c86653c0b0453f533dab8c64fe300d0f9b2cb1afad9d,G:\Articoli\Articoli da Completare\LoSTer 2026\pilot\runs\Beef\LoSTer-AlignedInit\seed-1\predictions.npy,G:\Articoli\Articoli da Completare\LoSTer 2026\pilot\artifacts\Beef\LoSTer-AlignedInit\seed-1\manifest.json,"{""TEST"": ""17cd4d7c06d71d5a6685923e82c222e418746693a02b83e30d11a979a209461f"", ""TRAIN"": ""a62197379ea58236e8b9dea739a821b309ab6782d1521d5e5758cadefe90b3fe""}",0.13484809658039348,0.3226994350634916,0.7090395480225988,0.4166666666666667,43133952,"{""cluster_contrast"": 4.300259113311768, ""entropy"": -3.20806884765625, ""instance"": 10.027156829833984, ""kmeans"": 0.3868352770805359, ""reconstruction"": 0.06503109633922577, ""total"": 11.571212768554688}","{""assignment_change_fraction"": 0.0, ""center_displacements"": [6.595251034013927e-05, 4.666649147111457e-06, 7.409279533021618e-06, 4.344000990386121e-05, 3.5666000712808454e-06], ""center_norms"": [15.982016563415527, 14.994421005249023, 15.795292854309082, 16.022293090820312, 15.567743301391602], ""complete_collapse"": false, ""counts"": [12, 8, 23, 12, 5], ""cumulative_hard_use"": [35, 24, 69, 37, 15], ""dead_center_duration"": [0, 0, 0, 0, 0], ""effective_cluster_count"": 4.424086226313292, ""hard_entropy"": 1.4870637546072403, ""maximum_cluster_fraction"": 0.38333333333333336, ""mean_nearest_squared_distance"": 10.40743350982666, ""minimum_center_separation"": 4.39126443862915, ""minimum_cluster_size"": 5, ""minimum_positive_size"": 5, ""near_collapse"": false, ""normalized_hard_entropy"": 0.9239646606548603, ""occupied_clusters"": 5, ""rbf_marginal_entropy"": 1.4867541790008545, ""rbf_mean_row_entropy"": 0.0247583519667387, ""s0_marginal_entropy"": 1.6012325286865234, ""s0_mean_row_entropy"": 1.5002226829528809, ""utilization"": 1.0}","{""assignment_change_fraction"": 0.03333333333333333, ""center_displacements"": [0.0002077429526252672, 3.336022200528532e-05, 0.00017128347826655954, 0.00033971614902839065, 0.00021048686176072806], ""center_norms"": [10.368236541748047, 11.151055335998535, 10.90805721282959, 10.375329971313477, 10.351568222045898], ""complete_collapse"": false, ""counts"": [16, 6, 13, 10, 15], ""cumulative_hard_use"": [46, 18, 38, 34, 44], ""dead_center_duration"": [0, 0, 0, 0, 0], ""effective_cluster_count"": 4.755471561579151, ""hard_entropy"": 1.5592958628107938, ""maximum_cluster_fraction"": 0.26666666666666666, ""mean_nearest_squared_distance"": 181.36795043945312, ""minimum_center_separation"": 11.078989028930664, ""minimum_cluster_size"": 6, ""minimum_positive_size"": 6, ""near_collapse"": false, ""normalized_hard_entropy"": 0.968844992878618, ""occupied_clusters"": 5, ""rbf_marginal_entropy"": 1.5614845752716064, ""rbf_mean_row_entropy"": 0.020108623430132866, ""s0_marginal_entropy"": 1.606391191482544, ""s0_mean_row_entropy"": 1.5002226829528809, ""utilization"": 1.0}"
27,Beef,LoSTer-AlignedInit,2,COMPLETE,a247dffdea50e236b171392b8c9336ecd4cc5727,96cb482f18b6d1727e2844c3e7b77bdb18050e440c54b3ce0b12d3f93139d7a3,2026-10-05T22:59:01.301417+00:00,2026-10-05T22:59:11.390986+00:00,10.079721699999936,cuda,NVIDIA GeForce GTX 1080,2,assignment-change,6.5,G:\Articoli\Articoli da Completare\LoSTer 2026\pilot\artifacts\Beef\LoSTer-AlignedInit\seed-2\complete.pt,7f893efcbccaff43a797fef3ba50e9e86488ba695f44d7d2524bef8ef7c1c580,G:\Articoli\Articoli da Completare\LoSTer 2026\pilot\runs\Beef\LoSTer-AlignedInit\seed-2\predictions.npy,G:\Articoli\Articoli da Completare\LoSTer 2026\pilot\artifacts\Beef\LoSTer-AlignedInit\seed-2\manifest.json,"{""TEST"": ""17cd4d7c06d71d5a6685923e82c222e418746693a02b83e30d11a979a209461f"", ""TRAIN"": ""a62197379ea58236e8b9dea739a821b309ab6782d1521d5e5758cadefe90b3fe""}",0.0868872853943767,0.27906325747025584,0.6485875706214689,0.3333333333333333,43133952,"{""cluster_contrast"": 4.365011215209961, ""entropy"": -3.192660331726074, ""instance"": 10.048864364624023, ""kmeans"": 0.40387263894081116, ""reconstruction"": 0.06154811009764671, ""total"": 11.686635971069336}","{""assignment_change_fraction"": 0.0, ""center_displacements"": [1.239247194462223e-05, 1.3766523807134945e-05, 1.4155927601677831e-05, 1.1549963346624281e-05, 9.244745342584793e-06], ""center_norms"": [15.592710494995117, 15.910539627075195, 16.014699935913086, 15.209383010864258, 15.799211502075195], ""complete_collapse"": false, ""counts"": [5, 24, 1, 7, 23], ""cumulative_hard_use"": [10, 48, 2, 14, 46], ""dead_center_duration"": [0, 0, 0, 0, 0], ""effective_cluster_count"": 3.525565693746656, ""hard_entropy"": 1.26004090388412, ""maximum_cluster_fraction"": 0.4, ""mean_nearest_squared_distance"": 10.283482551574707, ""minimum_center_separation"": 7.173330307006836, ""minimum_cluster_size"": 1, ""minimum_positive_size"": 1, ""near_collapse"": false, ""normalized_hard_entropy"": 0.7829074325572739, ""occupied_clusters"": 5, ""rbf_marginal_entropy"": 1.2600550651550293, ""rbf_mean_row_entropy"": 0.00015505010378547013, ""s0_marginal_entropy"": 1.5887720584869385, ""s0_mean_row_entropy"": 1.5002226829528809, ""utilization"": 1.0}","{""assignment_change_fraction"": 0.016666666666666666, ""center_displacements"": [0.00023383469670079648, 0.00035877266782335937, 0.00018351466860622168, 9.804781439015642e-05, 5.343420343706384e-05], ""center_norms"": [11.783003807067871, 9.307472229003906, 11.349891662597656, 8.835631370544434, 11.513686180114746], ""complete_collapse"": false, ""counts"": [13, 17, 11, 15, 4], ""cumulative_hard_use"": [26, 33, 22, 31, 8], ""dead_center_duration"": [0, 0, 0, 0, 0], ""effective_cluster_count"": 4.603493382537172, ""hard_entropy"": 1.5268154462595933, ""maximum_cluster_fraction"": 0.2833333333333333, ""mean_nearest_squared_distance"": 190.3809051513672, ""minimum_center_separation"": 12.464029312133789, ""minimum_cluster_size"": 4, ""minimum_positive_size"": 4, ""near_collapse"": false, ""normalized_hard_entropy"": 0.948663775386309, ""occupied_clusters"": 5, ""rbf_marginal_entropy"": 1.5268943309783936, ""rbf_mean_row_entropy"": 0.004541995003819466, ""s0_marginal_entropy"": 1.6047611236572266, ""s0_mean_row_entropy"": 1.5002226829528809, ""utilization"": 1.0}"
28,Beef,LoSTer-AlignedInit,3,COMPLETE,a247dffdea50e236b171392b8c9336ecd4cc5727,f98fca3241b9e9fa88f092b4351df3c724cc8eacf7797f75d9004214b470e77e,2026-10-05T22:59:13.302574+00:00,2026-10-05T22:59:23.381761+00:00,10.071706100000029,cuda,NVIDIA GeForce GTX 1080,2,assignment-change,6.5,G:\Articoli\Articoli da Completare\LoSTer 2026\pilot\artifacts\Beef\LoSTer-AlignedInit\seed-3\complete.pt,f72302c991e6ab90dffce30fcb41c67a42aa1b436012742f2fd94a6ba699d400,G:\Articoli\Articoli da Completare\LoSTer 2026\pilot\runs\Beef\LoSTer-AlignedInit\seed-3\predictions.npy,G:\Articoli\Articoli da Completare\LoSTer 2026\pilot\artifacts\Beef\LoSTer-AlignedInit\seed-3\manifest.json,"{""TEST"": ""17cd4d7c06d71d5a6685923e82c222e418746693a02b83e30d11a979a209461f"", ""TRAIN"": ""a62197379ea58236e8b9dea739a821b309ab6782d1521d5e5758cadefe90b3fe""}",0.11979587853099467,0.3033597145654665,0.6977401129943502,0.4,43133952,"{""cluster_contrast"": 4.368129730224609, ""entropy"": -3.2068111896514893, ""instance"": 10.045785903930664, ""kmeans"": 0.34861600399017334, ""reconstruction"": 0.06558293104171753, ""total"": 11.62130355834961}","{""assignment_change_fraction"": 0.0, ""center_displacements"": [4.206103312753839e-06, 2.558927735663019e-05, 7.919540621514898e-06, 3.892888344125822e-06, 2.2652766347164288e-05], ""center_norms"": [14.779156684875488, 15.923489570617676, 15.893716812133789, 15.634139060974121, 15.893628120422363], ""complete_collapse"": false, ""counts"": [8, 13, 24, 4, 11], ""cumulative_hard_use"": [16, 26, 48, 8, 22], ""dead_center_duration"": [0, 0, 0, 0, 0], ""effective_cluster_count"": 4.297748895686625, ""hard_entropy"": 1.4580913729879175, ""maximum_cluster_fraction"": 0.4, ""mean_nearest_squared_distance"": 11.183950424194336, ""minimum_center_separation"": 3.740617275238037, ""minimum_cluster_size"": 4, ""minimum_positive_size"": 4, ""near_collapse"": false, ""normalized_hard_entropy"": 0.9059631078173823, ""occupied_clusters"": 5, ""rbf_marginal_entropy"": 1.4581083059310913, ""rbf_mean_row_entropy"": 0.022925518453121185, ""s0_marginal_entropy"": 1.599464774131775, ""s0_mean_row_entropy"": 1.5002226829528809, ""utilization"": 1.0}","{""assignment_change_fraction"": 0.016666666666666666, ""center_displacements"": [6.79825825500302e-05, 0.00013949461572337896, 0.00013509167183656245, 0.00012179882469354197, 0.00012860505376011133], ""center_norms"": [11.728086471557617, 11.565134048461914, 10.331034660339355, 9.898622512817383, 11.355325698852539], ""complete_collapse"": false, ""counts"": [15, 14, 8, 14, 9], ""cumulative_hard_use"": [30, 28, 17, 28, 17], ""dead_center_duration"": [0, 0, 0, 0, 0], ""effective_cluster_count"": 4.849760711845111, ""hard_entropy"": 1.5789293659683497, ""maximum_cluster_fraction"": 0.25, ""mean_nearest_squared_distance"": 161.82374572753906, ""minimum_center_separation"": 10.84987735748291, ""minimum_cluster_size"": 8, ""minimum_positive_size"": 8, ""near_collapse"": false, ""normalized_hard_entropy"": 0.981043974278194, ""occupied_clusters"": 5, ""rbf_marginal_entropy"": 1.578538417816162, ""rbf_mean_row_entropy"": 0.02844257466495037, ""s0_marginal_entropy"": 1.6075129508972168, ""s0_mean_row_entropy"": 1.5002226829528809, ""utilization"": 1.0}"
29,Beef,LoSTer-AlignedInit,4,COMPLETE,a247dffdea50e236b171392b8c9336ecd4cc5727,b5a79d2bcdb7232982e381e833efa3b52f9236e3136d84d4c496c91706c63688,2026-10-05T22:59:25.257487+00:00,2026-10-05T22:59:35.328355+00:00,10.062007300000005,cuda,NVIDIA GeForce GTX 1080,2,assignment-change,6.5,G:\Articoli\Articoli da Completare\LoSTer 2026\pilot\artifacts\Beef\LoSTer-AlignedInit\seed-4\complete.pt,615f5f663622a6380325323bdb51ce9c088777f28676372a8aad55241db40acd,G:\Articoli\Articoli da Completare\LoSTer 2026\pilot\runs\Beef\LoSTer-AlignedInit\seed-4\predictions.npy,G:\Articoli\Articoli da Completare\LoSTer 2026\pilot\artifacts\Beef\LoSTer-AlignedInit\seed-4\manifest.json,"{""TEST"": ""17cd4d7c06d71d5a6685923e82c222e418746693a02b83e30d11a979a209461f"", ""TRAIN"": ""a62197379ea58236e8b9dea739a821b309ab6782d1521d5e5758cadefe90b3fe""}",0.0868872853943767,0.27906325747025584,0.6485875706214689,0.3333333333333333,43133952,"{""cluster_contrast"": 4.357412338256836, ""entropy"": -3.1963610649108887, ""instance"": 10.01380729675293, ""kmeans"": 0.394689679145813, ""reconstruction"": 0.06371693313121796, ""total"": 11.633264541625977}","{""assignment_change_fraction"": 0.0, ""center_displacements"": [1.4980216292315163e-05, 3.717650770340697e-06, 9.489612239121925e-06, 1.0665658919606358e-05, 9.844198984865216e-07], ""center_norms"": [15.897932052612305, 15.076350212097168, 15.8005952835083, 15.616750717163086, 16.0006160736084], ""complete_collapse"": false, ""counts"": [24, 7, 23, 5, 1], ""cumulative_hard_use"": [48, 14, 46, 10, 2], ""dead_center_duration"": [0, 0, 0, 0, 0], ""effective_cluster_count"": 3.525565693746656, ""hard_entropy"": 1.26004090388412, ""maximum_cluster_fraction"": 0.4, ""mean_nearest_squared_distance"": 10.938924789428711, ""minimum_center_separation"": 8.056795120239258, ""minimum_cluster_size"": 1, ""minimum_positive_size"": 1, ""near_collapse"": false, ""normalized_hard_entropy"": 0.7829074325572739, ""occupied_clusters"": 5, ""rbf_marginal_entropy"": 1.260047197341919, ""rbf_mean_row_entropy"": 4.014189835288562e-05, ""s0_marginal_entropy"": 1.5887720584869385, ""s0_mean_row_entropy"": 1.5002226829528809, ""utilization"": 1.0}","{""assignment_change_fraction"": 0.0, ""center_displacements"": [3.882315650116652e-05, 0.00011621751764323562, 8.446899300906807e-05, 0.00013704011507797986, 7.712292426731437e-05], ""center_norms"": [12.255824089050293, 10.905466079711914, 9.867119789123535, 9.128823280334473, 11.337328910827637], ""complete_collapse"": false, ""counts"": [11, 7, 13, 15, 14], ""cumulative_hard_use"": [22, 14, 26, 30, 28], ""dead_center_duration"": [0, 0, 0, 0, 0], ""effective_cluster_count"": 4.85095676607762, ""hard_entropy"": 1.5791759568501669, ""maximum_cluster_fraction"": 0.25, ""mean_nearest_squared_distance"": 186.13682556152344, ""minimum_center_separation"": 12.442858695983887, ""minimum_cluster_size"": 7, ""minimum_positive_size"": 7, ""near_collapse"": false, ""normalized_hard_entropy"": 0.9811971898076108, ""occupied_clusters"": 5, ""rbf_marginal_entropy"": 1.5793125629425049, ""rbf_mean_row_entropy"": 0.005190630909055471, ""s0_marginal_entropy"": 1.6075892448425293, ""s0_mean_row_entropy"": 1.5002226829528809, ""utilization"": 1.0}"
30,ECG200,LoSTer-Legacy-Clean,0,COMPLETE,a247dffdea50e236b171392b8c9336ecd4cc5727,11d273438a6d55c84f9eab0489bc9d654b497c7b0ac1d78a3142fe471f87f928,2026-10-05T22:59:37.224561+00:00,2026-10-05T23:03:17.495848+00:00,220.26021809999975,cuda,NVIDIA GeForce GTX 1080,2,assignment-change,6.5,G:\Articoli\Articoli da Completare\LoSTer 2026\pilot\artifacts\ECG200\LoSTer-Legacy-Clean\seed-0\complete.pt,64fe15ab32dc702c5f6586fce218a11820aaf4afa80d1dd3ce9bc42365294a2c,G:\Articoli\Articoli da Completare\LoSTer 2026\pilot\runs\ECG200\LoSTer-Legacy-Clean\seed-0\predictions.npy,G:\Articoli\Articoli da Completare\LoSTer 2026\pilot\artifacts\ECG200\LoSTer-Legacy-Clean\seed-0\manifest.json,"{""TEST"": ""c8ac02caf98be23c47c044fde026219301ceaf0b2f97bc107bd0cd96330b867c"", ""TRAIN"": ""bd08b37147ebf205231ad43e02c42dd5c14bc348f4ccc7614f85634c8916bf21""}",0.25262324195403185,0.1549672342027824,0.6333668341708543,0.76,35110400,"{""cluster_contrast"": 2.0808167457580566, ""entropy"": -1.364181637763977, ""instance"": 11.445415496826172, ""kmeans"": 0.5801233649253845, ""reconstruction"": 0.1075119823217392, ""total"": 12.849685668945312}","{""assignment_change_fraction"": 0.0, ""center_displacements"": [9.555689030094072e-05, 9.62677295319736e-05], ""center_norms"": [13.650918960571289, 12.896088600158691], ""complete_collapse"": false, ""counts"": [57, 143], ""cumulative_hard_use"": [114, 286], ""dead_center_duration"": [0, 0], ""effective_cluster_count"": 1.8177761249476785, ""hard_entropy"": 0.5976138445793562, ""maximum_cluster_fraction"": 0.715, ""mean_nearest_squared_distance"": 86.30699920654297, ""minimum_center_separation"": 14.986400604248047, ""minimum_cluster_size"": 57, ""minimum_positive_size"": 57, ""near_collapse"": false, ""normalized_hard_entropy"": 0.8621745299412249, ""occupied_clusters"": 2, ""rbf_marginal_entropy"": 0.5975502729415894, ""rbf_mean_row_entropy"": 0.00036470979102887213, ""s0_marginal_entropy"": 0.6732723116874695, ""s0_mean_row_entropy"": 0.5822031497955322, ""utilization"": 1.0}","{""assignment_change_fraction"": 0.005, ""center_displacements"": [0.00015792947669979185, 0.0001476946345064789], ""center_norms"": [8.039705276489258, 7.509618759155273], ""complete_collapse"": false, ""counts"": [101, 99], ""cumulative_hard_use"": [203, 197], ""dead_center_duration"": [0, 0], ""effective_cluster_count"": 1.9999000008333083, ""hard_entropy"": 0.6930971797265786, ""maximum_cluster_fraction"": 0.505, ""mean_nearest_squared_distance"": 204.3450927734375, ""minimum_center_separation"": 11.297911643981934, ""minimum_cluster_size"": 99, ""minimum_positive_size"": 99, ""near_collapse"": false, ""normalized_hard_entropy"": 0.9999278640456616, ""occupied_clusters"": 2, ""rbf_marginal_entropy"": 0.6930853128433228, ""rbf_mean_row_entropy"": 0.00807405449450016, ""s0_marginal_entropy"": 0.6931365132331848, ""s0_mean_row_entropy"": 0.5822031497955322, ""utilization"": 1.0}"
31,ECG200,LoSTer-Legacy-Clean,1,COMPLETE,a247dffdea50e236b171392b8c9336ecd4cc5727,e66b7d42902069f8c95be69868596a60669a3589ddf392d1b9c2925f7451d99c,2026-10-05T23:03:19.493893+00:00,2026-10-05T23:06:59.780296+00:00,220.2757658999999,cuda,NVIDIA GeForce GTX 1080,2,assignment-change,6.5,G:\Articoli\Articoli da Completare\LoSTer 2026\pilot\artifacts\ECG200\LoSTer-Legacy-Clean\seed-1\complete.pt,13bacd631d270057b5ab97dfea0035006845e6bb69a186c51d671ad9c57d3bd5,G:\Articoli\Articoli da Completare\LoSTer 2026\pilot\runs\ECG200\LoSTer-Legacy-Clean\seed-1\predictions.npy,G:\Articoli\Articoli da Completare\LoSTer 2026\pilot\artifacts\ECG200\LoSTer-Legacy-Clean\seed-1\manifest.json,"{""TEST"": ""c8ac02caf98be23c47c044fde026219301ceaf0b2f97bc107bd0cd96330b867c"", ""TRAIN"": ""bd08b37147ebf205231ad43e02c42dd5c14bc348f4ccc7614f85634c8916bf21""}",0.2287562976246862,0.13609993082321403,0.6231155778894473,0.75,35110400,"{""cluster_contrast"": 2.0601139068603516, ""entropy"": -1.3644373416900635, ""instance"": 11.449075698852539, ""kmeans"": 0.5753729343414307, ""reconstruction"": 0.09531527757644653, ""total"": 12.815441131591797}","{""assignment_change_fraction"": 0.0, ""center_displacements"": [2.489549297024496e-05, 2.19366902456386e-05], ""center_norms"": [12.700072288513184, 14.135078430175781], ""complete_collapse"": false, ""counts"": [147, 53], ""cumulative_hard_use"": [294, 106], ""dead_center_duration"": [0, 0], ""effective_cluster_count"": 1.7828657795522114, ""hard_entropy"": 0.5782220581743532, ""maximum_cluster_fraction"": 0.735, ""mean_nearest_squared_distance"": 87.11178588867188, ""minimum_center_separation"": 15.12392807006836, ""minimum_cluster_size"": 53, ""minimum_positive_size"": 53, ""near_collapse"": false, ""normalized_hard_entropy"": 0.8341980958607491, ""occupied_clusters"": 2, ""rbf_marginal_entropy"": 0.578231692314148, ""rbf_mean_row_entropy"": 6.850519275758415e-05, ""s0_marginal_entropy"": 0.6693713665008545, ""s0_mean_row_entropy"": 0.5822031497955322, ""utilization"": 1.0}","{""assignment_change_fraction"": 0.0, ""center_displacements"": [0.00012089334632037207, 0.00016444759967271239], ""center_norms"": [7.406918525695801, 7.540248870849609], ""complete_collapse"": false, ""counts"": [104, 96], ""cumulative_hard_use"": [208, 192], ""dead_center_duration"": [0, 0], ""effective_cluster_count"": 1.9984002132308607, ""hard_entropy"": 0.6923469670899615, ""maximum_cluster_fraction"": 0.52, ""mean_nearest_squared_distance"": 210.80198669433594, ""minimum_center_separation"": 11.980765342712402, ""minimum_cluster_size"": 96, ""minimum_positive_size"": 96, ""near_collapse"": false, ""normalized_hard_entropy"": 0.9988455359952018, ""occupied_clusters"": 2, ""rbf_marginal_entropy"": 0.692536473274231, ""rbf_mean_row_entropy"": 0.01002309937030077, ""s0_marginal_entropy"": 0.6929763555526733, ""s0_mean_row_entropy"": 0.5822031497955322, ""utilization"": 1.0}"
32,ECG200,LoSTer-Legacy-Clean,2,COMPLETE,a247dffdea50e236b171392b8c9336ecd4cc5727,8c639c0b020b1a4b92b66e1115edd324968420cbb34063458b33006c845c8693,2026-10-05T23:07:02.032161+00:00,2026-10-05T23:10:42.326090+00:00,220.2838044,cuda,NVIDIA GeForce GTX 1080,2,assignment-change,6.5,G:\Articoli\Articoli da Completare\LoSTer 2026\pilot\artifacts\ECG200\LoSTer-Legacy-Clean\seed-2\complete.pt,00571a2ba673788869ba8c2b367415773832aa62f9c00c60fedf5b3136b84625,G:\Articoli\Articoli da Completare\LoSTer 2026\pilot\runs\ECG200\LoSTer-Legacy-Clean\seed-2\predictions.npy,G:\Articoli\Articoli da Completare\LoSTer 2026\pilot\artifacts\ECG200\LoSTer-Legacy-Clean\seed-2\manifest.json,"{""TEST"": ""c8ac02caf98be23c47c044fde026219301ceaf0b2f97bc107bd0cd96330b867c"", ""TRAIN"": ""bd08b37147ebf205231ad43e02c42dd5c14bc348f4ccc7614f85634c8916bf21""}",0.23172619444287815,0.13876468501408243,0.6231155778894473,0.75,35110400,"{""cluster_contrast"": 2.0719175338745117, ""entropy"": -1.3644373416900635, ""instance"": 11.43360424041748, ""kmeans"": 0.5729725360870361, ""reconstruction"": 0.10466161370277405, ""total"": 12.818718910217285}","{""assignment_change_fraction"": 0.0, ""center_displacements"": [2.7520047297002748e-05, 2.6410354621475562e-05], ""center_norms"": [12.591004371643066, 14.128068923950195], ""complete_collapse"": false, ""counts"": [143, 57], ""cumulative_hard_use"": [286, 114], ""dead_center_duration"": [0, 0], ""effective_cluster_count"": 1.8177761249476785, ""hard_entropy"": 0.5976138445793562, ""maximum_cluster_fraction"": 0.715, ""mean_nearest_squared_distance"": 88.44905090332031, ""minimum_center_separation"": 15.41685676574707, ""minimum_cluster_size"": 57, ""minimum_positive_size"": 57, ""near_collapse"": false, ""normalized_hard_entropy"": 0.8621745299412249, ""occupied_clusters"": 2, ""rbf_marginal_entropy"": 0.5975434184074402, ""rbf_mean_row_entropy"": 0.00039709886186756194, ""s0_marginal_entropy"": 0.6732723116874695, ""s0_mean_row_entropy"": 0.5822031497955322, ""utilization"": 1.0}","{""assignment_change_fraction"": 0.0, ""center_displacements"": [0.00013067544205114245, 0.00012234052701387554], ""center_norms"": [8.026071548461914, 7.6472649574279785], ""complete_collapse"": false, ""counts"": [91, 109], ""cumulative_hard_use"": [182, 218], ""dead_center_duration"": [0, 0], ""effective_cluster_count"": 1.9919054541660899, ""hard_entropy"": 0.6890916952679865, ""maximum_cluster_fraction"": 0.545, ""mean_nearest_squared_distance"": 203.4637451171875, ""minimum_center_separation"": 12.160874366760254, ""minimum_cluster_size"": 91, ""minimum_positive_size"": 91, ""near_collapse"": false, ""normalized_hard_entropy"": 0.994149171480893, ""occupied_clusters"": 2, ""rbf_marginal_entropy"": 0.6892113089561462, ""rbf_mean_row_entropy"": 0.006490119732916355, ""s0_marginal_entropy"": 0.6922820806503296, ""s0_mean_row_entropy"": 0.5822031497955322, ""utilization"": 1.0}"
33,ECG200,LoSTer-Legacy-Clean,3,COMPLETE,a247dffdea50e236b171392b8c9336ecd4cc5727,4db3b80a0653f4057dfc2d08f36111d00be80a322230f514e5fec77d522e2fd0,2026-10-05T23:10:44.235883+00:00,2026-10-05T23:14:14.459016+00:00,210.21000980000008,cuda,NVIDIA GeForce GTX 1080,2,assignment-change,6.5,G:\Articoli\Articoli da Completare\LoSTer 2026\pilot\artifacts\ECG200\LoSTer-Legacy-Clean\seed-3\complete.pt,a5ab9ec8cb248c366f2513abc494b3deb6d869c79913b168acb7d8966e35d365,G:\Articoli\Articoli da Completare\LoSTer 2026\pilot\runs\ECG200\LoSTer-Legacy-Clean\seed-3\predictions.npy,G:\Articoli\Articoli da Completare\LoSTer 2026\pilot\artifacts\ECG200\LoSTer-Legacy-Clean\seed-3\manifest.json,"{""TEST"": ""c8ac02caf98be23c47c044fde026219301ceaf0b2f97bc107bd0cd96330b867c"", ""TRAIN"": ""bd08b37147ebf205231ad43e02c42dd5c14bc348f4ccc7614f85634c8916bf21""}",0.12924905302972525,0.06491763466778315,0.5819597989949749,0.705,35110400,"{""cluster_contrast"": 2.0834155082702637, ""entropy"": -1.3304224014282227, ""instance"": 11.449373245239258, ""kmeans"": 0.6061137914657593, ""reconstruction"": 0.09181909263134003, ""total"": 12.900299072265625}","{""assignment_change_fraction"": 0.0, ""center_displacements"": [1.5434930901392363e-05, 3.093276245635934e-05], ""center_norms"": [12.537725448608398, 12.299073219299316], ""complete_collapse"": false, ""counts"": [38, 162], ""cumulative_hard_use"": [76, 324], ""dead_center_duration"": [0, 0], ""effective_cluster_count"": 1.6261625325725353, ""hard_entropy"": 0.4862229646617922, ""maximum_cluster_fraction"": 0.81, ""mean_nearest_squared_distance"": 105.88774108886719, ""minimum_center_separation"": 13.9661226272583, ""minimum_cluster_size"": 38, ""minimum_positive_size"": 38, ""near_collapse"": false, ""normalized_hard_entropy"": 0.7014714598838974, ""occupied_clusters"": 2, ""rbf_marginal_entropy"": 0.4862229526042938, ""rbf_mean_row_entropy"": 7.267856716453025e-08, ""s0_marginal_entropy"": 0.6515216827392578, ""s0_mean_row_entropy"": 0.5822031497955322, ""utilization"": 1.0}","{""assignment_change_fraction"": 0.0, ""center_displacements"": [5.817334749735892e-05, 6.697198114125058e-05], ""center_norms"": [6.753368854522705, 8.426581382751465], ""complete_collapse"": false, ""counts"": [112, 88], ""cumulative_hard_use"": [224, 176], ""dead_center_duration"": [0, 0], ""effective_cluster_count"": 1.9856172048699803, ""hard_entropy"": 0.6859298002523728, ""maximum_cluster_fraction"": 0.56, ""mean_nearest_squared_distance"": 205.171875, ""minimum_center_separation"": 12.415029525756836, ""minimum_cluster_size"": 88, ""minimum_positive_size"": 88, ""near_collapse"": false, ""normalized_hard_entropy"": 0.9895875212220555, ""occupied_clusters"": 2, ""rbf_marginal_entropy"": 0.6859278082847595, ""rbf_mean_row_entropy"": 0.005769979674369097, ""s0_marginal_entropy"": 0.6916087865829468, ""s0_mean_row_entropy"": 0.5822031497955322, ""utilization"": 1.0}"
34,ECG200,LoSTer-Legacy-Clean,4,COMPLETE,a247dffdea50e236b171392b8c9336ecd4cc5727,6b7fadb157423247cce7d32c7b5201ac5e0ccbfd6b446d11cf56a9251814114b,2026-10-05T23:14:16.352042+00:00,2026-10-05T23:17:46.707789+00:00,210.34227510000028,cuda,NVIDIA GeForce GTX 1080,2,assignment-change,6.5,G:\Articoli\Articoli da Completare\LoSTer 2026\pilot\artifacts\ECG200\LoSTer-Legacy-Clean\seed-4\complete.pt,06381f2531bb34538266ca76dc9bd8f2ec7206c9e6f6dda30c058adbf8b64b36,G:\Articoli\Articoli da Completare\LoSTer 2026\pilot\runs\ECG200\LoSTer-Legacy-Clean\seed-4\predictions.npy,G:\Articoli\Articoli da Completare\LoSTer 2026\pilot\artifacts\ECG200\LoSTer-Legacy-Clean\seed-4\manifest.json,"{""TEST"": ""c8ac02caf98be23c47c044fde026219301ceaf0b2f97bc107bd0cd96330b867c"", ""TRAIN"": ""bd08b37147ebf205231ad43e02c42dd5c14bc348f4ccc7614f85634c8916bf21""}",0.23027710797703674,0.13732848793645772,0.6231155778894473,0.75,35110400,"{""cluster_contrast"": 2.0708110332489014, ""entropy"": -1.3665164709091187, ""instance"": 11.443916320800781, ""kmeans"": 0.5543757677078247, ""reconstruction"": 0.09530170261859894, ""total"": 12.797887802124023}","{""assignment_change_fraction"": 0.0, ""center_displacements"": [4.375782373244874e-05, 4.258321496308781e-05], ""center_norms"": [12.72297477722168, 14.315383911132812], ""complete_collapse"": false, ""counts"": [145, 55], ""cumulative_hard_use"": [290, 110], ""dead_center_duration"": [0, 0], ""effective_cluster_count"": 1.8006879338394017, ""hard_entropy"": 0.5881687773541907, ""maximum_cluster_fraction"": 0.725, ""mean_nearest_squared_distance"": 84.6253433227539, ""minimum_center_separation"": 14.745820999145508, ""minimum_cluster_size"": 55, ""minimum_positive_size"": 55, ""near_collapse"": false, ""normalized_hard_entropy"": 0.8485481782946158, ""occupied_clusters"": 2, ""rbf_marginal_entropy"": 0.5878857374191284, ""rbf_mean_row_entropy"": 0.0012393551878631115, ""s0_marginal_entropy"": 0.6713664531707764, ""s0_mean_row_entropy"": 0.5822031497955322, ""utilization"": 1.0}","{""assignment_change_fraction"": 0.0, ""center_displacements"": [0.00016813822730910033, 0.00014897171058692038], ""center_norms"": [7.593893527984619, 7.961132526397705], ""complete_collapse"": false, ""counts"": [98, 102], ""cumulative_hard_use"": [196, 204], ""dead_center_duration"": [0, 0], ""effective_cluster_count"": 1.999600013331733, ""hard_entropy"": 0.6929471672244782, ""maximum_cluster_fraction"": 0.51, ""mean_nearest_squared_distance"": 204.1316680908203, ""minimum_center_separation"": 11.703910827636719, ""minimum_cluster_size"": 98, ""minimum_positive_size"": 98, ""near_collapse"": false, ""normalized_hard_entropy"": 0.99971144175281, ""occupied_clusters"": 2, ""rbf_marginal_entropy"": 0.6928590536117554, ""rbf_mean_row_entropy"": 0.005045583937317133, ""s0_marginal_entropy"": 0.6931045055389404, ""s0_mean_row_entropy"": 0.5822031497955322, ""utilization"": 1.0}"
35,ECG200,LoSTer-NoResoftmax,0,COMPLETE,a247dffdea50e236b171392b8c9336ecd4cc5727,418bb85ca7aa23dc45e63bda50ad4bd0eed1d483bdc2d66c65693b97923fb89e,2026-10-05T23:17:48.637160+00:00,2026-10-05T23:17:58.729019+00:00,10.083195900000192,cuda,NVIDIA GeForce GTX 1080,2,assignment-change,6.5,G:\Articoli\Articoli da Completare\LoSTer 2026\pilot\artifacts\ECG200\LoSTer-NoResoftmax\seed-0\complete.pt,52f6b41cf627ad20b412c402b1a99e42e3029ab96d7a7ed72a7c7fda6b6f54fb,G:\Articoli\Articoli da Completare\LoSTer 2026\pilot\runs\ECG200\LoSTer-NoResoftmax\seed-0\predictions.npy,G:\Articoli\Articoli da Completare\LoSTer 2026\pilot\artifacts\ECG200\LoSTer-NoResoftmax\seed-0\manifest.json,"{""TEST"": ""c8ac02caf98be23c47c044fde026219301ceaf0b2f97bc107bd0cd96330b867c"", ""TRAIN"": ""bd08b37147ebf205231ad43e02c42dd5c14bc348f4ccc7614f85634c8916bf21""}",0.25262324195403185,0.1549672342027824,0.6333668341708543,0.76,35101184,"{""cluster_contrast"": 1.8943097591400146, ""entropy"": -1.2872772216796875, ""instance"": 11.444784164428711, ""kmeans"": 0.5808472633361816, ""reconstruction"": 0.10755747556686401, ""total"": 12.740221977233887}","{""assignment_change_fraction"": 0.0, ""center_displacements"": [0.00022957143664825708, 0.00022822426399216056], ""center_norms"": [13.650960922241211, 12.896036148071289], ""complete_collapse"": false, ""counts"": [57, 143], ""cumulative_hard_use"": [114, 286], ""dead_center_duration"": [0, 0], ""effective_cluster_count"": 1.8177761249476785, ""hard_entropy"": 0.5976138445793562, ""maximum_cluster_fraction"": 0.715, ""mean_nearest_squared_distance"": 86.89302825927734, ""minimum_center_separation"": 14.986398696899414, ""minimum_cluster_size"": 57, ""minimum_positive_size"": 57, ""near_collapse"": false, ""normalized_hard_entropy"": 0.8621745299412249, ""occupied_clusters"": 2, ""rbf_marginal_entropy"": 0.5974290370941162, ""rbf_mean_row_entropy"": 0.0013099043862894177, ""s0_marginal_entropy"": 0.6732723116874695, ""s0_mean_row_entropy"": 0.5822031497955322, ""utilization"": 1.0}","{""assignment_change_fraction"": 0.015, ""center_displacements"": [0.0005197920254431665, 0.0005278353928588331], ""center_norms"": [8.040010452270508, 7.509315490722656], ""complete_collapse"": false, ""counts"": [98, 102], ""cumulative_hard_use"": [199, 201], ""dead_center_duration"": [0, 0], ""effective_cluster_count"": 1.999600013331733, ""hard_entropy"": 0.6929471672244782, ""maximum_cluster_fraction"": 0.51, ""mean_nearest_squared_distance"": 204.60487365722656, ""minimum_center_separation"": 11.297897338867188, ""minimum_cluster_size"": 98, ""minimum_positive_size"": 98, ""near_collapse"": false, ""normalized_hard_entropy"": 0.99971144175281, ""occupied_clusters"": 2, ""rbf_marginal_entropy"": 0.6930072903633118, ""rbf_mean_row_entropy"": 0.011022322811186314, ""s0_marginal_entropy"": 0.6931045055389404, ""s0_mean_row_entropy"": 0.5822031497955322, ""utilization"": 1.0}"
36,ECG200,LoSTer-NoResoftmax,1,COMPLETE,a247dffdea50e236b171392b8c9336ecd4cc5727,4f7a86324a36259d356fd23c111f982bca9aa12775b373f9c2fcd3f458c190a3,2026-10-05T23:18:00.596112+00:00,2026-10-05T23:18:10.666531+00:00,10.058467199999996,cuda,NVIDIA GeForce GTX 1080,2,assignment-change,6.5,G:\Articoli\Articoli da Completare\LoSTer 2026\pilot\artifacts\ECG200\LoSTer-NoResoftmax\seed-1\complete.pt,6618fcd5e2e68e2f4fbc0a2f2974a8e6e88fe7c09c67d30ef02c16da2e92e9eb,G:\Articoli\Articoli da Completare\LoSTer 2026\pilot\runs\ECG200\LoSTer-NoResoftmax\seed-1\predictions.npy,G:\Articoli\Articoli da Completare\LoSTer 2026\pilot\artifacts\ECG200\LoSTer-NoResoftmax\seed-1\manifest.json,"{""TEST"": ""c8ac02caf98be23c47c044fde026219301ceaf0b2f97bc107bd0cd96330b867c"", ""TRAIN"": ""bd08b37147ebf205231ad43e02c42dd5c14bc348f4ccc7614f85634c8916bf21""}",0.2287562976246862,0.13609993082321403,0.6231155778894473,0.75,35101184,"{""cluster_contrast"": 1.8279569149017334, ""entropy"": -1.2828762531280518, ""instance"": 11.448357582092285, ""kmeans"": 0.5762900114059448, ""reconstruction"": 0.09561484307050705, ""total"": 12.665342330932617}","{""assignment_change_fraction"": 0.0, ""center_displacements"": [8.353591692866758e-05, 8.60180298332125e-05], ""center_norms"": [12.700153350830078, 14.134980201721191], ""complete_collapse"": false, ""counts"": [147, 53], ""cumulative_hard_use"": [294, 106], ""dead_center_duration"": [0, 0], ""effective_cluster_count"": 1.7828657795522114, ""hard_entropy"": 0.5782220581743532, ""maximum_cluster_fraction"": 0.735, ""mean_nearest_squared_distance"": 87.40544128417969, ""minimum_center_separation"": 15.123917579650879, ""minimum_cluster_size"": 53, ""minimum_positive_size"": 53, ""near_collapse"": false, ""normalized_hard_entropy"": 0.8341980958607491, ""occupied_clusters"": 2, ""rbf_marginal_entropy"": 0.5800400376319885, ""rbf_mean_row_entropy"": 0.003261361736804247, ""s0_marginal_entropy"": 0.6693713665008545, ""s0_mean_row_entropy"": 0.5822031497955322, ""utilization"": 1.0}","{""assignment_change_fraction"": 0.005, ""center_displacements"": [0.00037058116868138313, 0.0003981870540883392], ""center_norms"": [7.406895637512207, 7.540262699127197], ""complete_collapse"": false, ""counts"": [103, 97], ""cumulative_hard_use"": [207, 193], ""dead_center_duration"": [0, 0], ""effective_cluster_count"": 1.9991000674817678, ""hard_entropy"": 0.6926971130356336, ""maximum_cluster_fraction"": 0.515, ""mean_nearest_squared_distance"": 210.97409057617188, ""minimum_center_separation"": 11.980754852294922, ""minimum_cluster_size"": 97, ""minimum_positive_size"": 97, ""near_collapse"": false, ""normalized_hard_entropy"": 0.9993506898146104, ""occupied_clusters"": 2, ""rbf_marginal_entropy"": 0.6926455497741699, ""rbf_mean_row_entropy"": 0.0074685304425656796, ""s0_marginal_entropy"": 0.6930510997772217, ""s0_mean_row_entropy"": 0.5822031497955322, ""utilization"": 1.0}"
37,ECG200,LoSTer-NoResoftmax,2,COMPLETE,a247dffdea50e236b171392b8c9336ecd4cc5727,78b507f9c3f0ab1fe941523b5db595102cc543e89984f2c480ed5a30ff4296e0,2026-10-05T23:18:12.509080+00:00,2026-10-05T23:18:32.620886+00:00,20.099180199999864,cuda,NVIDIA GeForce GTX 1080,3,assignment-change,4.2250000000000005,G:\Articoli\Articoli da Completare\LoSTer 2026\pilot\artifacts\ECG200\LoSTer-NoResoftmax\seed-2\complete.pt,112ae74866a5871bb30263b6fa5fff9d3beeeb433443b17b2142006a6d2fa41c,G:\Articoli\Articoli da Completare\LoSTer 2026\pilot\runs\ECG200\LoSTer-NoResoftmax\seed-2\predictions.npy,G:\Articoli\Articoli da Completare\LoSTer 2026\pilot\artifacts\ECG200\LoSTer-NoResoftmax\seed-2\manifest.json,"{""TEST"": ""c8ac02caf98be23c47c044fde026219301ceaf0b2f97bc107bd0cd96330b867c"", ""TRAIN"": ""bd08b37147ebf205231ad43e02c42dd5c14bc348f4ccc7614f85634c8916bf21""}",0.2539638948705609,0.1565053058416468,0.6333668341708543,0.76,35101184,"{""cluster_contrast"": 1.900076150894165, ""entropy"": -1.2649509906768799, ""instance"": 11.433401107788086, ""kmeans"": 0.5888122916221619, ""reconstruction"": 0.10242167115211487, ""total"": 12.759759902954102}","{""assignment_change_fraction"": 0.0, ""center_displacements"": [3.58390825567767e-05, 2.8043943530065008e-05], ""center_norms"": [12.591032028198242, 14.127965927124023], ""complete_collapse"": false, ""counts"": [141, 59], ""cumulative_hard_use"": [424, 176], ""dead_center_duration"": [0, 0], ""effective_cluster_count"": 1.8341260442295557, ""hard_entropy"": 0.6065680978792408, ""maximum_cluster_fraction"": 0.705, ""mean_nearest_squared_distance"": 90.61831665039062, ""minimum_center_separation"": 15.416847229003906, ""minimum_cluster_size"": 59, ""minimum_positive_size"": 59, ""near_collapse"": false, ""normalized_hard_entropy"": 0.8750927867718321, ""occupied_clusters"": 2, ""rbf_marginal_entropy"": 0.6065680980682373, ""rbf_mean_row_entropy"": 2.2856337267285198e-08, ""s0_marginal_entropy"": 0.6750891804695129, ""s0_mean_row_entropy"": 0.5822031497955322, ""utilization"": 1.0}","{""assignment_change_fraction"": 0.01, ""center_displacements"": [0.00039573232061229646, 0.0004178911622148007], ""center_norms"": [8.02616024017334, 7.647151470184326], ""complete_collapse"": false, ""counts"": [88, 112], ""cumulative_hard_use"": [268, 332], ""dead_center_duration"": [0, 0], ""effective_cluster_count"": 1.9856172048699803, ""hard_entropy"": 0.6859298002523728, ""maximum_cluster_fraction"": 0.56, ""mean_nearest_squared_distance"": 203.5016326904297, ""minimum_center_separation"": 12.160845756530762, ""minimum_cluster_size"": 88, ""minimum_positive_size"": 88, ""near_collapse"": false, ""normalized_hard_entropy"": 0.9895875212220555, ""occupied_clusters"": 2, ""rbf_marginal_entropy"": 0.6858967542648315, ""rbf_mean_row_entropy"": 0.009278405457735062, ""s0_marginal_entropy"": 0.6916087865829468, ""s0_mean_row_entropy"": 0.5822031497955322, ""utilization"": 1.0}"
38,ECG200,LoSTer-NoResoftmax,3,COMPLETE,a247dffdea50e236b171392b8c9336ecd4cc5727,4d90c66bc25586b3d4b1b9d4ed2842f323d6ed44a7d3fd8a6157ba2cf7d3b2f0,2026-10-05T23:18:34.502200+00:00,2026-10-05T23:18:44.579759+00:00,10.068208400000003,cuda,NVIDIA GeForce GTX 1080,2,assignment-change,6.5,G:\Articoli\Articoli da Completare\LoSTer 2026\pilot\artifacts\ECG200\LoSTer-NoResoftmax\seed-3\complete.pt,9c1ca490776fc5387a87383d3c2b761d0a43be2d47dfa04886d55a1fb2a3438e,G:\Articoli\Articoli da Completare\LoSTer 2026\pilot\runs\ECG200\LoSTer-NoResoftmax\seed-3\predictions.npy,G:\Articoli\Articoli da Completare\LoSTer 2026\pilot\artifacts\ECG200\LoSTer-NoResoftmax\seed-3\manifest.json,"{""TEST"": ""c8ac02caf98be23c47c044fde026219301ceaf0b2f97bc107bd0cd96330b867c"", ""TRAIN"": ""bd08b37147ebf205231ad43e02c42dd5c14bc348f4ccc7614f85634c8916bf21""}",0.12924905302972525,0.06491763466778315,0.5819597989949749,0.705,35101184,"{""cluster_contrast"": 1.8923476934432983, ""entropy"": -1.1032158136367798, ""instance"": 11.449380874633789, ""kmeans"": 0.6064094305038452, ""reconstruction"": 0.09184744954109192, ""total"": 12.936769485473633}","{""assignment_change_fraction"": 0.0, ""center_displacements"": [4.6560850023524836e-05, 4.9460988520877436e-05], ""center_norms"": [12.5377197265625, 12.299077033996582], ""complete_collapse"": false, ""counts"": [38, 162], ""cumulative_hard_use"": [76, 324], ""dead_center_duration"": [0, 0], ""effective_cluster_count"": 1.6261625325725353, ""hard_entropy"": 0.4862229646617922, ""maximum_cluster_fraction"": 0.81, ""mean_nearest_squared_distance"": 106.00311279296875, ""minimum_center_separation"": 13.966121673583984, ""minimum_cluster_size"": 38, ""minimum_positive_size"": 38, ""near_collapse"": false, ""normalized_hard_entropy"": 0.7014714598838974, ""occupied_clusters"": 2, ""rbf_marginal_entropy"": 0.4862229526042938, ""rbf_mean_row_entropy"": 6.168153277030797e-08, ""s0_marginal_entropy"": 0.6515216827392578, ""s0_mean_row_entropy"": 0.5822031497955322, ""utilization"": 1.0}","{""assignment_change_fraction"": 0.0, ""center_displacements"": [0.00026982216513715684, 0.00030303417588584125], ""center_norms"": [6.753336429595947, 8.426617622375488], ""complete_collapse"": false, ""counts"": [111, 89], ""cumulative_hard_use"": [222, 178], ""dead_center_duration"": [0, 0], ""effective_cluster_count"": 1.9879121563051896, ""hard_entropy"": 0.6870849202888889, ""maximum_cluster_fraction"": 0.555, ""mean_nearest_squared_distance"": 205.35858154296875, ""minimum_center_separation"": 12.415029525756836, ""minimum_cluster_size"": 89, ""minimum_positive_size"": 89, ""near_collapse"": false, ""normalized_hard_entropy"": 0.9912540071703688, ""occupied_clusters"": 2, ""rbf_marginal_entropy"": 0.6867631673812866, ""rbf_mean_row_entropy"": 0.0047838082537055016, ""s0_marginal_entropy"": 0.6918546557426453, ""s0_mean_row_entropy"": 0.5822031497955322, ""utilization"": 1.0}"
39,ECG200,LoSTer-NoResoftmax,4,COMPLETE,a247dffdea50e236b171392b8c9336ecd4cc5727,2c3ce47406a6408f9009ca1996efc20e15725408a0cd6f7b0b8f64c1388e4a4f,2026-10-05T23:18:46.480403+00:00,2026-10-05T23:19:06.570977+00:00,20.07757270000002,cuda,NVIDIA GeForce GTX 1080,5,assignment-change,1.7850625000000004,G:\Articoli\Articoli da Completare\LoSTer 2026\pilot\artifacts\ECG200\LoSTer-NoResoftmax\seed-4\complete.pt,bca519dac2011406dd8d0ee29a1378a6b93eab53a5167eeb065ebb84f9902d12,G:\Articoli\Articoli da Completare\LoSTer 2026\pilot\runs\ECG200\LoSTer-NoResoftmax\seed-4\predictions.npy,G:\Articoli\Articoli da Completare\LoSTer 2026\pilot\artifacts\ECG200\LoSTer-NoResoftmax\seed-4\manifest.json,"{""TEST"": ""c8ac02caf98be23c47c044fde026219301ceaf0b2f97bc107bd0cd96330b867c"", ""TRAIN"": ""bd08b37147ebf205231ad43e02c42dd5c14bc348f4ccc7614f85634c8916bf21""}",0.23027710797703674,0.13732848793645772,0.6231155778894473,0.75,35101184,"{""cluster_contrast"": 1.8448115587234497, ""entropy"": -1.2786961793899536, ""instance"": 11.442687034606934, ""kmeans"": 0.5623568296432495, ""reconstruction"": 0.09767461568117142, ""total"": 12.66883373260498}","{""assignment_change_fraction"": 0.0, ""center_displacements"": [1.8655320673133247e-05, 5.9496383073565084e-06], ""center_norms"": [12.722949028015137, 14.315374374389648], ""complete_collapse"": false, ""counts"": [145, 55], ""cumulative_hard_use"": [720, 280], ""dead_center_duration"": [0, 0], ""effective_cluster_count"": 1.8006879338394017, ""hard_entropy"": 0.5881687773541907, ""maximum_cluster_fraction"": 0.725, ""mean_nearest_squared_distance"": 85.5921401977539, ""minimum_center_separation"": 14.745810508728027, ""minimum_cluster_size"": 55, ""minimum_positive_size"": 55, ""near_collapse"": false, ""normalized_hard_entropy"": 0.8485481782946158, ""occupied_clusters"": 2, ""rbf_marginal_entropy"": 0.5884900689125061, ""rbf_mean_row_entropy"": 0.0014108086470514536, ""s0_marginal_entropy"": 0.6713664531707764, ""s0_mean_row_entropy"": 0.5822031497955322, ""utilization"": 1.0}","{""assignment_change_fraction"": 0.0, ""center_displacements"": [3.608169936342165e-05, 5.4796706535853446e-05], ""center_norms"": [7.594255447387695, 7.960680961608887], ""complete_collapse"": false, ""counts"": [96, 104], ""cumulative_hard_use"": [484, 516], ""dead_center_duration"": [0, 0], ""effective_cluster_count"": 1.9984002132308607, ""hard_entropy"": 0.6923469670899615, ""maximum_cluster_fraction"": 0.52, ""mean_nearest_squared_distance"": 203.22984313964844, ""minimum_center_separation"": 11.703841209411621, ""minimum_cluster_size"": 96, ""minimum_positive_size"": 96, ""near_collapse"": false, ""normalized_hard_entropy"": 0.9988455359952018, ""occupied_clusters"": 2, ""rbf_marginal_entropy"": 0.6923401355743408, ""rbf_mean_row_entropy"": 0.0008303557988256216, ""s0_marginal_entropy"": 0.6929763555526733, ""s0_mean_row_entropy"": 0.5822031497955322, ""utilization"": 1.0}"
40,ECG200,LoSTer-AlignedInit,0,COMPLETE,a247dffdea50e236b171392b8c9336ecd4cc5727,7ffcef9dbd5c7cd35a4d18a8c1fe44f8f76d6756d94dd0209b0e892bd66b2458,2026-10-05T23:19:08.452416+00:00,2026-10-05T23:19:18.539214+00:00,10.075380199999927,cuda,NVIDIA GeForce GTX 1080,2,assignment-change,6.5,G:\Articoli\Articoli da Completare\LoSTer 2026\pilot\artifacts\ECG200\LoSTer-AlignedInit\seed-0\complete.pt,2f4afb407d6b082c4070ff801c347b2a0e7b3468695aea0393c076ad69b0d514,G:\Articoli\Articoli da Completare\LoSTer 2026\pilot\runs\ECG200\LoSTer-AlignedInit\seed-0\predictions.npy,G:\Articoli\Articoli da Completare\LoSTer 2026\pilot\artifacts\ECG200\LoSTer-AlignedInit\seed-0\manifest.json,"{""TEST"": ""c8ac02caf98be23c47c044fde026219301ceaf0b2f97bc107bd0cd96330b867c"", ""TRAIN"": ""bd08b37147ebf205231ad43e02c42dd5c14bc348f4ccc7614f85634c8916bf21""}",0.25262324195403185,0.1549672342027824,0.6333668341708543,0.76,35110400,"{""cluster_contrast"": 2.1006226539611816, ""entropy"": -1.3642077445983887, ""instance"": 11.445642471313477, ""kmeans"": 0.579750657081604, ""reconstruction"": 0.10753106325864792, ""total"": 12.869338989257812}","{""assignment_change_fraction"": 0.0, ""center_displacements"": [6.12503572483547e-05, 6.17953046457842e-05], ""center_norms"": [13.650813102722168, 12.896207809448242], ""complete_collapse"": false, ""counts"": [57, 143], ""cumulative_hard_use"": [114, 286], ""dead_center_duration"": [0, 0], ""effective_cluster_count"": 1.8177761249476785, ""hard_entropy"": 0.5976138445793562, ""maximum_cluster_fraction"": 0.715, ""mean_nearest_squared_distance"": 86.04624938964844, ""minimum_center_separation"": 14.986411094665527, ""minimum_cluster_size"": 57, ""minimum_positive_size"": 57, ""near_collapse"": false, ""normalized_hard_entropy"": 0.8621745299412249, ""occupied_clusters"": 2, ""rbf_marginal_entropy"": 0.5976114273071289, ""rbf_mean_row_entropy"": 2.352939554839395e-05, ""s0_marginal_entropy"": 0.6732723116874695, ""s0_mean_row_entropy"": 0.5822031497955322, ""utilization"": 1.0}","{""assignment_change_fraction"": 0.0, ""center_displacements"": [0.0001519973884569481, 0.00013446554658003151], ""center_norms"": [7.509746551513672, 8.039582252502441], ""complete_collapse"": false, ""counts"": [98, 102], ""cumulative_hard_use"": [196, 204], ""dead_center_duration"": [0, 0], ""effective_cluster_count"": 1.999600013331733, ""hard_entropy"": 0.6929471672244782, ""maximum_cluster_fraction"": 0.51, ""mean_nearest_squared_distance"": 204.21292114257812, ""minimum_center_separation"": 11.29792308807373, ""minimum_cluster_size"": 98, ""minimum_positive_size"": 98, ""near_collapse"": false, ""normalized_hard_entropy"": 0.99971144175281, ""occupied_clusters"": 2, ""rbf_marginal_entropy"": 0.6929449439048767, ""rbf_mean_row_entropy"": 0.0084333885461092, ""s0_marginal_entropy"": 0.6931045055389404, ""s0_mean_row_entropy"": 0.5822031497955322, ""utilization"": 1.0}"
41,ECG200,LoSTer-AlignedInit,1,COMPLETE,a247dffdea50e236b171392b8c9336ecd4cc5727,c38afd2b83c7b56c2d5be879c4fa97f518cebe2dec001d227ad5820ca99f53ab,2026-10-05T23:19:20.409609+00:00,2026-10-05T23:19:30.497253+00:00,10.076492900000176,cuda,NVIDIA GeForce GTX 1080,2,assignment-change,6.5,G:\Articoli\Articoli da Completare\LoSTer 2026\pilot\artifacts\ECG200\LoSTer-AlignedInit\seed-1\complete.pt,c3d9c2476976e61a99bb36d9d82a13fcc2aa1094182f84f7d77e69869fc1c2d4,G:\Articoli\Articoli da Completare\LoSTer 2026\pilot\runs\ECG200\LoSTer-AlignedInit\seed-1\predictions.npy,G:\Articoli\Articoli da Completare\LoSTer 2026\pilot\artifacts\ECG200\LoSTer-AlignedInit\seed-1\manifest.json,"{""TEST"": ""c8ac02caf98be23c47c044fde026219301ceaf0b2f97bc107bd0cd96330b867c"", ""TRAIN"": ""bd08b37147ebf205231ad43e02c42dd5c14bc348f4ccc7614f85634c8916bf21""}",0.2287562976246862,0.13609993082321403,0.6231155778894473,0.75,35110400,"{""cluster_contrast"": 2.0601139068603516, ""entropy"": -1.3644373416900635, ""instance"": 11.449075698852539, ""kmeans"": 0.5753729343414307, ""reconstruction"": 0.09531527757644653, ""total"": 12.815441131591797}","{""assignment_change_fraction"": 0.0, ""center_displacements"": [2.489549297024496e-05, 2.19366902456386e-05], ""center_norms"": [12.700072288513184, 14.135078430175781], ""complete_collapse"": false, ""counts"": [147, 53], ""cumulative_hard_use"": [294, 106], ""dead_center_duration"": [0, 0], ""effective_cluster_count"": 1.7828657795522114, ""hard_entropy"": 0.5782220581743532, ""maximum_cluster_fraction"": 0.735, ""mean_nearest_squared_distance"": 87.11178588867188, ""minimum_center_separation"": 15.12392807006836, ""minimum_cluster_size"": 53, ""minimum_positive_size"": 53, ""near_collapse"": false, ""normalized_hard_entropy"": 0.8341980958607491, ""occupied_clusters"": 2, ""rbf_marginal_entropy"": 0.578231692314148, ""rbf_mean_row_entropy"": 6.850519275758415e-05, ""s0_marginal_entropy"": 0.6693713665008545, ""s0_mean_row_entropy"": 0.5822031497955322, ""utilization"": 1.0}","{""assignment_change_fraction"": 0.0, ""center_displacements"": [0.00012089334632037207, 0.00016444759967271239], ""center_norms"": [7.406918525695801, 7.540248870849609], ""complete_collapse"": false, ""counts"": [104, 96], ""cumulative_hard_use"": [208, 192], ""dead_center_duration"": [0, 0], ""effective_cluster_count"": 1.9984002132308607, ""hard_entropy"": 0.6923469670899615, ""maximum_cluster_fraction"": 0.52, ""mean_nearest_squared_distance"": 210.80198669433594, ""minimum_center_separation"": 11.980765342712402, ""minimum_cluster_size"": 96, ""minimum_positive_size"": 96, ""near_collapse"": false, ""normalized_hard_entropy"": 0.9988455359952018, ""occupied_clusters"": 2, ""rbf_marginal_entropy"": 0.692536473274231, ""rbf_mean_row_entropy"": 0.01002309937030077, ""s0_marginal_entropy"": 0.6929763555526733, ""s0_mean_row_entropy"": 0.5822031497955322, ""utilization"": 1.0}"
42,ECG200,LoSTer-AlignedInit,2,COMPLETE,a247dffdea50e236b171392b8c9336ecd4cc5727,56506a129dcd6f0dcc2f86182fb3179750b695058cb8dacaf4a1424082ba09f4,2026-10-05T23:19:32.367217+00:00,2026-10-05T23:19:42.440686+00:00,10.061033699999825,cuda,NVIDIA GeForce GTX 1080,2,assignment-change,6.5,G:\Articoli\Articoli da Completare\LoSTer 2026\pilot\artifacts\ECG200\LoSTer-AlignedInit\seed-2\complete.pt,bc29a94fc6e918945bd814544966f4c7dea9d4764cb700022fbec610612c9288,G:\Articoli\Articoli da Completare\LoSTer 2026\pilot\runs\ECG200\LoSTer-AlignedInit\seed-2\predictions.npy,G:\Articoli\Articoli da Completare\LoSTer 2026\pilot\artifacts\ECG200\LoSTer-AlignedInit\seed-2\manifest.json,"{""TEST"": ""c8ac02caf98be23c47c044fde026219301ceaf0b2f97bc107bd0cd96330b867c"", ""TRAIN"": ""bd08b37147ebf205231ad43e02c42dd5c14bc348f4ccc7614f85634c8916bf21""}",0.23172619444287815,0.13876468501408243,0.6231155778894473,0.75,35110400,"{""cluster_contrast"": 2.0719175338745117, ""entropy"": -1.3644373416900635, ""instance"": 11.43360424041748, ""kmeans"": 0.5729725360870361, ""reconstruction"": 0.10466161370277405, ""total"": 12.818718910217285}","{""assignment_change_fraction"": 0.0, ""center_displacements"": [2.7520047297002748e-05, 2.6410354621475562e-05], ""center_norms"": [12.591004371643066, 14.128068923950195], ""complete_collapse"": false, ""counts"": [143, 57], ""cumulative_hard_use"": [286, 114], ""dead_center_duration"": [0, 0], ""effective_cluster_count"": 1.8177761249476785, ""hard_entropy"": 0.5976138445793562, ""maximum_cluster_fraction"": 0.715, ""mean_nearest_squared_distance"": 88.44905090332031, ""minimum_center_separation"": 15.41685676574707, ""minimum_cluster_size"": 57, ""minimum_positive_size"": 57, ""near_collapse"": false, ""normalized_hard_entropy"": 0.8621745299412249, ""occupied_clusters"": 2, ""rbf_marginal_entropy"": 0.5975434184074402, ""rbf_mean_row_entropy"": 0.00039709886186756194, ""s0_marginal_entropy"": 0.6732723116874695, ""s0_mean_row_entropy"": 0.5822031497955322, ""utilization"": 1.0}","{""assignment_change_fraction"": 0.0, ""center_displacements"": [0.00013067544205114245, 0.00012234052701387554], ""center_norms"": [8.026071548461914, 7.6472649574279785], ""complete_collapse"": false, ""counts"": [91, 109], ""cumulative_hard_use"": [182, 218], ""dead_center_duration"": [0, 0], ""effective_cluster_count"": 1.9919054541660899, ""hard_entropy"": 0.6890916952679865, ""maximum_cluster_fraction"": 0.545, ""mean_nearest_squared_distance"": 203.4637451171875, ""minimum_center_separation"": 12.160874366760254, ""minimum_cluster_size"": 91, ""minimum_positive_size"": 91, ""near_collapse"": false, ""normalized_hard_entropy"": 0.994149171480893, ""occupied_clusters"": 2, ""rbf_marginal_entropy"": 0.6892113089561462, ""rbf_mean_row_entropy"": 0.006490119732916355, ""s0_marginal_entropy"": 0.6922820806503296, ""s0_mean_row_entropy"": 0.5822031497955322, ""utilization"": 1.0}"
43,ECG200,LoSTer-AlignedInit,3,COMPLETE,a247dffdea50e236b171392b8c9336ecd4cc5727,27570ae9921a032cde7c4fca2fcd95177757acb4fb79dd95439633cee3a454f9,2026-10-05T23:19:44.331243+00:00,2026-10-05T23:19:54.419045+00:00,10.074490400000286,cuda,NVIDIA GeForce GTX 1080,2,assignment-change,6.5,G:\Articoli\Articoli da Completare\LoSTer 2026\pilot\artifacts\ECG200\LoSTer-AlignedInit\seed-3\complete.pt,e0a0177c96259015e7f834edd506f3778aae2276ea7ef14d214d973a54972620,G:\Articoli\Articoli da Completare\LoSTer 2026\pilot\runs\ECG200\LoSTer-AlignedInit\seed-3\predictions.npy,G:\Articoli\Articoli da Completare\LoSTer 2026\pilot\artifacts\ECG200\LoSTer-AlignedInit\seed-3\manifest.json,"{""TEST"": ""c8ac02caf98be23c47c044fde026219301ceaf0b2f97bc107bd0cd96330b867c"", ""TRAIN"": ""bd08b37147ebf205231ad43e02c42dd5c14bc348f4ccc7614f85634c8916bf21""}",0.12924905302972525,0.06491763466778315,0.5819597989949749,0.705,35110400,"{""cluster_contrast"": 2.0834155082702637, ""entropy"": -1.3304224014282227, ""instance"": 11.449373245239258, ""kmeans"": 0.6061137914657593, ""reconstruction"": 0.09181909263134003, ""total"": 12.900299072265625}","{""assignment_change_fraction"": 0.0, ""center_displacements"": [1.5434930901392363e-05, 3.093276245635934e-05], ""center_norms"": [12.537725448608398, 12.299073219299316], ""complete_collapse"": false, ""counts"": [38, 162], ""cumulative_hard_use"": [76, 324], ""dead_center_duration"": [0, 0], ""effective_cluster_count"": 1.6261625325725353, ""hard_entropy"": 0.4862229646617922, ""maximum_cluster_fraction"": 0.81, ""mean_nearest_squared_distance"": 105.88774108886719, ""minimum_center_separation"": 13.9661226272583, ""minimum_cluster_size"": 38, ""minimum_positive_size"": 38, ""near_collapse"": false, ""normalized_hard_entropy"": 0.7014714598838974, ""occupied_clusters"": 2, ""rbf_marginal_entropy"": 0.4862229526042938, ""rbf_mean_row_entropy"": 7.267856716453025e-08, ""s0_marginal_entropy"": 0.6515216827392578, ""s0_mean_row_entropy"": 0.5822031497955322, ""utilization"": 1.0}","{""assignment_change_fraction"": 0.0, ""center_displacements"": [5.817334749735892e-05, 6.697198114125058e-05], ""center_norms"": [6.753368854522705, 8.426581382751465], ""complete_collapse"": false, ""counts"": [112, 88], ""cumulative_hard_use"": [224, 176], ""dead_center_duration"": [0, 0], ""effective_cluster_count"": 1.9856172048699803, ""hard_entropy"": 0.6859298002523728, ""maximum_cluster_fraction"": 0.56, ""mean_nearest_squared_distance"": 205.171875, ""minimum_center_separation"": 12.415029525756836, ""minimum_cluster_size"": 88, ""minimum_positive_size"": 88, ""near_collapse"": false, ""normalized_hard_entropy"": 0.9895875212220555, ""occupied_clusters"": 2, ""rbf_marginal_entropy"": 0.6859278082847595, ""rbf_mean_row_entropy"": 0.005769979674369097, ""s0_marginal_entropy"": 0.6916087865829468, ""s0_mean_row_entropy"": 0.5822031497955322, ""utilization"": 1.0}"
44,ECG200,LoSTer-AlignedInit,4,COMPLETE,a247dffdea50e236b171392b8c9336ecd4cc5727,b24161171eacd5d83fef23e1433ff3ff7c89541f259b5461804855c11486c5c8,2026-10-05T23:19:56.304177+00:00,2026-10-05T23:20:06.378498+00:00,10.061944400000357,cuda,NVIDIA GeForce GTX 1080,2,assignment-change,6.5,G:\Articoli\Articoli da Completare\LoSTer 2026\pilot\artifacts\ECG200\LoSTer-AlignedInit\seed-4\complete.pt,88d124769934f2f339fabd3b52ae0924e1166853a830842ce3803ce9080078bc,G:\Articoli\Articoli da Completare\LoSTer 2026\pilot\runs\ECG200\LoSTer-AlignedInit\seed-4\predictions.npy,G:\Articoli\Articoli da Completare\LoSTer 2026\pilot\artifacts\ECG200\LoSTer-AlignedInit\seed-4\manifest.json,"{""TEST"": ""c8ac02caf98be23c47c044fde026219301ceaf0b2f97bc107bd0cd96330b867c"", ""TRAIN"": ""bd08b37147ebf205231ad43e02c42dd5c14bc348f4ccc7614f85634c8916bf21""}",0.23027710797703674,0.13732848793645772,0.6231155778894473,0.75,35110400,"{""cluster_contrast"": 2.0708110332489014, ""entropy"": -1.3665164709091187, ""instance"": 11.443916320800781, ""kmeans"": 0.5543757677078247, ""reconstruction"": 0.09530170261859894, ""total"": 12.797887802124023}","{""assignment_change_fraction"": 0.0, ""center_displacements"": [4.375782373244874e-05, 4.258321496308781e-05], ""center_norms"": [12.72297477722168, 14.315383911132812], ""complete_collapse"": false, ""counts"": [145, 55], ""cumulative_hard_use"": [290, 110], ""dead_center_duration"": [0, 0], ""effective_cluster_count"": 1.8006879338394017, ""hard_entropy"": 0.5881687773541907, ""maximum_cluster_fraction"": 0.725, ""mean_nearest_squared_distance"": 84.6253433227539, ""minimum_center_separation"": 14.745820999145508, ""minimum_cluster_size"": 55, ""minimum_positive_size"": 55, ""near_collapse"": false, ""normalized_hard_entropy"": 0.8485481782946158, ""occupied_clusters"": 2, ""rbf_marginal_entropy"": 0.5878857374191284, ""rbf_mean_row_entropy"": 0.0012393551878631115, ""s0_marginal_entropy"": 0.6713664531707764, ""s0_mean_row_entropy"": 0.5822031497955322, ""utilization"": 1.0}","{""assignment_change_fraction"": 0.0, ""center_displacements"": [0.00016813822730910033, 0.00014897171058692038], ""center_norms"": [7.593893527984619, 7.961132526397705], ""complete_collapse"": false, ""counts"": [98, 102], ""cumulative_hard_use"": [196, 204], ""dead_center_duration"": [0, 0], ""effective_cluster_count"": 1.999600013331733, ""hard_entropy"": 0.6929471672244782, ""maximum_cluster_fraction"": 0.51, ""mean_nearest_squared_distance"": 204.1316680908203, ""minimum_center_separation"": 11.703910827636719, ""minimum_cluster_size"": 98, ""minimum_positive_size"": 98, ""near_collapse"": false, ""normalized_hard_entropy"": 0.99971144175281, ""occupied_clusters"": 2, ""rbf_marginal_entropy"": 0.6928590536117554, ""rbf_mean_row_entropy"": 0.005045583937317133, ""s0_marginal_entropy"": 0.6931045055389404, ""s0_mean_row_entropy"": 0.5822031497955322, ""utilization"": 1.0}"
45,OSULeaf,LoSTer-Legacy-Clean,0,COMPLETE,a247dffdea50e236b171392b8c9336ecd4cc5727,190e381caa979a9476742271210e2e5b2b582317fc7394a26ff9a43550d99272,2026-10-05T22:11:36.509940+00:00,2026-10-05T22:15:16.764940+00:00,220.23771929999998,cuda,NVIDIA GeForce GTX 1080,2,assignment-change,6.5,G:\Articoli\Articoli da Completare\LoSTer 2026\pilot\artifacts\OSULeaf\LoSTer-Legacy-Clean\seed-0\complete.pt,bddb0db03939466d2da0f7573e2f7513a200342bb447be6a935c478ea5e3a983,G:\Articoli\Articoli da Completare\LoSTer 2026\pilot\runs\OSULeaf\LoSTer-Legacy-Clean\seed-0\predictions.npy,G:\Articoli\Articoli da Completare\LoSTer 2026\pilot\artifacts\OSULeaf\LoSTer-Legacy-Clean\seed-0\manifest.json,"{""TEST"": ""89c846159a1ac5480bcc4e22f01afe0d3a67ef59878c27fca6d3ee9b0da980e9"", ""TRAIN"": ""04684daa02bc30798ac0bad45f2b48440446b74e7b47ca4626df933a4f88e816""}",0.1509754251413825,0.20462832786425855,0.7569899754773705,0.38461538461538464,46750208,"{""cluster_contrast"": 4.772217273712158, ""entropy"": -3.580899159113566, ""instance"": 11.194036801656088, ""kmeans"": 0.7248227993647257, ""reconstruction"": 0.052588959534962974, ""total"": 13.162766774495443}","{""assignment_change_fraction"": 0.0, ""center_displacements"": [5.7854533224599436e-05, 0.00011433965846663341, 0.00011576693214010447, 7.819495658623055e-05, 7.550488953711465e-05, 7.956597255542874e-05], ""center_norms"": [9.842409133911133, 10.980412483215332, 7.339544296264648, 10.026762962341309, 11.9187593460083, 6.893558979034424], ""complete_collapse"": false, ""counts"": [69, 75, 72, 56, 102, 68], ""cumulative_hard_use"": [138, 150, 144, 112, 204, 136], ""dead_center_duration"": [0, 0, 0, 0, 0, 0], ""effective_cluster_count"": 5.8980202986940755, ""hard_entropy"": 1.774616752010437, ""maximum_cluster_fraction"": 0.23076923076923078, ""mean_nearest_squared_distance"": 159.4590301513672, ""minimum_center_separation"": 9.370636940002441, ""minimum_cluster_size"": 56, ""minimum_positive_size"": 56, ""near_collapse"": false, ""normalized_hard_entropy"": 0.9904324673528844, ""occupied_clusters"": 6, ""rbf_marginal_entropy"": 1.7747018337249756, ""rbf_mean_row_entropy"": 0.007859514094889164, ""s0_marginal_entropy"": 1.7908786535263062, ""s0_mean_row_entropy"": 1.6914043426513672, ""utilization"": 1.0}","{""assignment_change_fraction"": 0.006787330316742082, ""center_displacements"": [0.00013847247464582324, 0.00016084931849036366, 0.0001160056417575106, 0.00010962587111862376, 0.00014531156921293586, 0.00013039847544860095], ""center_norms"": [7.330968379974365, 7.312936305999756, 7.747519016265869, 7.825052738189697, 7.210758686065674, 7.64382791519165], ""complete_collapse"": false, ""counts"": [76, 93, 76, 67, 60, 70], ""cumulative_hard_use"": [153, 184, 153, 134, 119, 141], ""dead_center_duration"": [0, 0, 0, 0, 0, 0], ""effective_cluster_count"": 5.943637201657022, ""hard_entropy"": 1.7823212694922885, ""maximum_cluster_fraction"": 0.21040723981900453, ""mean_nearest_squared_distance"": 209.70655822753906, ""minimum_center_separation"": 9.358226776123047, ""minimum_cluster_size"": 60, ""minimum_positive_size"": 60, ""near_collapse"": false, ""normalized_hard_entropy"": 0.9947324404319556, ""occupied_clusters"": 6, ""rbf_marginal_entropy"": 1.7820931673049927, ""rbf_mean_row_entropy"": 0.04278207942843437, ""s0_marginal_entropy"": 1.7912836074829102, ""s0_mean_row_entropy"": 1.6914043426513672, ""utilization"": 1.0}"
46,OSULeaf,LoSTer-Legacy-Clean,1,COMPLETE,a247dffdea50e236b171392b8c9336ecd4cc5727,b31495016a276d84ea09284db1456bfccd54805a2797a0b7d6bdcc439d24669c,2026-10-05T23:20:19.533624+00:00,2026-10-05T23:23:59.801948+00:00,220.25387939999973,cuda,NVIDIA GeForce GTX 1080,2,assignment-change,6.5,G:\Articoli\Articoli da Completare\LoSTer 2026\pilot\artifacts\OSULeaf\LoSTer-Legacy-Clean\seed-1\complete.pt,ed8ff796f5ebd9fba7a4cd43ac589423bdd6c11b78e98de4267fd900b11021c6,G:\Articoli\Articoli da Completare\LoSTer 2026\pilot\runs\OSULeaf\LoSTer-Legacy-Clean\seed-1\predictions.npy,G:\Articoli\Articoli da Completare\LoSTer 2026\pilot\artifacts\OSULeaf\LoSTer-Legacy-Clean\seed-1\manifest.json,"{""TEST"": ""89c846159a1ac5480bcc4e22f01afe0d3a67ef59878c27fca6d3ee9b0da980e9"", ""TRAIN"": ""04684daa02bc30798ac0bad45f2b48440446b74e7b47ca4626df933a4f88e816""}",0.1748759227134702,0.24050256463261252,0.754127291942418,0.42081447963800905,46750208,"{""cluster_contrast"": 4.755686124165853, ""entropy"": -3.578108310699463, ""instance"": 11.185480435689291, ""kmeans"": 0.7151473760604858, ""reconstruction"": 0.05368631333112717, ""total"": 13.131891886393229}","{""assignment_change_fraction"": 0.0, ""center_displacements"": [6.476569251390174e-05, 7.549245492555201e-05, 5.2759540267288685e-05, 6.190767453517765e-05, 4.899678242509253e-05, 8.719175821170211e-05], ""center_norms"": [10.235066413879395, 10.289113998413086, 11.6721773147583, 10.399041175842285, 10.878918647766113, 6.286615371704102], ""complete_collapse"": false, ""counts"": [95, 43, 114, 53, 44, 93], ""cumulative_hard_use"": [190, 86, 228, 106, 88, 186], ""dead_center_duration"": [0, 0, 0, 0, 0, 0], ""effective_cluster_count"": 5.576711392121995, ""hard_entropy"": 1.71859924640402, ""maximum_cluster_fraction"": 0.2579185520361991, ""mean_nearest_squared_distance"": 155.66358947753906, ""minimum_center_separation"": 10.593101501464844, ""minimum_cluster_size"": 43, ""minimum_positive_size"": 43, ""near_collapse"": false, ""normalized_hard_entropy"": 0.959168502201049, ""occupied_clusters"": 6, ""rbf_marginal_entropy"": 1.7181390523910522, ""rbf_mean_row_entropy"": 0.0052360547706484795, ""s0_marginal_entropy"": 1.7881886959075928, ""s0_mean_row_entropy"": 1.6914043426513672, ""utilization"": 1.0}","{""assignment_change_fraction"": 0.0022624434389140274, ""center_displacements"": [0.0001369932433590293, 9.813155338633806e-05, 0.00011450963211245835, 0.00011597989214351401, 0.00012951662938576192, 0.00015249046555254608], ""center_norms"": [7.3414483070373535, 9.158224105834961, 7.938115119934082, 7.465973854064941, 7.527508735656738, 7.576135158538818], ""complete_collapse"": false, ""counts"": [61, 57, 83, 84, 81, 76], ""cumulative_hard_use"": [122, 115, 165, 168, 162, 152], ""dead_center_duration"": [0, 0, 0, 0, 0, 0], ""effective_cluster_count"": 5.934463142487616, ""hard_entropy"": 1.7807765677760556, ""maximum_cluster_fraction"": 0.19004524886877827, ""mean_nearest_squared_distance"": 208.94248962402344, ""minimum_center_separation"": 9.916285514831543, ""minimum_cluster_size"": 57, ""minimum_positive_size"": 57, ""near_collapse"": false, ""normalized_hard_entropy"": 0.993870325989274, ""occupied_clusters"": 6, ""rbf_marginal_entropy"": 1.7807841300964355, ""rbf_mean_row_entropy"": 0.021236838772892952, ""s0_marginal_entropy"": 1.7912298440933228, ""s0_mean_row_entropy"": 1.6914043426513672, ""utilization"": 1.0}"
47,OSULeaf,LoSTer-Legacy-Clean,2,COMPLETE,a247dffdea50e236b171392b8c9336ecd4cc5727,a28896ea369909cecbe8a11a2ee963f9bedb670c5e65941e3d926d8ce98be964,2026-10-05T23:24:01.689909+00:00,2026-10-05T23:27:41.956015+00:00,220.25066620000007,cuda,NVIDIA GeForce GTX 1080,6,assignment-change,1.1602906250000002,G:\Articoli\Articoli da Completare\LoSTer 2026\pilot\artifacts\OSULeaf\LoSTer-Legacy-Clean\seed-2\complete.pt,16db2f7218b05b27adc12dc8e6c387cd2661f5d76419c0c98d47303ca9fa3d53,G:\Articoli\Articoli da Completare\LoSTer 2026\pilot\runs\OSULeaf\LoSTer-Legacy-Clean\seed-2\predictions.npy,G:\Articoli\Articoli da Completare\LoSTer 2026\pilot\artifacts\OSULeaf\LoSTer-Legacy-Clean\seed-2\manifest.json,"{""TEST"": ""89c846159a1ac5480bcc4e22f01afe0d3a67ef59878c27fca6d3ee9b0da980e9"", ""TRAIN"": ""04684daa02bc30798ac0bad45f2b48440446b74e7b47ca4626df933a4f88e816""}",0.13955972452643994,0.2064371413521587,0.7509362719446753,0.3393665158371041,46750208,"{""cluster_contrast"": 4.753487269083659, ""entropy"": -3.579407533009847, ""instance"": 11.181072870890299, ""kmeans"": 0.7270010113716125, ""reconstruction"": 0.05196204533179601, ""total"": 13.134115854899088}","{""assignment_change_fraction"": 0.0, ""center_displacements"": [1.994268131966237e-06, 2.126148137904238e-05, 1.6973033780232072e-05, 5.814724318042863e-06, 1.368365792586701e-05, 8.056322258198634e-06], ""center_norms"": [9.375321388244629, 7.396719932556152, 11.593674659729004, 7.69968318939209, 11.897443771362305, 8.52810287475586], ""complete_collapse"": false, ""counts"": [76, 88, 105, 56, 49, 68], ""cumulative_hard_use"": [455, 525, 636, 336, 292, 408], ""dead_center_duration"": [0, 0, 0, 0, 0, 0], ""effective_cluster_count"": 5.807000238468711, ""hard_entropy"": 1.7590641274556449, ""maximum_cluster_fraction"": 0.23755656108597284, ""mean_nearest_squared_distance"": 163.4714813232422, ""minimum_center_separation"": 9.508615493774414, ""minimum_cluster_size"": 49, ""minimum_positive_size"": 49, ""near_collapse"": false, ""normalized_hard_entropy"": 0.981752382318093, ""occupied_clusters"": 6, ""rbf_marginal_entropy"": 1.759335994720459, ""rbf_mean_row_entropy"": 0.009333861991763115, ""s0_marginal_entropy"": 1.790135145187378, ""s0_mean_row_entropy"": 1.6914043426513672, ""utilization"": 1.0}","{""assignment_change_fraction"": 0.0, ""center_displacements"": [2.3151484128902666e-05, 2.1150330212549306e-05, 1.879566116258502e-05, 3.593386281863786e-05, 2.7996809876640327e-05, 3.106475924141705e-05], ""center_norms"": [8.558266639709473, 7.592432498931885, 7.947028636932373, 7.530564785003662, 7.813137531280518, 7.515003204345703], ""complete_collapse"": false, ""counts"": [84, 72, 88, 41, 84, 73], ""cumulative_hard_use"": [506, 440, 520, 243, 495, 448], ""dead_center_duration"": [0, 0, 0, 0, 0, 0], ""effective_cluster_count"": 5.84773637186979, ""hard_entropy"": 1.766054641381716, ""maximum_cluster_fraction"": 0.19909502262443438, ""mean_nearest_squared_distance"": 206.23333740234375, ""minimum_center_separation"": 9.42081069946289, ""minimum_cluster_size"": 41, ""minimum_positive_size"": 41, ""near_collapse"": false, ""normalized_hard_entropy"": 0.9856538624252879, ""occupied_clusters"": 6, ""rbf_marginal_entropy"": 1.7668371200561523, ""rbf_mean_row_entropy"": 0.027234142646193504, ""s0_marginal_entropy"": 1.7906017303466797, ""s0_mean_row_entropy"": 1.6914043426513672, ""utilization"": 1.0}"
48,OSULeaf,LoSTer-Legacy-Clean,3,COMPLETE,a247dffdea50e236b171392b8c9336ecd4cc5727,2f43beee1e68c1adf0319f05eed920d47d11721961f9e93904f3d04c0f40e937,2026-10-05T23:27:43.912570+00:00,2026-10-05T23:31:24.167483+00:00,220.2433774000001,cuda,NVIDIA GeForce GTX 1080,6,assignment-change,1.1602906250000002,G:\Articoli\Articoli da Completare\LoSTer 2026\pilot\artifacts\OSULeaf\LoSTer-Legacy-Clean\seed-3\complete.pt,db6c11d14ab4807552e45c12e694a9ac64852e3b7ad5f44aa85bcd188293d171,G:\Articoli\Articoli da Completare\LoSTer 2026\pilot\runs\OSULeaf\LoSTer-Legacy-Clean\seed-3\predictions.npy,G:\Articoli\Articoli da Completare\LoSTer 2026\pilot\artifacts\OSULeaf\LoSTer-Legacy-Clean\seed-3\manifest.json,"{""TEST"": ""89c846159a1ac5480bcc4e22f01afe0d3a67ef59878c27fca6d3ee9b0da980e9"", ""TRAIN"": ""04684daa02bc30798ac0bad45f2b48440446b74e7b47ca4626df933a4f88e816""}",0.16370881111453972,0.236439752917189,0.7575030012004802,0.39819004524886875,46750208,"{""cluster_contrast"": 4.748308976491292, ""entropy"": -3.580139478047689, ""instance"": 11.181610743204752, ""kmeans"": 0.7139942248662313, ""reconstruction"": 0.05258054037888845, ""total"": 13.116354942321777}","{""assignment_change_fraction"": 0.0, ""center_displacements"": [4.941792667523259e-06, 2.8362001103232615e-06, 1.3800030501442961e-05, 1.1159357200085651e-05, 1.316321959166089e-05, 1.2687592970905825e-05], ""center_norms"": [9.398506164550781, 10.273340225219727, 7.831210136413574, 7.840596675872803, 12.008805274963379, 10.50499439239502], ""complete_collapse"": false, ""counts"": [72, 44, 57, 88, 104, 77], ""cumulative_hard_use"": [432, 262, 344, 526, 624, 464], ""dead_center_duration"": [0, 0, 0, 0, 0, 0], ""effective_cluster_count"": 5.7870527967591245, ""hard_entropy"": 1.7556231458884504, ""maximum_cluster_fraction"": 0.23529411764705882, ""mean_nearest_squared_distance"": 157.67477416992188, ""minimum_center_separation"": 9.689108848571777, ""minimum_cluster_size"": 44, ""minimum_positive_size"": 44, ""near_collapse"": false, ""normalized_hard_entropy"": 0.9798319339396748, ""occupied_clusters"": 6, ""rbf_marginal_entropy"": 1.7553683519363403, ""rbf_mean_row_entropy"": 0.00585576007142663, ""s0_marginal_entropy"": 1.7900091409683228, ""s0_mean_row_entropy"": 1.6914043426513672, ""utilization"": 1.0}","{""assignment_change_fraction"": 0.0, ""center_displacements"": [3.2568012102274224e-05, 4.849272590945475e-05, 1.6529644199181348e-05, 3.162868233630434e-05, 2.339423372177407e-05, 3.905377525370568e-05], ""center_norms"": [8.467752456665039, 7.542187690734863, 8.530426025390625, 7.8545613288879395, 7.555670261383057, 6.7863006591796875], ""complete_collapse"": false, ""counts"": [77, 83, 44, 97, 62, 79], ""cumulative_hard_use"": [444, 498, 260, 589, 368, 493], ""dead_center_duration"": [0, 0, 0, 0, 0, 0], ""effective_cluster_count"": 5.83724114245939, ""hard_entropy"": 1.7642582781076226, ""maximum_cluster_fraction"": 0.21945701357466063, ""mean_nearest_squared_distance"": 209.89471435546875, ""minimum_center_separation"": 10.225854873657227, ""minimum_cluster_size"": 44, ""minimum_positive_size"": 44, ""near_collapse"": false, ""normalized_hard_entropy"": 0.9846512929928699, ""occupied_clusters"": 6, ""rbf_marginal_entropy"": 1.7637556791305542, ""rbf_mean_row_entropy"": 0.0320514515042305, ""s0_marginal_entropy"": 1.7904632091522217, ""s0_mean_row_entropy"": 1.6914043426513672, ""utilization"": 1.0}"
49,OSULeaf,LoSTer-Legacy-Clean,4,COMPLETE,a247dffdea50e236b171392b8c9336ecd4cc5727,d3c1113d61bbc1346cfaec601ae6f4ba234ea2029bf9dd9379ae0461c01df3b3,2026-10-05T23:31:26.077224+00:00,2026-10-05T23:34:56.334750+00:00,210.2413343999997,cuda,NVIDIA GeForce GTX 1080,2,assignment-change,6.5,G:\Articoli\Articoli da Completare\LoSTer 2026\pilot\artifacts\OSULeaf\LoSTer-Legacy-Clean\seed-4\complete.pt,6bb77462746d43ef6e35ab1f660553b1691eca4a809fcab851156ffc9a7ce606,G:\Articoli\Articoli da Completare\LoSTer 2026\pilot\runs\OSULeaf\LoSTer-Legacy-Clean\seed-4\predictions.npy,G:\Articoli\Articoli da Completare\LoSTer 2026\pilot\artifacts\OSULeaf\LoSTer-Legacy-Clean\seed-4\manifest.json,"{""TEST"": ""89c846159a1ac5480bcc4e22f01afe0d3a67ef59878c27fca6d3ee9b0da980e9"", ""TRAIN"": ""04684daa02bc30798ac0bad45f2b48440446b74e7b47ca4626df933a4f88e816""}",0.1353957239433886,0.19462658094418478,0.7474784785709155,0.38009049773755654,46750208,"{""cluster_contrast"": 4.783830006917317, ""entropy"": -3.5795015494028726, ""instance"": 11.183594385782877, ""kmeans"": 0.7267244458198547, ""reconstruction"": 0.05480522041519483, ""total"": 13.169452349344889}","{""assignment_change_fraction"": 0.0, ""center_displacements"": [9.86641098279506e-05, 6.346515874611214e-05, 5.606955164694227e-05, 4.027806062367745e-05, 7.111583545338362e-05, 2.5145671315840445e-05], ""center_norms"": [9.302268028259277, 7.1220269203186035, 10.780564308166504, 10.279379844665527, 8.160529136657715, 11.47636890411377], ""complete_collapse"": false, ""counts"": [66, 59, 47, 85, 69, 116], ""cumulative_hard_use"": [132, 118, 94, 170, 138, 232], ""dead_center_duration"": [0, 0, 0, 0, 0, 0], ""effective_cluster_count"": 5.749591593056743, ""hard_entropy"": 1.7491288249922219, ""maximum_cluster_fraction"": 0.26244343891402716, ""mean_nearest_squared_distance"": 159.13677978515625, ""minimum_center_separation"": 10.961503028869629, ""minimum_cluster_size"": 47, ""minimum_positive_size"": 47, ""near_collapse"": false, ""normalized_hard_entropy"": 0.9762073844352559, ""occupied_clusters"": 6, ""rbf_marginal_entropy"": 1.7490336894989014, ""rbf_mean_row_entropy"": 0.004449181258678436, ""s0_marginal_entropy"": 1.7895692586898804, ""s0_mean_row_entropy"": 1.6914043426513672, ""utilization"": 1.0}","{""assignment_change_fraction"": 0.00904977375565611, ""center_displacements"": [0.00010501717042643577, 0.00013437266170512885, 0.00010283484152751043, 0.00014287361409515142, 0.00013504046364687383, 0.00015808810712769628], ""center_norms"": [7.945013999938965, 7.646244049072266, 7.532054424285889, 7.484440803527832, 7.688313961029053, 7.506685256958008], ""complete_collapse"": false, ""counts"": [81, 70, 84, 76, 74, 57], ""cumulative_hard_use"": [162, 140, 169, 152, 148, 113], ""dead_center_duration"": [0, 0, 0, 0, 0, 0], ""effective_cluster_count"": 5.956410015004414, ""hard_entropy"": 1.7844679531179695, ""maximum_cluster_fraction"": 0.19004524886877827, ""mean_nearest_squared_distance"": 212.80567932128906, ""minimum_center_separation"": 9.64310073852539, ""minimum_cluster_size"": 57, ""minimum_positive_size"": 57, ""near_collapse"": false, ""normalized_hard_entropy"": 0.9959305273752916, ""occupied_clusters"": 6, ""rbf_marginal_entropy"": 1.784580111503601, ""rbf_mean_row_entropy"": 0.03639620169997215, ""s0_marginal_entropy"": 1.7914087772369385, ""s0_mean_row_entropy"": 1.6914043426513672, ""utilization"": 1.0}"
50,OSULeaf,LoSTer-NoResoftmax,0,COMPLETE,a247dffdea50e236b171392b8c9336ecd4cc5727,7ed4d3251b7d37b4bd00e334e564827abb0eded7f89ce8cbb211e89975aea474,2026-10-05T23:34:58.212434+00:00,2026-10-05T23:35:18.291190+00:00,20.06274719999965,cuda,NVIDIA GeForce GTX 1080,6,assignment-change,1.1602906250000002,G:\Articoli\Articoli da Completare\LoSTer 2026\pilot\artifacts\OSULeaf\LoSTer-NoResoftmax\seed-0\complete.pt,70b46efcdf4fc60058e5d480c912b5e9dd9966a64347d73d3b0faa37ecbe2e3b,G:\Articoli\Articoli da Completare\LoSTer 2026\pilot\runs\OSULeaf\LoSTer-NoResoftmax\seed-0\predictions.npy,G:\Articoli\Articoli da Completare\LoSTer 2026\pilot\artifacts\OSULeaf\LoSTer-NoResoftmax\seed-0\manifest.json,"{""TEST"": ""89c846159a1ac5480bcc4e22f01afe0d3a67ef59878c27fca6d3ee9b0da980e9"", ""TRAIN"": ""04684daa02bc30798ac0bad45f2b48440446b74e7b47ca4626df933a4f88e816""}",0.14930892478346702,0.19973635221569444,0.7568360677604375,0.38235294117647056,46605824,"{""cluster_contrast"": 4.584509213765462, ""entropy"": -3.525664488474528, ""instance"": 11.179909706115723, ""kmeans"": 0.7220831712086996, ""reconstruction"": 0.05433285112182299, ""total"": 13.015170097351074}","{""assignment_change_fraction"": 0.0, ""center_displacements"": [1.4109810990703409e-06, 2.959356061182916e-05, 1.1447536053310614e-05, 3.776995527005056e-06, 1.1722772796929348e-05, 2.839039188984316e-05], ""center_norms"": [9.84223747253418, 10.97989273071289, 7.339862823486328, 10.026668548583984, 11.919160842895508, 6.893831729888916], ""complete_collapse"": false, ""counts"": [70, 76, 72, 56, 100, 68], ""cumulative_hard_use"": [417, 455, 431, 337, 603, 409], ""dead_center_duration"": [0, 0, 0, 0, 0, 0], ""effective_cluster_count"": 5.90689755362671, ""hard_entropy"": 1.776120744959316, ""maximum_cluster_fraction"": 0.22624434389140272, ""mean_nearest_squared_distance"": 158.99668884277344, ""minimum_center_separation"": 9.370743751525879, ""minimum_cluster_size"": 56, ""minimum_positive_size"": 56, ""near_collapse"": false, ""normalized_hard_entropy"": 0.9912718617999119, ""occupied_clusters"": 6, ""rbf_marginal_entropy"": 1.7764372825622559, ""rbf_mean_row_entropy"": 0.0033996831625699997, ""s0_marginal_entropy"": 1.7909622192382812, ""s0_mean_row_entropy"": 1.6914043426513672, ""utilization"": 1.0}","{""assignment_change_fraction"": 0.004524886877828055, ""center_displacements"": [5.644270277116448e-05, 0.00010523309902055189, 6.803597352700308e-05, 4.306684422772378e-05, 7.606269355164841e-05, 7.063405064400285e-05], ""center_norms"": [7.330738067626953, 7.313462257385254, 7.747348308563232, 7.824916362762451, 7.210531234741211, 7.643917560577393], ""complete_collapse"": false, ""counts"": [80, 89, 71, 65, 67, 70], ""cumulative_hard_use"": [485, 519, 446, 387, 385, 430], ""dead_center_duration"": [0, 0, 0, 0, 0, 0], ""effective_cluster_count"": 5.962866495862745, ""hard_entropy"": 1.7855513211368144, ""maximum_cluster_fraction"": 0.20135746606334842, ""mean_nearest_squared_distance"": 208.76197814941406, ""minimum_center_separation"": 9.357707977294922, ""minimum_cluster_size"": 65, ""minimum_positive_size"": 65, ""near_collapse"": false, ""normalized_hard_entropy"": 0.9965351665790748, ""occupied_clusters"": 6, ""rbf_marginal_entropy"": 1.7860276699066162, ""rbf_mean_row_entropy"": 0.033186882734298706, ""s0_marginal_entropy"": 1.7914454936981201, ""s0_mean_row_entropy"": 1.6914043426513672, ""utilization"": 1.0}"
51,OSULeaf,LoSTer-NoResoftmax,1,COMPLETE,a247dffdea50e236b171392b8c9336ecd4cc5727,0637ac334ff6ac204d7145ed2fb7b7f6f31b29e94574a4996855d50b2669e8ad,2026-10-05T23:35:20.195181+00:00,2026-10-05T23:35:40.310481+00:00,20.100539000000026,cuda,NVIDIA GeForce GTX 1080,6,assignment-change,1.1602906250000002,G:\Articoli\Articoli da Completare\LoSTer 2026\pilot\artifacts\OSULeaf\LoSTer-NoResoftmax\seed-1\complete.pt,69b564a587c5b327339684de942298a7358fff71708f6e05374f4978a685d573,G:\Articoli\Articoli da Completare\LoSTer 2026\pilot\runs\OSULeaf\LoSTer-NoResoftmax\seed-1\predictions.npy,G:\Articoli\Articoli da Completare\LoSTer 2026\pilot\artifacts\OSULeaf\LoSTer-NoResoftmax\seed-1\manifest.json,"{""TEST"": ""89c846159a1ac5480bcc4e22f01afe0d3a67ef59878c27fca6d3ee9b0da980e9"", ""TRAIN"": ""04684daa02bc30798ac0bad45f2b48440446b74e7b47ca4626df933a4f88e816""}",0.17218141399574938,0.23596194707185034,0.7546095361221412,0.416289592760181,46605824,"{""cluster_contrast"": 4.53310505549113, ""entropy"": -3.4858667055765786, ""instance"": 11.181538263956705, ""kmeans"": 0.7129481832186381, ""reconstruction"": 0.0565386638045311, ""total"": 12.998263676961264}","{""assignment_change_fraction"": 0.0, ""center_displacements"": [1.1389131032046862e-05, 1.2291214943616069e-06, 1.3598755685961805e-05, 2.378333010710776e-05, 1.2579996109707281e-05, 2.8576683689607307e-05], ""center_norms"": [10.235148429870605, 10.288985252380371, 11.672643661499023, 10.398448944091797, 10.878557205200195, 6.286886215209961], ""complete_collapse"": false, ""counts"": [97, 44, 110, 56, 44, 91], ""cumulative_hard_use"": [578, 262, 669, 328, 266, 549], ""dead_center_duration"": [0, 0, 0, 0, 0, 0], ""effective_cluster_count"": 5.6149667571029696, ""hard_entropy"": 1.7254356677994116, ""maximum_cluster_fraction"": 0.248868778280543, ""mean_nearest_squared_distance"": 156.4671630859375, ""minimum_center_separation"": 10.593467712402344, ""minimum_cluster_size"": 44, ""minimum_positive_size"": 44, ""near_collapse"": false, ""normalized_hard_entropy"": 0.9629839816293994, ""occupied_clusters"": 6, ""rbf_marginal_entropy"": 1.7255802154541016, ""rbf_mean_row_entropy"": 0.0050919316709041595, ""s0_marginal_entropy"": 1.788536548614502, ""s0_mean_row_entropy"": 1.6914043426513672, ""utilization"": 1.0}","{""assignment_change_fraction"": 0.0022624434389140274, ""center_displacements"": [0.00011881615500897169, 1.8829332475434057e-05, 0.00012178325414424762, 6.072663745726459e-05, 0.0001326510973740369, 3.902138632838614e-05], ""center_norms"": [7.340335369110107, 9.157674789428711, 7.938703536987305, 7.466558933258057, 7.527749538421631, 7.575922966003418], ""complete_collapse"": false, ""counts"": [68, 62, 77, 81, 79, 75], ""cumulative_hard_use"": [403, 370, 468, 500, 470, 441], ""dead_center_duration"": [0, 0, 0, 0, 0, 0], ""effective_cluster_count"": 5.975223768573844, ""hard_entropy"": 1.7876215479236484, ""maximum_cluster_fraction"": 0.1832579185520362, ""mean_nearest_squared_distance"": 208.51426696777344, ""minimum_center_separation"": 9.916053771972656, ""minimum_cluster_size"": 62, ""minimum_positive_size"": 62, ""near_collapse"": false, ""normalized_hard_entropy"": 0.9976905821481779, ""occupied_clusters"": 6, ""rbf_marginal_entropy"": 1.787887454032898, ""rbf_mean_row_entropy"": 0.02495822310447693, ""s0_marginal_entropy"": 1.791558027267456, ""s0_mean_row_entropy"": 1.6914043426513672, ""utilization"": 1.0}"
52,OSULeaf,LoSTer-NoResoftmax,2,COMPLETE,a247dffdea50e236b171392b8c9336ecd4cc5727,90095937d8c80bb4181c680af0067cfd0de4476bf7f033c1ca2e309b2af67087,2026-10-05T23:35:42.187379+00:00,2026-10-05T23:36:02.274532+00:00,20.071440799999436,cuda,NVIDIA GeForce GTX 1080,6,assignment-change,1.1602906250000002,G:\Articoli\Articoli da Completare\LoSTer 2026\pilot\artifacts\OSULeaf\LoSTer-NoResoftmax\seed-2\complete.pt,9d39137e82e1c52e860eeaf703de76066e1601af64f6aa83dd89ea9ae4ea4239,G:\Articoli\Articoli da Completare\LoSTer 2026\pilot\runs\OSULeaf\LoSTer-NoResoftmax\seed-2\predictions.npy,G:\Articoli\Articoli da Completare\LoSTer 2026\pilot\artifacts\OSULeaf\LoSTer-NoResoftmax\seed-2\manifest.json,"{""TEST"": ""89c846159a1ac5480bcc4e22f01afe0d3a67ef59878c27fca6d3ee9b0da980e9"", ""TRAIN"": ""04684daa02bc30798ac0bad45f2b48440446b74e7b47ca4626df933a4f88e816""}",0.1380626267130562,0.20009922208349307,0.7514390371533228,0.33710407239819007,46605824,"{""cluster_contrast"": 4.555221398671468, ""entropy"": -3.5028167565663657, ""instance"": 11.181543986002604, ""kmeans"": 0.729314923286438, ""reconstruction"": 0.054495265086491905, ""total"": 13.01775868733724}","{""assignment_change_fraction"": 0.0, ""center_displacements"": [1.2778051541317836e-06, 5.812539711769205e-06, 1.2396256352076307e-05, 7.985044794622809e-05, 7.891292625572532e-05, 4.629880550055532e-06], ""center_norms"": [9.375141143798828, 7.396937370300293, 11.593888282775879, 7.699468612670898, 11.897233009338379, 8.528081893920898], ""complete_collapse"": false, ""counts"": [78, 82, 105, 61, 51, 65], ""cumulative_hard_use"": [466, 499, 632, 354, 308, 393], ""dead_center_duration"": [0, 0, 0, 0, 0, 0], ""effective_cluster_count"": 5.838497471794667, ""hard_entropy"": 1.764473481510445, ""maximum_cluster_fraction"": 0.23755656108597284, ""mean_nearest_squared_distance"": 164.24642944335938, ""minimum_center_separation"": 9.508726119995117, ""minimum_cluster_size"": 51, ""minimum_positive_size"": 51, ""near_collapse"": false, ""normalized_hard_entropy"": 0.9847714002988551, ""occupied_clusters"": 6, ""rbf_marginal_entropy"": 1.7644481658935547, ""rbf_mean_row_entropy"": 0.0061673433519899845, ""s0_marginal_entropy"": 1.790386438369751, ""s0_mean_row_entropy"": 1.6914043426513672, ""utilization"": 1.0}","{""assignment_change_fraction"": 0.004524886877828055, ""center_displacements"": [3.655162072391249e-05, 0.00010359883162891492, 0.00011122001160401851, 4.898764018435031e-05, 3.9172253309516236e-05, 6.275800114963204e-05], ""center_norms"": [8.558703422546387, 7.5922136306762695, 7.946812152862549, 7.52974796295166, 7.813589572906494, 7.515411376953125], ""complete_collapse"": false, ""counts"": [73, 77, 93, 45, 78, 76], ""cumulative_hard_use"": [468, 446, 541, 272, 484, 441], ""dead_center_duration"": [0, 0, 0, 0, 0, 0], ""effective_cluster_count"": 5.878187525696839, ""hard_entropy"": 1.771248470464502, ""maximum_cluster_fraction"": 0.21040723981900453, ""mean_nearest_squared_distance"": 206.62896728515625, ""minimum_center_separation"": 9.420528411865234, ""minimum_cluster_size"": 45, ""minimum_positive_size"": 45, ""near_collapse"": false, ""normalized_hard_entropy"": 0.9885525936288816, ""occupied_clusters"": 6, ""rbf_marginal_entropy"": 1.7724186182022095, ""rbf_mean_row_entropy"": 0.029227430000901222, ""s0_marginal_entropy"": 1.790808916091919, ""s0_mean_row_entropy"": 1.6914043426513672, ""utilization"": 1.0}"
53,OSULeaf,LoSTer-NoResoftmax,3,COMPLETE,a247dffdea50e236b171392b8c9336ecd4cc5727,c240cae5b7de63835825f9842f2c8bee4ffce11b6c1ebf9f5eab840789589f2f,2026-10-05T23:36:04.159585+00:00,2026-10-05T23:36:24.258063+00:00,20.082705900000292,cuda,NVIDIA GeForce GTX 1080,6,assignment-change,1.1602906250000002,G:\Articoli\Articoli da Completare\LoSTer 2026\pilot\artifacts\OSULeaf\LoSTer-NoResoftmax\seed-3\complete.pt,49b785d2d5231967c60fddc1dec144857aef119bb502f8208c86b6c9b1e738c2,G:\Articoli\Articoli da Completare\LoSTer 2026\pilot\runs\OSULeaf\LoSTer-NoResoftmax\seed-3\predictions.npy,G:\Articoli\Articoli da Completare\LoSTer 2026\pilot\artifacts\OSULeaf\LoSTer-NoResoftmax\seed-3\manifest.json,"{""TEST"": ""89c846159a1ac5480bcc4e22f01afe0d3a67ef59878c27fca6d3ee9b0da980e9"", ""TRAIN"": ""04684daa02bc30798ac0bad45f2b48440446b74e7b47ca4626df933a4f88e816""}",0.1583976996866952,0.22941462516991798,0.7574209170847827,0.3914027149321267,46605824,"{""cluster_contrast"": 4.540764490763347, ""entropy"": -3.520217021306356, ""instance"": 11.1811310450236, ""kmeans"": 0.7175840735435486, ""reconstruction"": 0.0560285858809948, ""total"": 12.97529125213623}","{""assignment_change_fraction"": 0.0, ""center_displacements"": [2.1623513021040708e-05, 3.646121967904037e-06, 2.998693162226118e-05, 1.9524329673004104e-06, 2.7248488549957983e-05, 1.4752413335372694e-06], ""center_norms"": [9.398531913757324, 10.273130416870117, 7.831156253814697, 7.840965747833252, 12.009218215942383, 10.50487995147705], ""complete_collapse"": false, ""counts"": [72, 45, 60, 86, 97, 82], ""cumulative_hard_use"": [432, 264, 354, 518, 601, 483], ""dead_center_duration"": [0, 0, 0, 0, 0, 0], ""effective_cluster_count"": 5.830701709207968, ""hard_entropy"": 1.7631373549047458, ""maximum_cluster_fraction"": 0.21945701357466063, ""mean_nearest_squared_distance"": 159.4197235107422, ""minimum_center_separation"": 9.688730239868164, ""minimum_cluster_size"": 45, ""minimum_positive_size"": 45, ""near_collapse"": false, ""normalized_hard_entropy"": 0.9840256938417965, ""occupied_clusters"": 6, ""rbf_marginal_entropy"": 1.763539433479309, ""rbf_mean_row_entropy"": 0.0041664764285087585, ""s0_marginal_entropy"": 1.7903971672058105, ""s0_mean_row_entropy"": 1.6914043426513672, ""utilization"": 1.0}","{""assignment_change_fraction"": 0.004524886877828055, ""center_displacements"": [7.370279490714893e-05, 5.3346364438766614e-05, 0.00018379899847786874, 0.00013801710156258196, 6.139271863503382e-05, 4.26053193223197e-05], ""center_norms"": [8.467570304870605, 7.542520523071289, 8.529777526855469, 7.854533672332764, 7.555964946746826, 6.786357879638672], ""complete_collapse"": false, ""counts"": [80, 74, 47, 92, 64, 85], ""cumulative_hard_use"": [472, 452, 282, 547, 392, 507], ""dead_center_duration"": [0, 0, 0, 0, 0, 0], ""effective_cluster_count"": 5.873519223667218, ""hard_entropy"": 1.7704539812256632, ""maximum_cluster_fraction"": 0.2081447963800905, ""mean_nearest_squared_distance"": 209.9671630859375, ""minimum_center_separation"": 10.226364135742188, ""minimum_cluster_size"": 47, ""minimum_positive_size"": 47, ""near_collapse"": false, ""normalized_hard_entropy"": 0.988109180742005, ""occupied_clusters"": 6, ""rbf_marginal_entropy"": 1.7710946798324585, ""rbf_mean_row_entropy"": 0.021575093269348145, ""s0_marginal_entropy"": 1.7907530069351196, ""s0_mean_row_entropy"": 1.6914043426513672, ""utilization"": 1.0}"
54,OSULeaf,LoSTer-NoResoftmax,4,COMPLETE,a247dffdea50e236b171392b8c9336ecd4cc5727,4776cdcd7987584930b6b774e2271773440435ed01f1e999ea423c76a8b51548,2026-10-05T23:36:26.157079+00:00,2026-10-05T23:36:46.244120+00:00,20.071089199999733,cuda,NVIDIA GeForce GTX 1080,3,assignment-change,4.2250000000000005,G:\Articoli\Articoli da Completare\LoSTer 2026\pilot\artifacts\OSULeaf\LoSTer-NoResoftmax\seed-4\complete.pt,9101115630940836f1566d5cd61a87268a79a513e4fefa73d0fb89f49ef9091a,G:\Articoli\Articoli da Completare\LoSTer 2026\pilot\runs\OSULeaf\LoSTer-NoResoftmax\seed-4\predictions.npy,G:\Articoli\Articoli da Completare\LoSTer 2026\pilot\artifacts\OSULeaf\LoSTer-NoResoftmax\seed-4\manifest.json,"{""TEST"": ""89c846159a1ac5480bcc4e22f01afe0d3a67ef59878c27fca6d3ee9b0da980e9"", ""TRAIN"": ""04684daa02bc30798ac0bad45f2b48440446b74e7b47ca4626df933a4f88e816""}",0.13503380754111022,0.19358304916133484,0.747447697027529,0.38009049773755654,46605824,"{""cluster_contrast"": 4.72931448618571, ""entropy"": -3.5126589139302573, ""instance"": 11.179595947265625, ""kmeans"": 0.7287391026814779, ""reconstruction"": 0.05483404422799746, ""total"": 13.179824829101562}","{""assignment_change_fraction"": 0.0, ""center_displacements"": [0.0003587561077438295, 0.00010155551717616618, 0.00020758714526891708, 0.000249221280682832, 0.0002131269866367802, 0.00011503756104502827], ""center_norms"": [9.302481651306152, 7.121971130371094, 10.780314445495605, 10.279287338256836, 8.160565376281738, 11.476546287536621], ""complete_collapse"": false, ""counts"": [67, 58, 48, 85, 68, 116], ""cumulative_hard_use"": [200, 174, 144, 255, 205, 348], ""dead_center_duration"": [0, 0, 0, 0, 0, 0], ""effective_cluster_count"": 5.752687523467679, ""hard_entropy"": 1.7496671409997426, ""maximum_cluster_fraction"": 0.26244343891402716, ""mean_nearest_squared_distance"": 159.05532836914062, ""minimum_center_separation"": 10.961482048034668, ""minimum_cluster_size"": 48, ""minimum_positive_size"": 48, ""near_collapse"": false, ""normalized_hard_entropy"": 0.9765078243194959, ""occupied_clusters"": 6, ""rbf_marginal_entropy"": 1.7494897842407227, ""rbf_mean_row_entropy"": 0.002830138895660639, ""s0_marginal_entropy"": 1.7895903587341309, ""s0_mean_row_entropy"": 1.6914043426513672, ""utilization"": 1.0}","{""assignment_change_fraction"": 0.02262443438914027, ""center_displacements"": [0.00031182600650936365, 0.0004823606868740171, 0.0006563502247445285, 0.0006472045206464827, 0.0004409730318002403, 0.0006454009562730789], ""center_norms"": [7.9451727867126465, 7.646245002746582, 7.532266616821289, 7.484685897827148, 7.688034534454346, 7.506208896636963], ""complete_collapse"": false, ""counts"": [77, 66, 78, 77, 78, 66], ""cumulative_hard_use"": [235, 204, 245, 227, 229, 186], ""dead_center_duration"": [0, 0, 0, 0, 0, 0], ""effective_cluster_count"": 5.983383837105506, ""hard_entropy"": 1.7889862669724226, ""maximum_cluster_fraction"": 0.17647058823529413, ""mean_nearest_squared_distance"": 212.53070068359375, ""minimum_center_separation"": 9.642951965332031, ""minimum_cluster_size"": 66, ""minimum_positive_size"": 66, ""near_collapse"": false, ""normalized_hard_entropy"": 0.9984522463515557, ""occupied_clusters"": 6, ""rbf_marginal_entropy"": 1.789542555809021, ""rbf_mean_row_entropy"": 0.031862773001194, ""s0_marginal_entropy"": 1.7916239500045776, ""s0_mean_row_entropy"": 1.6914043426513672, ""utilization"": 1.0}"
55,OSULeaf,LoSTer-AlignedInit,0,COMPLETE,a247dffdea50e236b171392b8c9336ecd4cc5727,da9c57276ea7f78f74f8dbe7e4e8d2f9c63063c94cdda35a2dab720021886e4f,2026-10-05T23:36:48.136604+00:00,2026-10-05T23:37:08.231201+00:00,20.076789399999143,cuda,NVIDIA GeForce GTX 1080,3,assignment-change,4.2250000000000005,G:\Articoli\Articoli da Completare\LoSTer 2026\pilot\artifacts\OSULeaf\LoSTer-AlignedInit\seed-0\complete.pt,a61627761442e67e982af844e56b7238ea5721fb1f8cc6a871643106231c0862,G:\Articoli\Articoli da Completare\LoSTer 2026\pilot\runs\OSULeaf\LoSTer-AlignedInit\seed-0\predictions.npy,G:\Articoli\Articoli da Completare\LoSTer 2026\pilot\artifacts\OSULeaf\LoSTer-AlignedInit\seed-0\manifest.json,"{""TEST"": ""89c846159a1ac5480bcc4e22f01afe0d3a67ef59878c27fca6d3ee9b0da980e9"", ""TRAIN"": ""04684daa02bc30798ac0bad45f2b48440446b74e7b47ca4626df933a4f88e816""}",0.1509754251413825,0.20462832786425855,0.7569899754773705,0.38461538461538464,46750208,"{""cluster_contrast"": 4.7494533856709795, ""entropy"": -3.581275463104248, ""instance"": 11.188223203023275, ""kmeans"": 0.7205415765444437, ""reconstruction"": 0.052442861100037895, ""total"": 13.129385630289713}","{""assignment_change_fraction"": 0.0, ""center_displacements"": [5.0743827159749344e-05, 0.00011226182687096298, 0.00012219720520079136, 0.0001007752216537483, 6.22858278802596e-05, 8.759312913753092e-05], ""center_norms"": [9.842402458190918, 10.980377197265625, 7.33954381942749, 10.02676010131836, 11.918779373168945, 6.893558502197266], ""complete_collapse"": false, ""counts"": [69, 75, 72, 56, 102, 68], ""cumulative_hard_use"": [207, 224, 216, 169, 306, 204], ""dead_center_duration"": [0, 0, 0, 0, 0, 0], ""effective_cluster_count"": 5.8980202986940755, ""hard_entropy"": 1.774616752010437, ""maximum_cluster_fraction"": 0.23076923076923078, ""mean_nearest_squared_distance"": 159.07655334472656, ""minimum_center_separation"": 9.370613098144531, ""minimum_cluster_size"": 56, ""minimum_positive_size"": 56, ""near_collapse"": false, ""normalized_hard_entropy"": 0.9904324673528844, ""occupied_clusters"": 6, ""rbf_marginal_entropy"": 1.774710774421692, ""rbf_mean_row_entropy"": 0.007078264839947224, ""s0_marginal_entropy"": 1.7908786535263062, ""s0_mean_row_entropy"": 1.6914043426513672, ""utilization"": 1.0}","{""assignment_change_fraction"": 0.013574660633484163, ""center_displacements"": [0.00017659370496403426, 0.0001942262169905007, 0.00013611000031232834, 0.00017075867799576372, 0.00015093749971129, 9.340071119368076e-05], ""center_norms"": [7.330963611602783, 7.825003623962402, 7.74751091003418, 7.21069860458374, 7.3130202293396, 7.643775939941406], ""complete_collapse"": false, ""counts"": [76, 66, 76, 59, 92, 73], ""cumulative_hard_use"": [230, 203, 231, 173, 273, 216], ""dead_center_duration"": [0, 0, 0, 0, 0, 0], ""effective_cluster_count"": 5.943657218875188, ""hard_entropy"": 1.782324637326458, ""maximum_cluster_fraction"": 0.2081447963800905, ""mean_nearest_squared_distance"": 209.48095703125, ""minimum_center_separation"": 9.35816478729248, ""minimum_cluster_size"": 59, ""minimum_positive_size"": 59, ""near_collapse"": false, ""normalized_hard_entropy"": 0.994734320055994, ""occupied_clusters"": 6, ""rbf_marginal_entropy"": 1.7826719284057617, ""rbf_mean_row_entropy"": 0.047600843012332916, ""s0_marginal_entropy"": 1.7912883758544922, ""s0_mean_row_entropy"": 1.6914043426513672, ""utilization"": 1.0}"
56,OSULeaf,LoSTer-AlignedInit,1,COMPLETE,a247dffdea50e236b171392b8c9336ecd4cc5727,207ed55764ca2dec3e4b7d0131c4923192ae002d69d7e24aea5f42985bfc5bf9,2026-10-05T23:37:10.103630+00:00,2026-10-05T23:37:20.186117+00:00,10.06753640000079,cuda,NVIDIA GeForce GTX 1080,2,assignment-change,6.5,G:\Articoli\Articoli da Completare\LoSTer 2026\pilot\artifacts\OSULeaf\LoSTer-AlignedInit\seed-1\complete.pt,79c2c671f4ec32c0a326e5812a7f1d01314b677466712b1188ae0482fe122823,G:\Articoli\Articoli da Completare\LoSTer 2026\pilot\runs\OSULeaf\LoSTer-AlignedInit\seed-1\predictions.npy,G:\Articoli\Articoli da Completare\LoSTer 2026\pilot\artifacts\OSULeaf\LoSTer-AlignedInit\seed-1\manifest.json,"{""TEST"": ""89c846159a1ac5480bcc4e22f01afe0d3a67ef59878c27fca6d3ee9b0da980e9"", ""TRAIN"": ""04684daa02bc30798ac0bad45f2b48440446b74e7b47ca4626df933a4f88e816""}",0.1748759227134702,0.24050256463261252,0.754127291942418,0.42081447963800905,46750208,"{""cluster_contrast"": 4.766907691955566, ""entropy"": -3.578054507573446, ""instance"": 11.185494422912598, ""kmeans"": 0.7151900331179301, ""reconstruction"": 0.05366989349325498, ""total"": 13.143207232157389}","{""assignment_change_fraction"": 0.0, ""center_displacements"": [0.0001129841766669415, 5.170548683963716e-05, 8.28585762064904e-05, 2.9354774596868083e-05, 4.38796887465287e-05, 6.12504591117613e-05], ""center_norms"": [10.235048294067383, 10.289084434509277, 11.6721773147583, 10.399043083190918, 10.878931999206543, 6.286629676818848], ""complete_collapse"": false, ""counts"": [95, 43, 114, 53, 44, 93], ""cumulative_hard_use"": [190, 86, 228, 106, 88, 186], ""dead_center_duration"": [0, 0, 0, 0, 0, 0], ""effective_cluster_count"": 5.576711392121995, ""hard_entropy"": 1.71859924640402, ""maximum_cluster_fraction"": 0.2579185520361991, ""mean_nearest_squared_distance"": 155.71087646484375, ""minimum_center_separation"": 10.593107223510742, ""minimum_cluster_size"": 43, ""minimum_positive_size"": 43, ""near_collapse"": false, ""normalized_hard_entropy"": 0.959168502201049, ""occupied_clusters"": 6, ""rbf_marginal_entropy"": 1.717548131942749, ""rbf_mean_row_entropy"": 0.0055008153431117535, ""s0_marginal_entropy"": 1.7881886959075928, ""s0_mean_row_entropy"": 1.6914043426513672, ""utilization"": 1.0}","{""assignment_change_fraction"": 0.0022624434389140274, ""center_displacements"": [0.00011645285849226639, 0.00012454496754799038, 0.00010868565004784614, 0.00013291755749378353, 0.00012080051237717271, 0.00012269147555343807], ""center_norms"": [7.576127529144287, 9.158178329467773, 7.466007709503174, 7.527465343475342, 7.341596603393555, 7.93800163269043], ""complete_collapse"": false, ""counts"": [77, 58, 84, 81, 60, 82], ""cumulative_hard_use"": [153, 116, 168, 162, 121, 164], ""dead_center_duration"": [0, 0, 0, 0, 0, 0], ""effective_cluster_count"": 5.936160053253262, ""hard_entropy"": 1.7810624686507146, ""maximum_cluster_fraction"": 0.19004524886877827, ""mean_nearest_squared_distance"": 208.87794494628906, ""minimum_center_separation"": 9.916227340698242, ""minimum_cluster_size"": 58, ""minimum_positive_size"": 58, ""near_collapse"": false, ""normalized_hard_entropy"": 0.9940298903055615, ""occupied_clusters"": 6, ""rbf_marginal_entropy"": 1.781191349029541, ""rbf_mean_row_entropy"": 0.016538208350539207, ""s0_marginal_entropy"": 1.7912434339523315, ""s0_mean_row_entropy"": 1.6914043426513672, ""utilization"": 1.0}"
57,OSULeaf,LoSTer-AlignedInit,2,COMPLETE,a247dffdea50e236b171392b8c9336ecd4cc5727,ffbd51c4db5c08adb567be08062c8f94fdf5522f5e33804fb1813a708d1c7dc6,2026-10-05T23:37:22.075324+00:00,2026-10-05T23:37:32.172022+00:00,10.081130100000337,cuda,NVIDIA GeForce GTX 1080,2,assignment-change,6.5,G:\Articoli\Articoli da Completare\LoSTer 2026\pilot\artifacts\OSULeaf\LoSTer-AlignedInit\seed-2\complete.pt,5cd5e4b3afc75bfe735dd2916d8782e6be28124d62d1885344fae965b01b0fd7,G:\Articoli\Articoli da Completare\LoSTer 2026\pilot\runs\OSULeaf\LoSTer-AlignedInit\seed-2\predictions.npy,G:\Articoli\Articoli da Completare\LoSTer 2026\pilot\artifacts\OSULeaf\LoSTer-AlignedInit\seed-2\manifest.json,"{""TEST"": ""89c846159a1ac5480bcc4e22f01afe0d3a67ef59878c27fca6d3ee9b0da980e9"", ""TRAIN"": ""04684daa02bc30798ac0bad45f2b48440446b74e7b47ca4626df933a4f88e816""}",0.13422406509683518,0.19674283657414396,0.7488841690522363,0.334841628959276,46750208,"{""cluster_contrast"": 4.776748975118001, ""entropy"": -3.578990379969279, ""instance"": 11.194001833597818, ""kmeans"": 0.7266002893447876, ""reconstruction"": 0.051776779194672905, ""total"": 13.170137087504068}","{""assignment_change_fraction"": 0.0, ""center_displacements"": [8.846272248774767e-05, 0.00010560111695667729, 9.976722503779456e-05, 7.62300769565627e-05, 6.841716822236776e-05, 0.00010300162102794275], ""center_norms"": [9.375418663024902, 7.3966898918151855, 11.593522071838379, 7.6997246742248535, 11.897493362426758, 8.52808666229248], ""complete_collapse"": false, ""counts"": [75, 88, 107, 56, 48, 68], ""cumulative_hard_use"": [150, 176, 214, 112, 96, 136], ""dead_center_duration"": [0, 0, 0, 0, 0, 0], ""effective_cluster_count"": 5.792288869418073, ""hard_entropy"": 1.756527527703373, ""maximum_cluster_fraction"": 0.2420814479638009, ""mean_nearest_squared_distance"": 164.13299560546875, ""minimum_center_separation"": 9.508588790893555, ""minimum_cluster_size"": 48, ""minimum_positive_size"": 48, ""near_collapse"": false, ""normalized_hard_entropy"": 0.9803366790410428, ""occupied_clusters"": 6, ""rbf_marginal_entropy"": 1.757583737373352, ""rbf_mean_row_entropy"": 0.006295109633356333, ""s0_marginal_entropy"": 1.790004014968872, ""s0_mean_row_entropy"": 1.6914043426513672, ""utilization"": 1.0}","{""assignment_change_fraction"": 0.0022624434389140274, ""center_displacements"": [0.00011021609680028632, 0.00010374342673458159, 9.79176111286506e-05, 0.00012549995153676718, 9.879902063403279e-05, 0.0001308871724177152], ""center_norms"": [7.813209533691406, 7.947076797485352, 7.592428684234619, 7.53076696395874, 7.514872074127197, 8.558456420898438], ""complete_collapse"": false, ""counts"": [81, 84, 75, 39, 78, 85], ""cumulative_hard_use"": [162, 167, 150, 78, 157, 170], ""dead_center_duration"": [0, 0, 0, 0, 0, 0], ""effective_cluster_count"": 5.8409223838485005, ""hard_entropy"": 1.7648887268083535, ""maximum_cluster_fraction"": 0.19230769230769232, ""mean_nearest_squared_distance"": 207.11312866210938, ""minimum_center_separation"": 9.420714378356934, ""minimum_cluster_size"": 39, ""minimum_positive_size"": 39, ""near_collapse"": false, ""normalized_hard_entropy"": 0.9850031531122433, ""occupied_clusters"": 6, ""rbf_marginal_entropy"": 1.7653207778930664, ""rbf_mean_row_entropy"": 0.028347590938210487, ""s0_marginal_entropy"": 1.79057776927948, ""s0_mean_row_entropy"": 1.6914043426513672, ""utilization"": 1.0}"
58,OSULeaf,LoSTer-AlignedInit,3,COMPLETE,a247dffdea50e236b171392b8c9336ecd4cc5727,efaad8dbe273630cf9c1b8b56c3b18adb378a5fb9af3becd6f5633c7fcd18af5,2026-10-05T23:37:34.045329+00:00,2026-10-05T23:37:44.126196+00:00,10.063998399999946,cuda,NVIDIA GeForce GTX 1080,2,assignment-change,6.5,G:\Articoli\Articoli da Completare\LoSTer 2026\pilot\artifacts\OSULeaf\LoSTer-AlignedInit\seed-3\complete.pt,52c844ad0b0db3e477d90501f07e0da416b1aec0caf7172cbbffa445208037ed,G:\Articoli\Articoli da Completare\LoSTer 2026\pilot\runs\OSULeaf\LoSTer-AlignedInit\seed-3\predictions.npy,G:\Articoli\Articoli da Completare\LoSTer 2026\pilot\artifacts\OSULeaf\LoSTer-AlignedInit\seed-3\manifest.json,"{""TEST"": ""89c846159a1ac5480bcc4e22f01afe0d3a67ef59878c27fca6d3ee9b0da980e9"", ""TRAIN"": ""04684daa02bc30798ac0bad45f2b48440446b74e7b47ca4626df933a4f88e816""}",0.16336108816690267,0.23329102116676567,0.7573798750269338,0.39819004524886875,46750208,"{""cluster_contrast"": 4.7654487291971845, ""entropy"": -3.5792582829793296, ""instance"": 11.193135897318522, ""kmeans"": 0.7210606137911478, ""reconstruction"": 0.052843127399683, ""total"": 13.153230667114258}","{""assignment_change_fraction"": 0.0, ""center_displacements"": [4.938132406095974e-05, 2.559116910560988e-05, 7.449722033925354e-05, 0.00010068288975162432, 3.0814335332252085e-05, 5.8393547078594565e-05], ""center_norms"": [9.398510932922363, 10.273338317871094, 7.831137180328369, 7.840622425079346, 12.00871467590332, 10.505074501037598], ""complete_collapse"": false, ""counts"": [72, 43, 58, 87, 104, 78], ""cumulative_hard_use"": [144, 86, 116, 174, 208, 156], ""dead_center_duration"": [0, 0, 0, 0, 0, 0], ""effective_cluster_count"": 5.784988796505761, ""hard_entropy"": 1.755266423998261, ""maximum_cluster_fraction"": 0.23529411764705882, ""mean_nearest_squared_distance"": 158.3287353515625, ""minimum_center_separation"": 9.6891508102417, ""minimum_cluster_size"": 43, ""minimum_positive_size"": 43, ""near_collapse"": false, ""normalized_hard_entropy"": 0.9796328436620366, ""occupied_clusters"": 6, ""rbf_marginal_entropy"": 1.7552833557128906, ""rbf_mean_row_entropy"": 0.005423745606094599, ""s0_marginal_entropy"": 1.7900009155273438, ""s0_mean_row_entropy"": 1.6914043426513672, ""utilization"": 1.0}","{""assignment_change_fraction"": 0.004524886877828055, ""center_displacements"": [0.00014831448788754642, 0.00012196695024613291, 0.00016892551502678543, 0.00012015373795293272, 0.00011066393926739693, 9.491898526903242e-05], ""center_norms"": [6.786310195922852, 7.542210578918457, 7.854618549346924, 8.467978477478027, 8.530477523803711, 7.555731773376465], ""complete_collapse"": false, ""counts"": [85, 84, 97, 71, 46, 59], ""cumulative_hard_use"": [169, 170, 193, 142, 92, 118], ""dead_center_duration"": [0, 0, 0, 0, 0, 0], ""effective_cluster_count"": 5.832665475761279, ""hard_entropy"": 1.7634740958373982, ""maximum_cluster_fraction"": 0.21945701357466063, ""mean_nearest_squared_distance"": 210.58197021484375, ""minimum_center_separation"": 10.22581958770752, ""minimum_cluster_size"": 46, ""minimum_positive_size"": 46, ""near_collapse"": false, ""normalized_hard_entropy"": 0.9842136325347046, ""occupied_clusters"": 6, ""rbf_marginal_entropy"": 1.7632030248641968, ""rbf_mean_row_entropy"": 0.0405314676463604, ""s0_marginal_entropy"": 1.7904062271118164, ""s0_mean_row_entropy"": 1.6914043426513672, ""utilization"": 1.0}"
59,OSULeaf,LoSTer-AlignedInit,4,COMPLETE,a247dffdea50e236b171392b8c9336ecd4cc5727,39ee0de3fe454037c598b14daca47971d698eff55f2ddcf56584d42fb7e5f392,2026-10-05T23:37:46.013189+00:00,2026-10-05T23:37:56.091095+00:00,10.061126800000238,cuda,NVIDIA GeForce GTX 1080,2,assignment-change,6.5,G:\Articoli\Articoli da Completare\LoSTer 2026\pilot\artifacts\OSULeaf\LoSTer-AlignedInit\seed-4\complete.pt,71ae962ca2fa3ad70fc6b16946b3ce460f49963a6a626dfcb94f408fcfe0fbdb,G:\Articoli\Articoli da Completare\LoSTer 2026\pilot\runs\OSULeaf\LoSTer-AlignedInit\seed-4\predictions.npy,G:\Articoli\Articoli da Completare\LoSTer 2026\pilot\artifacts\OSULeaf\LoSTer-AlignedInit\seed-4\manifest.json,"{""TEST"": ""89c846159a1ac5480bcc4e22f01afe0d3a67ef59878c27fca6d3ee9b0da980e9"", ""TRAIN"": ""04684daa02bc30798ac0bad45f2b48440446b74e7b47ca4626df933a4f88e816""}",0.1353957239433886,0.19462658094418478,0.7474784785709155,0.38009049773755654,46750208,"{""cluster_contrast"": 4.764114538828532, ""entropy"": -3.579552332560221, ""instance"": 11.183523495992025, ""kmeans"": 0.7268290519714355, ""reconstruction"": 0.05479715516169866, ""total"": 13.149711926778158}","{""assignment_change_fraction"": 0.0, ""center_displacements"": [7.913810259196907e-05, 5.484740904648788e-05, 5.7975445088231936e-05, 5.339701601769775e-05, 5.088010220788419e-05, 3.1604078685631976e-05], ""center_norms"": [9.302254676818848, 7.122047424316406, 10.780559539794922, 10.279426574707031, 8.160502433776855, 11.476356506347656], ""complete_collapse"": false, ""counts"": [66, 59, 47, 85, 69, 116], ""cumulative_hard_use"": [132, 118, 94, 170, 138, 232], ""dead_center_duration"": [0, 0, 0, 0, 0, 0], ""effective_cluster_count"": 5.749591593056743, ""hard_entropy"": 1.7491288249922219, ""maximum_cluster_fraction"": 0.26244343891402716, ""mean_nearest_squared_distance"": 159.18630981445312, ""minimum_center_separation"": 10.961515426635742, ""minimum_cluster_size"": 47, ""minimum_positive_size"": 47, ""near_collapse"": false, ""normalized_hard_entropy"": 0.9762073844352559, ""occupied_clusters"": 6, ""rbf_marginal_entropy"": 1.7490447759628296, ""rbf_mean_row_entropy"": 0.0036431297194212675, ""s0_marginal_entropy"": 1.7895692586898804, ""s0_mean_row_entropy"": 1.6914043426513672, ""utilization"": 1.0}","{""assignment_change_fraction"": 0.006787330316742082, ""center_displacements"": [0.00012736051576212049, 0.00012209173291921616, 0.00014103700232226402, 0.0001242447760887444, 0.00017266752547584474, 0.00016430288087576628], ""center_norms"": [7.646215438842773, 7.506717681884766, 7.532017707824707, 7.688412189483643, 7.484307289123535, 7.945079326629639], ""complete_collapse"": false, ""counts"": [70, 57, 85, 72, 77, 81], ""cumulative_hard_use"": [140, 113, 171, 145, 153, 162], ""dead_center_duration"": [0, 0, 0, 0, 0, 0], ""effective_cluster_count"": 5.953807376666616, ""hard_entropy"": 1.7840309101499638, ""maximum_cluster_fraction"": 0.19230769230769232, ""mean_nearest_squared_distance"": 212.8584442138672, ""minimum_center_separation"": 9.643098831176758, ""minimum_cluster_size"": 57, ""minimum_positive_size"": 57, ""near_collapse"": false, ""normalized_hard_entropy"": 0.9956866090505883, ""occupied_clusters"": 6, ""rbf_marginal_entropy"": 1.7842403650283813, ""rbf_mean_row_entropy"": 0.037496864795684814, ""s0_marginal_entropy"": 1.791386365890503, ""s0_mean_row_entropy"": 1.6914043426513672, ""utilization"": 1.0}"
60,ShapesAll,LoSTer-Legacy-Clean,0,COMPLETE,a247dffdea50e236b171392b8c9336ecd4cc5727,c6698d8b4ee425ad77e7710fca4799d3f8e5d4f0ec395665df46ee6ea42867de,2026-10-05T23:37:57.997807+00:00,2026-10-05T23:41:48.269693+00:00,230.2523412999999,cuda,NVIDIA GeForce GTX 1080,3,assignment-change,4.2250000000000005,G:\Articoli\Articoli da Completare\LoSTer 2026\pilot\artifacts\ShapesAll\LoSTer-Legacy-Clean\seed-0\complete.pt,f94fae692cff8e82ec209c614259ae162b9ca605352622a0a9d63dbf43f6cf69,G:\Articoli\Articoli da Completare\LoSTer 2026\pilot\runs\ShapesAll\LoSTer-Legacy-Clean\seed-0\predictions.npy,G:\Articoli\Articoli da Completare\LoSTer 2026\pilot\artifacts\ShapesAll\LoSTer-Legacy-Clean\seed-0\manifest.json,"{""TEST"": ""1a0de98184a51d4827acec26b664c2212ef0893c840ffd05495d372dffa2bfc7"", ""TRAIN"": ""c55ab9de74bc5cc1068ea45999a76f551b3d58f64caf66dcc3151882142d337e""}",0.3900207609818542,0.7238055664817337,0.9772574367528496,0.5158333333333334,175644160,"{""cluster_contrast"": 9.557834731207954, ""entropy"": -8.188181029425728, ""instance"": 11.223518053690592, ""kmeans"": 0.37138612071673077, ""reconstruction"": 0.023441486681501072, ""total"": 12.987999492221409}","{""assignment_change_fraction"": 0.0, ""center_displacements"": [5.827553468407132e-05, 4.959891884936951e-05, 2.1325500711100176e-05, 2.4513083189958706e-05, 1.254825656360481e-05, 1.0120640581590123e-05, 2.7263673473498784e-05, 1.3704041521123145e-05, 9.9857124951086e-06, 1.5098313497219351e-06, 4.715684553957544e-06, 2.7670033887261525e-05, 4.687513410317479e-06, 1.9883736968040466e-05, 1.2016851542284712e-05, 1.489013357058866e-05, 2.3052780306898057e-06, 1.6167081412277184e-05, 2.4231749193859287e-06, 2.0930081518599764e-05, 1.525790685263928e-05, 1.0204309546679724e-05, 1.9217681256122887e-05, 3.368907300682622e-06, 4.3062405893579125e-05, 1.6015750588849187e-05, 1.2421814062690828e-05, 1.5969246305758134e-05, 1.8453754819347523e-05, 1.1460772839200217e-05, 1.4201746125763748e-05, 4.870367320108926e-06, 3.51282833435107e-05, 3.957499302487122e-06, 2.0816913092858158e-05, 4.414168870425783e-05, 1.4013498002896085e-05, 1.2817462220482412e-06, 9.81769244390307e-06, 1.7139576584668248e-06, 1.872361644927878e-05, 8.224589691963047e-06, 1.3460547052090988e-05, 2.0970248897356214e-06, 2.008172305068001e-05, 2.7390198738430627e-05, 4.011310011264868e-06, 1.239309767697705e-05, 1.5840692867641337e-05, 1.7839410020314972e-06, 1.5854569710427313e-06, 2.2507987523567863e-05, 1.3769017641607206e-05, 2.8038330128765665e-05, 1.918771340569947e-05, 4.078256824868731e-05, 1.3630352441396099e-05, 1.3138526355760405e-06, 1.1296557204332203e-05, 7.108703357516788e-06], ""center_norms"": [13.452670097351074, 13.386592864990234, 15.335622787475586, 15.391475677490234, 13.492179870605469, 13.838576316833496, 12.931859970092773, 11.39196491241455, 15.585846900939941, 13.839037895202637, 15.299667358398438, 12.568222045898438, 14.488993644714355, 14.4627046585083, 14.245637893676758, 13.823811531066895, 14.39193058013916, 14.548755645751953, 14.840307235717773, 14.315449714660645, 14.586010932922363, 14.327184677124023, 14.944426536560059, 13.72104263305664, 15.24915599822998, 14.920138359069824, 14.871810913085938, 14.03444766998291, 15.229635238647461, 13.1141357421875, 12.51293659210205, 14.336408615112305, 14.833584785461426, 13.172377586364746, 11.796198844909668, 11.985603332519531, 14.092329978942871, 11.94648551940918, 14.04531478881836, 13.168010711669922, 15.373729705810547, 15.466897964477539, 13.598919868469238, 10.9252347946167, 14.81356143951416, 14.721060752868652, 12.688661575317383, 15.083394050598145, 12.180922508239746, 14.654315948486328, 13.922832489013672, 12.824844360351562, 14.938003540039062, 12.763006210327148, 12.565007209777832, 14.344249725341797, 12.95077896118164, 11.754929542541504, 15.765945434570312, 13.1802396774292], ""complete_collapse"": false, ""counts"": [27, 8, 40, 28, 21, 36, 18, 11, 20, 16, 30, 15, 23, 18, 14, 22, 15, 22, 20, 13, 25, 28, 43, 10, 83, 51, 25, 37, 25, 15, 19, 19, 23, 17, 10, 8, 10, 8, 12, 7, 22, 20, 13, 13, 23, 25, 14, 22, 10, 8, 9, 20, 17, 12, 19, 7, 9, 10, 20, 15], ""cumulative_hard_use"": [81, 24, 120, 83, 63, 108, 54, 33, 60, 48, 90, 45, 69, 54, 42, 66, 45, 66, 60, 39, 75, 84, 130, 30, 248, 152, 75, 111, 75, 45, 57, 57, 71, 51, 30, 24, 30, 24, 36, 21, 66, 60, 39, 39, 69, 75, 42, 66, 30, 24, 27, 60, 51, 36, 57, 21, 27, 30, 60, 45], ""dead_center_duration"": [0, 0, 0, 0, 0, 0, 0, 0, 0, 0, 0, 0, 0, 0, 0, 0, 0, 0, 0, 0, 0, 0, 0, 0, 0, 0, 0, 0, 0, 0, 0, 0, 0, 0, 0, 0, 0, 0, 0, 0, 0, 0, 0, 0, 0, 0, 0, 0, 0, 0, 0, 0, 0, 0, 0, 0, 0, 0, 0, 0], ""effective_cluster_count"": 51.67887090247117, ""hard_entropy"": 3.9450490113732783, ""maximum_cluster_fraction"": 0.06916666666666667, ""mean_nearest_squared_distance"": 54.833248138427734, ""minimum_center_separation"": 4.4748101234436035, ""minimum_cluster_size"": 7, ""minimum_positive_size"": 7, ""near_collapse"": false, ""normalized_hard_entropy"": 0.9635361536920098, ""occupied_clusters"": 60, ""rbf_marginal_entropy"": 3.946021795272827, ""rbf_mean_row_entropy"": 0.007906442508101463, ""s0_marginal_entropy"": 4.09420108795166, ""s0_mean_row_entropy"": 4.0785369873046875, ""utilization"": 1.0}","{""assignment_change_fraction"": 0.0175, ""center_displacements"": [6.646227848250419e-05, 6.856750405859202e-05, 0.00012261111987754703, 6.609956471947953e-05, 7.679218106204644e-05, 9.030531509779394e-05, 7.105487020453438e-05, 8.816613262752071e-05, 0.00010220652620773762, 0.00010631451004883274, 5.139693166711368e-05, 8.054407953750342e-05, 2.827380558301229e-05, 9.886064799502492e-05, 6.595089507754892e-05, 5.683820563717745e-05, 4.348539005150087e-05, 8.940136467572302e-05, 6.796008528908715e-05, 6.726325227646157e-05, 3.7422632885864004e-05, 5.946363307884894e-05, 6.0941532865399495e-05, 0.00010757060954347253, 7.971544255269691e-05, 7.553231262136251e-05, 4.818881643586792e-05, 9.062241588253528e-05, 6.261460657697171e-05, 7.988714060047641e-05, 8.833845640765503e-05, 0.00012494005204644054, 3.867556733894162e-05, 7.993339386302978e-05, 6.93627298460342e-05, 0.0001055612156051211, 7.080096111167222e-05, 7.013987487880513e-05, 8.932920172810555e-05, 6.736200884915888e-05, 7.269174238899723e-05, 6.96506685926579e-05, 0.00012991728726774454, 6.683126412099227e-05, 7.095246110111475e-05, 8.35629107314162e-05, 5.425535709946416e-05, 7.044377707643434e-05, 0.00012598415196407586, 9.263063839171082e-05, 5.119305933476426e-05, 3.8837300962768495e-05, 6.184430094435811e-05, 6.277153443079442e-05, 0.00010448387183714658, 7.613061461597681e-05, 3.320787436678074e-05, 7.532478775829077e-05, 7.646765152458102e-05, 5.501710984390229e-05], ""center_norms"": [12.50078010559082, 11.95606803894043, 11.532066345214844, 12.298697471618652, 12.658467292785645, 12.573609352111816, 11.179409980773926, 11.99538803100586, 12.663336753845215, 11.324956893920898, 12.197243690490723, 12.496013641357422, 13.283601760864258, 12.448264122009277, 12.043416976928711, 12.160284996032715, 12.46063232421875, 12.173850059509277, 11.485733985900879, 11.99810791015625, 12.524492263793945, 12.927108764648438, 11.000805854797363, 11.932923316955566, 12.594204902648926, 13.382454872131348, 11.891518592834473, 11.618556022644043, 11.86264419555664, 10.79709529876709, 11.723684310913086, 12.692996978759766, 12.172886848449707, 12.152345657348633, 12.172526359558105, 12.502544403076172, 11.523309707641602, 12.247909545898438, 11.321340560913086, 10.258368492126465, 11.510283470153809, 10.945024490356445, 9.931234359741211, 11.966732025146484, 12.654033660888672, 11.707581520080566, 11.939610481262207, 11.55520248413086, 13.247708320617676, 12.486932754516602, 11.54435920715332, 11.859350204467773, 11.758132934570312, 10.536452293395996, 11.426030158996582, 10.724467277526855, 11.441971778869629, 11.33382511138916, 12.107263565063477, 11.022661209106445], ""complete_collapse"": false, ""counts"": [13, 25, 36, 24, 27, 16, 18, 16, 23, 15, 17, 20, 13, 20, 17, 7, 4, 23, 2, 18, 20, 20, 42, 14, 30, 15, 21, 27, 11, 19, 38, 19, 18, 27, 23, 29, 19, 22, 21, 15, 20, 22, 18, 33, 21, 30, 18, 27, 26, 29, 10, 22, 25, 9, 7, 19, 7, 12, 18, 23], ""cumulative_hard_use"": [39, 75, 112, 75, 79, 51, 54, 48, 62, 45, 51, 61, 39, 60, 51, 21, 12, 70, 9, 56, 62, 60, 126, 43, 90, 45, 61, 79, 33, 58, 113, 56, 54, 85, 69, 82, 58, 63, 64, 46, 60, 60, 53, 99, 63, 87, 54, 79, 75, 87, 30, 66, 79, 29, 23, 57, 20, 38, 55, 69], ""dead_center_duration"": [0, 0, 0, 0, 0, 0, 0, 0, 0, 0, 0, 0, 0, 0, 0, 0, 0, 0, 0, 0, 0, 0, 0, 0, 0, 0, 0, 0, 0, 0, 0, 0, 0, 0, 0, 0, 0, 0, 0, 0, 0, 0, 0, 0, 0, 0, 0, 0, 0, 0, 0, 0, 0, 0, 0, 0, 0, 0, 0, 0], ""effective_cluster_count"": 55.24371308081729, ""hard_entropy"": 4.011754543530797, ""maximum_cluster_fraction"": 0.035, ""mean_nearest_squared_distance"": 134.8124542236328, ""minimum_center_separation"": 7.416562080383301, ""minimum_cluster_size"": 2, ""minimum_positive_size"": 2, ""near_collapse"": false, ""normalized_hard_entropy"": 0.9798282686187799, ""occupied_clusters"": 60, ""rbf_marginal_entropy"": 4.012073040008545, ""rbf_mean_row_entropy"": 0.06048113480210304, ""s0_marginal_entropy"": 4.094285488128662, ""s0_mean_row_entropy"": 4.0785369873046875, ""utilization"": 1.0}"
61,ShapesAll,LoSTer-Legacy-Clean,1,COMPLETE,a247dffdea50e236b171392b8c9336ecd4cc5727,802429780f88897913aa1c86a162b537f2dbfb0de9c3856549c369170c4be511,2026-10-05T23:41:50.145160+00:00,2026-10-05T23:45:40.404484+00:00,230.2386604000003,cuda,NVIDIA GeForce GTX 1080,3,assignment-change,4.2250000000000005,G:\Articoli\Articoli da Completare\LoSTer 2026\pilot\artifacts\ShapesAll\LoSTer-Legacy-Clean\seed-1\complete.pt,1044e7052f273fad172a4275d16cbc5048e67efec360047c2572abab67fe4bc2,G:\Articoli\Articoli da Completare\LoSTer 2026\pilot\runs\ShapesAll\LoSTer-Legacy-Clean\seed-1\predictions.npy,G:\Articoli\Articoli da Completare\LoSTer 2026\pilot\artifacts\ShapesAll\LoSTer-Legacy-Clean\seed-1\manifest.json,"{""TEST"": ""1a0de98184a51d4827acec26b664c2212ef0893c840ffd05495d372dffa2bfc7"", ""TRAIN"": ""c55ab9de74bc5cc1068ea45999a76f551b3d58f64caf66dcc3151882142d337e""}",0.3720616497256011,0.7181395495125904,0.9752946900194607,0.525,175644160,"{""cluster_contrast"": 9.558275646633572, ""entropy"": -8.188124868604872, ""instance"": 11.235525872972277, ""kmeans"": 0.3686700065930684, ""reconstruction"": 0.02364837398959531, ""total"": 12.997994952731663}","{""assignment_change_fraction"": 0.0008333333333333334, ""center_displacements"": [1.9783245079452172e-05, 2.545730421843473e-05, 6.676601515209768e-06, 2.2837220967630856e-06, 3.0149043595883995e-05, 2.5506989913992584e-05, 3.849302083835937e-05, 8.23045752440521e-07, 1.6844032870722003e-05, 1.6364256225642748e-06, 3.27918169205077e-05, 7.834794814698398e-05, 2.321532338100951e-05, 2.1400002879090607e-05, 1.408579646522412e-05, 5.425317431217991e-05, 3.3723506930982694e-05, 2.031417352554854e-05, 7.711720172665082e-06, 3.374989319127053e-05, 3.047717473236844e-05, 1.6866921441760496e-06, 1.4005240700498689e-05, 4.442414137884043e-05, 2.1766049940197263e-06, 8.128236913762521e-06, 4.608487415680429e-06, 2.4070175641099922e-05, 8.052455996221397e-06, 3.709298835019581e-05, 1.4832089618721511e-06, 1.1409786566218827e-05, 2.4955344997579232e-05, 1.4953438949305564e-06, 4.359369995654561e-06, 4.527426426648162e-06, 2.4686248707439518e-06, 1.5857098333071917e-05, 3.0929193599149585e-05, 1.94457625184441e-05, 2.445607060508337e-05, 6.4594669311190955e-06, 5.581031473411713e-06, 9.067856581168598e-07, 1.4175804608385079e-05, 1.885477831820026e-05, 9.737622349348385e-06, 1.0015524821938016e-05, 3.933502739528194e-06, 3.167613613186404e-05, 4.314032139518531e-06, 8.70072835823521e-06, 4.1372190025867894e-05, 1.0034883416665252e-05, 1.764375156199094e-06, 1.1284273568890058e-05, 3.509481030050665e-05, 1.2654002603085246e-05, 3.4237511954415822e-06, 7.899742740846705e-06], ""center_norms"": [10.863389015197754, 15.19087028503418, 15.54218864440918, 13.36731243133545, 15.238577842712402, 15.52666187286377, 12.965621948242188, 15.263786315917969, 14.926027297973633, 15.365950584411621, 15.218119621276855, 14.937529563903809, 12.945101737976074, 14.932826042175293, 14.484796524047852, 15.123223304748535, 14.674248695373535, 14.467337608337402, 14.682766914367676, 13.748025894165039, 12.7128324508667, 14.944457054138184, 15.13371467590332, 14.687400817871094, 12.890338897705078, 13.669900894165039, 13.696622848510742, 12.952853202819824, 14.636691093444824, 14.276165962219238, 13.72653579711914, 13.61964225769043, 12.71628189086914, 13.855891227722168, 14.129410743713379, 11.100302696228027, 14.900724411010742, 15.192675590515137, 12.480042457580566, 10.958178520202637, 13.7089262008667, 14.76303482055664, 14.405532836914062, 15.156819343566895, 14.528389930725098, 12.922274589538574, 13.179064750671387, 13.474964141845703, 12.15156078338623, 12.742473602294922, 12.843036651611328, 12.986231803894043, 12.740769386291504, 13.254290580749512, 12.794716835021973, 14.986966133117676, 13.672911643981934, 13.51549243927002, 13.874771118164062, 15.6353120803833], ""complete_collapse"": false, ""counts"": [16, 62, 19, 19, 81, 19, 12, 4, 24, 10, 69, 33, 29, 20, 34, 41, 32, 25, 14, 22, 14, 16, 23, 20, 22, 21, 18, 11, 27, 19, 13, 14, 22, 15, 12, 11, 20, 24, 9, 12, 11, 13, 27, 5, 29, 12, 4, 13, 6, 20, 8, 10, 10, 6, 9, 28, 20, 5, 16, 20], ""cumulative_hard_use"": [48, 186, 57, 57, 239, 57, 36, 12, 72, 30, 209, 99, 87, 60, 102, 123, 96, 75, 42, 66, 42, 48, 69, 60, 66, 63, 54, 33, 81, 57, 39, 42, 66, 45, 36, 33, 60, 72, 27, 36, 33, 39, 81, 15, 89, 36, 12, 39, 18, 60, 24, 30, 30, 18, 27, 84, 60, 15, 48, 60], ""dead_center_duration"": [0, 0, 0, 0, 0, 0, 0, 0, 0, 0, 0, 0, 0, 0, 0, 0, 0, 0, 0, 0, 0, 0, 0, 0, 0, 0, 0, 0, 0, 0, 0, 0, 0, 0, 0, 0, 0, 0, 0, 0, 0, 0, 0, 0, 0, 0, 0, 0, 0, 0, 0, 0, 0, 0, 0, 0, 0, 0, 0, 0], ""effective_cluster_count"": 49.14708423646892, ""hard_entropy"": 3.8948175210586577, ""maximum_cluster_fraction"": 0.0675, ""mean_nearest_squared_distance"": 54.13302230834961, ""minimum_center_separation"": 4.889253616333008, ""minimum_cluster_size"": 4, ""minimum_positive_size"": 4, ""near_collapse"": false, ""normalized_hard_entropy"": 0.9512676478173213, ""occupied_clusters"": 60, ""rbf_marginal_entropy"": 3.895095109939575, ""rbf_mean_row_entropy"": 0.009450545534491539, ""s0_marginal_entropy"": 4.094152450561523, ""s0_mean_row_entropy"": 4.0785369873046875, ""utilization"": 1.0}","{""assignment_change_fraction"": 0.0275, ""center_displacements"": [0.0001760262093739584, 9.001070429803804e-05, 9.795569349080324e-05, 6.143782957224175e-05, 4.085374894202687e-05, 4.881608401774429e-05, 6.828526966273785e-05, 9.471533121541142e-05, 5.472738848766312e-05, 6.191433931235224e-05, 9.265836706617847e-05, 4.250028359820135e-05, 0.00014504266437143087, 8.44573078211397e-05, 9.940702875610441e-05, 7.705812458880246e-05, 0.0001022343203658238, 4.4596348743652925e-05, 8.781823271419853e-05, 4.9927690270124e-05, 7.474592712242156e-05, 9.356323425890878e-05, 8.045399590628222e-05, 7.74122672737576e-05, 6.896378909004852e-05, 9.666365076554939e-05, 0.0001027945036184974, 7.46644291211851e-05, 0.0001460795901948586, 7.402132177958265e-05, 6.511813262477517e-05, 7.980474038049579e-05, 4.296788029023446e-05, 0.00011882033140864223, 6.788362952647731e-05, 9.621209028409794e-05, 8.093212818494067e-05, 8.560525020584464e-05, 6.072652467992157e-05, 8.611823432147503e-05, 7.171468314481899e-05, 0.00010703587759053335, 7.017113239271566e-05, 5.857262294739485e-05, 7.110425212886184e-05, 7.860136247472838e-05, 7.91234997450374e-05, 0.00010341274173697457, 0.00010360115265939385, 0.0001050552018568851, 0.00010014836880145594, 9.3149057647679e-05, 7.739311695331708e-05, 4.6408942580455914e-05, 8.948575850808993e-05, 7.954097236506641e-05, 7.686971366638318e-05, 6.017667328706011e-05, 0.00011680196621455252, 4.1263199818786234e-05], ""center_norms"": [11.324033737182617, 12.180947303771973, 11.538148880004883, 12.365900993347168, 12.316044807434082, 11.329618453979492, 11.649284362792969, 10.953311920166016, 12.312721252441406, 11.008779525756836, 12.27736759185791, 11.751654624938965, 12.076507568359375, 11.62725830078125, 12.394417762756348, 11.917190551757812, 12.030774116516113, 11.206926345825195, 12.83371639251709, 13.543103218078613, 11.995561599731445, 11.897991180419922, 11.242973327636719, 12.377459526062012, 11.825501441955566, 13.197265625, 11.28730583190918, 11.799721717834473, 12.763786315917969, 13.290942192077637, 13.370966911315918, 12.7839994430542, 12.65401840209961, 12.365239143371582, 11.105911254882812, 12.739130973815918, 10.662724494934082, 11.897077560424805, 11.674102783203125, 12.254156112670898, 12.779629707336426, 11.292736053466797, 12.196938514709473, 11.820029258728027, 12.459996223449707, 10.612921714782715, 11.981836318969727, 11.37417221069336, 12.325956344604492, 12.36817455291748, 12.474812507629395, 11.58094596862793, 12.198543548583984, 11.343775749206543, 9.542993545532227, 11.721843719482422, 10.664867401123047, 12.083699226379395, 12.22250747680664, 12.022150993347168], ""complete_collapse"": false, ""counts"": [19, 27, 21, 24, 13, 13, 44, 11, 30, 27, 20, 28, 28, 21, 24, 14, 25, 10, 15, 16, 31, 19, 21, 16, 26, 35, 20, 10, 25, 16, 24, 20, 16, 18, 18, 22, 18, 26, 16, 17, 15, 17, 12, 14, 15, 11, 18, 18, 20, 10, 40, 27, 31, 15, 22, 6, 10, 18, 30, 7], ""cumulative_hard_use"": [55, 81, 63, 72, 39, 41, 136, 33, 88, 84, 61, 81, 84, 68, 69, 38, 68, 30, 48, 49, 93, 59, 58, 48, 78, 106, 63, 30, 71, 50, 72, 57, 46, 52, 54, 69, 55, 76, 50, 49, 47, 52, 34, 42, 48, 36, 52, 55, 57, 32, 120, 83, 91, 45, 68, 19, 32, 54, 88, 21], ""dead_center_duration"": [0, 0, 0, 0, 0, 0, 0, 0, 0, 0, 0, 0, 0, 0, 0, 0, 0, 0, 0, 0, 0, 0, 0, 0, 0, 0, 0, 0, 0, 0, 0, 0, 0, 0, 0, 0, 0, 0, 0, 0, 0, 0, 0, 0, 0, 0, 0, 0, 0, 0, 0, 0, 0, 0, 0, 0, 0, 0, 0, 0], ""effective_cluster_count"": 55.891639537215895, ""hard_entropy"": 4.02341480792409, ""maximum_cluster_fraction"": 0.03666666666666667, ""mean_nearest_squared_distance"": 135.17044067382812, ""minimum_center_separation"": 8.735589027404785, ""minimum_cluster_size"": 6, ""minimum_positive_size"": 6, ""near_collapse"": false, ""normalized_hard_entropy"": 0.9826761638596643, ""occupied_clusters"": 60, ""rbf_marginal_entropy"": 4.02427339553833, ""rbf_mean_row_entropy"": 0.058463338762521744, ""s0_marginal_entropy"": 4.0942888259887695, ""s0_mean_row_entropy"": 4.0785369873046875, ""utilization"": 1.0}"
62,ShapesAll,LoSTer-Legacy-Clean,2,COMPLETE,a247dffdea50e236b171392b8c9336ecd4cc5727,1ebd607b2eab1d15b4676ba58ab19f3eaa3427be55ceb2790cec6b763e0a7f63,2026-10-05T23:45:42.286474+00:00,2026-10-05T23:49:32.562007+00:00,230.2542182999996,cuda,NVIDIA GeForce GTX 1080,6,assignment-change,1.1602906250000002,G:\Articoli\Articoli da Completare\LoSTer 2026\pilot\artifacts\ShapesAll\LoSTer-Legacy-Clean\seed-2\complete.pt,4e8622936f4882fa9d6182504329a6c330151b9aa9690cdb0e9065477505e9b8,G:\Articoli\Articoli da Completare\LoSTer 2026\pilot\runs\ShapesAll\LoSTer-Legacy-Clean\seed-2\predictions.npy,G:\Articoli\Articoli da Completare\LoSTer 2026\pilot\artifacts\ShapesAll\LoSTer-Legacy-Clean\seed-2\manifest.json,"{""TEST"": ""1a0de98184a51d4827acec26b664c2212ef0893c840ffd05495d372dffa2bfc7"", ""TRAIN"": ""c55ab9de74bc5cc1068ea45999a76f551b3d58f64caf66dcc3151882142d337e""}",0.35611033408903214,0.7102071171685982,0.9746775090353073,0.49833333333333335,175644160,"{""cluster_contrast"": 9.557883474561903, ""entropy"": -8.188116391499838, ""instance"": 11.206792089674208, ""kmeans"": 0.37021827697753906, ""reconstruction"": 0.024548298575811915, ""total"": 12.971325662400988}","{""assignment_change_fraction"": 0.0008333333333333334, ""center_displacements"": [9.210473763232585e-06, 5.259466320239881e-07, 9.867998414847534e-06, 3.942559033021098e-06, 3.875959464494372e-06, 7.177392035373487e-06, 2.8481008484959602e-06, 1.7818556443671696e-05, 1.4037624168850016e-05, 5.123880555402138e-07, 1.063868148776237e-05, 4.082610303157708e-06, 8.203233505810203e-07, 5.615421514448826e-07, 4.3097620050502883e-07, 3.012243723787833e-06, 8.952638381742872e-06, 5.535537752621167e-07, 3.0983241572357656e-07, 7.098995524756901e-07, 6.012185622239485e-06, 1.1323972103127744e-05, 7.294877946151246e-07, 3.9696197973171365e-07, 9.48951765167294e-06, 8.914201998777571e-07, 5.670481186825782e-07, 1.1544915651029442e-05, 5.016380555389333e-07, 1.2826012607547455e-06, 7.063288194331108e-07, 1.1634832617346547e-06, 6.73630836445227e-07, 1.776359113137005e-06, 5.130875251779798e-06, 3.0093394798313966e-07, 6.784555353078758e-07, 7.391386134258937e-06, 7.740347427898087e-06, 3.212630872440059e-07, 5.914334337830951e-07, 8.535757842764724e-07, 3.580720431273221e-07, 2.01534339794307e-06, 5.01345766679151e-07, 2.8053689220541855e-06, 8.835051517053216e-07, 3.9602568335794786e-07, 4.8330168311849775e-08, 1.1780770137193031e-07, 3.9919827941048425e-06, 8.987723958853167e-06, 4.5006422055848816e-07, 4.6032289446884533e-07, 4.7488438781329023e-07, 4.0452434291182726e-07, 6.800728897360386e-06, 4.363004336482845e-06, 2.0065368744326406e-07, 9.695294465927873e-06], ""center_norms"": [15.301182746887207, 14.216625213623047, 13.435267448425293, 15.306139945983887, 14.425909042358398, 14.671539306640625, 13.218761444091797, 14.677748680114746, 12.791754722595215, 14.434087753295898, 14.258451461791992, 12.020345687866211, 14.184276580810547, 13.18952465057373, 14.073904991149902, 14.109254837036133, 14.518951416015625, 15.016500473022461, 14.812287330627441, 13.041625022888184, 14.616175651550293, 13.45114803314209, 13.956615447998047, 11.287724494934082, 12.960800170898438, 12.780586242675781, 12.02380084991455, 14.489591598510742, 13.382803916931152, 12.539709091186523, 12.437292098999023, 13.616311073303223, 13.122269630432129, 15.060644149780273, 15.324467658996582, 13.403923034667969, 15.626853942871094, 13.02212142944336, 12.819860458374023, 13.175596237182617, 13.352858543395996, 14.966567993164062, 13.130549430847168, 15.192872047424316, 13.848958969116211, 14.615663528442383, 14.013971328735352, 15.064155578613281, 15.786272048950195, 15.686525344848633, 14.48159122467041, 14.63211727142334, 15.006149291992188, 14.220727920532227, 12.399813652038574, 12.673583984375, 15.206732749938965, 12.627161026000977, 15.637246131896973, 12.603026390075684], ""complete_collapse"": false, ""counts"": [38, 12, 22, 66, 33, 23, 5, 34, 20, 19, 41, 12, 28, 19, 13, 17, 30, 24, 7, 12, 25, 6, 18, 7, 18, 17, 8, 25, 12, 25, 17, 19, 12, 28, 83, 5, 20, 10, 14, 7, 17, 24, 7, 55, 11, 35, 20, 13, 3, 5, 21, 20, 20, 12, 9, 6, 18, 18, 15, 20], ""cumulative_hard_use"": [229, 72, 128, 407, 198, 137, 29, 203, 121, 114, 240, 72, 168, 114, 78, 104, 185, 144, 42, 74, 164, 32, 108, 42, 106, 102, 48, 154, 72, 150, 102, 114, 72, 168, 490, 30, 120, 61, 84, 42, 102, 144, 42, 322, 66, 205, 120, 78, 18, 30, 126, 116, 120, 72, 54, 36, 111, 108, 90, 120], ""dead_center_duration"": [0, 0, 0, 0, 0, 0, 0, 0, 0, 0, 0, 0, 0, 0, 0, 0, 0, 0, 0, 0, 0, 0, 0, 0, 0, 0, 0, 0, 0, 0, 0, 0, 0, 0, 0, 0, 0, 0, 0, 0, 0, 0, 0, 0, 0, 0, 0, 0, 0, 0, 0, 0, 0, 0, 0, 0, 0, 0, 0, 0], ""effective_cluster_count"": 48.87242985473678, ""hard_entropy"": 3.8892134308304906, ""maximum_cluster_fraction"": 0.06916666666666667, ""mean_nearest_squared_distance"": 55.101383209228516, ""minimum_center_separation"": 4.7911577224731445, ""minimum_cluster_size"": 3, ""minimum_positive_size"": 3, ""near_collapse"": false, ""normalized_hard_entropy"": 0.9498989085373215, ""occupied_clusters"": 60, ""rbf_marginal_entropy"": 3.888911008834839, ""rbf_mean_row_entropy"": 0.014409453608095646, ""s0_marginal_entropy"": 4.094152450561523, ""s0_mean_row_entropy"": 4.0785369873046875, ""utilization"": 1.0}","{""assignment_change_fraction"": 0.004166666666666667, ""center_displacements"": [1.375516876578331e-05, 1.954887920874171e-05, 3.3887823519762605e-05, 5.839106052007992e-06, 7.900316632003523e-06, 2.1941596060059965e-05, 1.0920014574367087e-05, 1.6041823982959613e-05, 2.3913113182061352e-05, 1.1536846614035312e-05, 3.7247380532789975e-05, 6.112225491960999e-06, 6.414870313165011e-06, 3.54562871507369e-06, 7.42238762541092e-06, 1.736045305733569e-05, 1.7495527572464198e-05, 1.1232516953896265e-05, 1.0106968147738371e-05, 1.5157625057327095e-05, 9.699941983853932e-06, 2.7476058676256798e-05, 1.73777971212985e-05, 1.7229080185643397e-05, 1.1367324077582452e-05, 3.045124321943149e-05, 8.078623068286106e-06, 1.1200120752619114e-05, 6.7116220634488855e-06, 1.1121129318780731e-05, 6.980203124840045e-06, 3.446147275099065e-06, 2.6813992008101195e-05, 1.842114215833135e-05, 2.2180140149430372e-05, 1.3636251424031798e-05, 9.976367437047884e-06, 6.094360742281424e-06, 1.6732314179535024e-05, 1.7559379557496868e-05, 2.6267448447470088e-06, 2.3624028472113423e-05, 1.3135791959939525e-05, 1.1749296390917152e-05, 1.38507339215721e-05, 2.2375032131094486e-05, 9.737405889609363e-06, 9.991007573262323e-06, 1.4086747796682175e-05, 2.838962927853572e-06, 2.1958472643746063e-05, 1.0600229870760813e-05, 1.1936564078496303e-05, 2.3331082047661766e-05, 7.336996986850863e-06, 1.985587914532516e-05, 1.7131453205365688e-05, 2.8151187507319264e-05, 1.2508236068242695e-05, 2.1688572815037332e-05], ""center_norms"": [13.10926628112793, 11.658164024353027, 12.09811019897461, 12.394694328308105, 10.990447998046875, 10.665386199951172, 11.88550853729248, 12.980299949645996, 12.504728317260742, 11.685870170593262, 12.082719802856445, 10.777461051940918, 12.602629661560059, 11.930625915527344, 11.385796546936035, 11.814729690551758, 12.14547348022461, 11.818307876586914, 12.456295013427734, 11.679240226745605, 11.610559463500977, 11.859394073486328, 12.167877197265625, 12.577488899230957, 11.635129928588867, 11.73122787475586, 12.885518074035645, 12.133170127868652, 11.803122520446777, 11.193585395812988, 12.386218070983887, 11.470450401306152, 11.526665687561035, 12.596653938293457, 12.703545570373535, 12.16947078704834, 12.057499885559082, 9.656429290771484, 11.825326919555664, 11.504146575927734, 12.039961814880371, 13.151345252990723, 12.192525863647461, 11.510579109191895, 12.023269653320312, 11.862268447875977, 13.045604705810547, 11.959742546081543, 12.501958847045898, 11.503630638122559, 11.68824577331543, 11.409394264221191, 11.794434547424316, 12.82093620300293, 10.99558162689209, 12.610605239868164, 11.885257720947266, 11.956048011779785, 11.083483695983887, 11.051617622375488], ""complete_collapse"": false, ""counts"": [18, 19, 39, 19, 17, 9, 42, 16, 33, 21, 13, 10, 33, 37, 20, 10, 21, 22, 20, 39, 21, 22, 16, 17, 21, 16, 17, 20, 13, 23, 21, 13, 26, 18, 13, 11, 35, 12, 31, 14, 15, 17, 11, 19, 30, 17, 20, 18, 19, 5, 15, 15, 18, 32, 18, 17, 20, 33, 12, 11], ""cumulative_hard_use"": [106, 104, 238, 115, 99, 58, 251, 96, 188, 124, 87, 57, 195, 222, 117, 70, 126, 118, 119, 233, 121, 112, 99, 104, 126, 94, 103, 122, 78, 142, 130, 78, 158, 105, 84, 70, 198, 90, 183, 80, 89, 106, 65, 128, 180, 108, 124, 110, 113, 35, 97, 92, 117, 191, 103, 89, 112, 201, 81, 59], ""dead_center_duration"": [0, 0, 0, 0, 0, 0, 0, 0, 0, 0, 0, 0, 0, 0, 0, 0, 0, 0, 0, 0, 0, 0, 0, 0, 0, 0, 0, 0, 0, 0, 0, 0, 0, 0, 0, 0, 0, 0, 0, 0, 0, 0, 0, 0, 0, 0, 0, 0, 0, 0, 0, 0, 0, 0, 0, 0, 0, 0, 0, 0], ""effective_cluster_count"": 55.46356074249451, ""hard_entropy"": 4.015726241922086, ""maximum_cluster_fraction"": 0.035, ""mean_nearest_squared_distance"": 133.35987854003906, ""minimum_center_separation"": 8.156859397888184, ""minimum_cluster_size"": 5, ""minimum_positive_size"": 5, ""near_collapse"": false, ""normalized_hard_entropy"": 0.9807983135993453, ""occupied_clusters"": 60, ""rbf_marginal_entropy"": 4.016961574554443, ""rbf_mean_row_entropy"": 0.061005186289548874, ""s0_marginal_entropy"": 4.094280242919922, ""s0_mean_row_entropy"": 4.0785369873046875, ""utilization"": 1.0}"
63,ShapesAll,LoSTer-Legacy-Clean,3,COMPLETE,a247dffdea50e236b171392b8c9336ecd4cc5727,62ccaadf0d2404d975d5def8cd2c105444044d3679c859de255276b702ca0e71,2026-10-05T23:49:34.462188+00:00,2026-10-05T23:53:34.792272+00:00,240.30789790000017,cuda,NVIDIA GeForce GTX 1080,6,assignment-change,1.1602906250000002,G:\Articoli\Articoli da Completare\LoSTer 2026\pilot\artifacts\ShapesAll\LoSTer-Legacy-Clean\seed-3\complete.pt,b25b76a9c6013e15ea6d559df58d822da70103fe3ae142538407c7b9c7890cb7,G:\Articoli\Articoli da Completare\LoSTer 2026\pilot\runs\ShapesAll\LoSTer-Legacy-Clean\seed-3\predictions.npy,G:\Articoli\Articoli da Completare\LoSTer 2026\pilot\artifacts\ShapesAll\LoSTer-Legacy-Clean\seed-3\manifest.json,"{""TEST"": ""1a0de98184a51d4827acec26b664c2212ef0893c840ffd05495d372dffa2bfc7"", ""TRAIN"": ""c55ab9de74bc5cc1068ea45999a76f551b3d58f64caf66dcc3151882142d337e""}",0.3748671301571988,0.7201550998447654,0.9752460383653044,0.52,175644160,"{""cluster_contrast"": 9.558029916551378, ""entropy"": -8.188157823350695, ""instance"": 11.205683708190918, ""kmeans"": 0.37273777855767143, ""reconstruction"": 0.024445137629906338, ""total"": 12.972738689846462}","{""assignment_change_fraction"": 0.0008333333333333334, ""center_displacements"": [2.0083744800558634e-07, 7.508706858061487e-06, 9.216849434778851e-07, 6.406037300621392e-06, 5.326250516191067e-07, 1.2895759937237017e-05, 1.139857431553537e-05, 3.264325414420455e-07, 1.3294798918650486e-05, 2.21743835027155e-06, 1.1833272765215952e-05, 8.580347525821708e-07, 5.201011390454369e-07, 1.210895788972266e-06, 3.2353227652492933e-06, 6.521227078337688e-07, 1.7181922657982795e-06, 9.706285482025123e-07, 1.1687252481351607e-06, 5.053683480582549e-07, 2.1645159904437605e-06, 5.399550673246267e-07, 2.361933866268373e-06, 1.5051738955662586e-05, 4.356085696599621e-07, 7.560247468063608e-07, 7.69427788327448e-06, 2.409421767879394e-06, 2.920709505360719e-07, 6.075966325624904e-07, 5.55839687876869e-06, 1.1182758044014918e-06, 2.1091716462251497e-06, 3.0493583835777827e-06, 5.287048679747386e-06, 6.3780271375435404e-06, 5.38361859980796e-07, 6.467580959679253e-08, 6.240027801140968e-07, 6.423502782126889e-06, 9.15607472506963e-07, 1.5182705283223186e-05, 1.0002180715673603e-05, 6.030664735590108e-06, 5.153913775757246e-07, 4.927948680233385e-07, 4.2973519498445967e-07, 9.649122603150317e-07, 8.322548978867417e-07, 8.182481678886688e-07, 1.0069540621771012e-05, 2.133242134050306e-07, 5.2937951977583e-07, 6.890859367558733e-07, 7.540673436778889e-07, 2.218323288616375e-06, 7.861130143282935e-06, 4.460561285668518e-06, 3.894409701388213e-07, 4.6575533474424446e-07], ""center_norms"": [14.197742462158203, 14.893843650817871, 13.455771446228027, 15.248364448547363, 14.562586784362793, 14.9982328414917, 15.319720268249512, 15.357518196105957, 13.687188148498535, 12.921380043029785, 14.67220687866211, 12.854059219360352, 12.866787910461426, 15.648896217346191, 14.63893985748291, 13.685282707214355, 14.960204124450684, 14.453686714172363, 14.499051094055176, 13.818526268005371, 13.596723556518555, 13.692793846130371, 14.724576950073242, 14.220627784729004, 13.982705116271973, 12.798494338989258, 13.297317504882812, 14.140317916870117, 15.476892471313477, 11.057783126831055, 13.63449764251709, 13.688393592834473, 14.27856731414795, 12.91436767578125, 15.414874076843262, 12.838943481445312, 13.35455322265625, 15.312521934509277, 14.572701454162598, 13.541507720947266, 13.957171440124512, 12.168025016784668, 11.518044471740723, 14.406216621398926, 13.137248039245605, 12.679789543151855, 12.38634967803955, 15.225921630859375, 14.443535804748535, 15.444748878479004, 13.029934883117676, 14.11982250213623, 12.911741256713867, 12.814093589782715, 13.675485610961914, 14.982988357543945, 12.566248893737793, 15.1535062789917, 13.948555946350098, 12.202872276306152], ""complete_collapse"": false, ""counts"": [3, 19, 23, 36, 25, 23, 29, 10, 40, 9, 32, 16, 13, 23, 53, 17, 34, 19, 30, 14, 19, 14, 23, 12, 16, 15, 15, 20, 16, 9, 16, 22, 23, 14, 98, 11, 15, 4, 20, 27, 23, 18, 15, 11, 14, 8, 8, 21, 20, 21, 7, 3, 8, 25, 12, 41, 10, 45, 4, 9], ""cumulative_hard_use"": [18, 113, 138, 217, 150, 140, 178, 60, 243, 54, 192, 96, 78, 138, 318, 99, 206, 114, 180, 86, 111, 84, 138, 72, 96, 88, 90, 120, 96, 54, 92, 130, 141, 81, 593, 66, 90, 24, 120, 162, 140, 108, 92, 70, 84, 46, 48, 126, 123, 126, 38, 18, 48, 150, 68, 246, 60, 265, 24, 54], ""dead_center_duration"": [0, 0, 0, 0, 0, 0, 0, 0, 0, 0, 0, 0, 0, 0, 0, 0, 0, 0, 0, 0, 0, 0, 0, 0, 0, 0, 0, 0, 0, 0, 0, 0, 0, 0, 0, 0, 0, 0, 0, 0, 0, 0, 0, 0, 0, 0, 0, 0, 0, 0, 0, 0, 0, 0, 0, 0, 0, 0, 0, 0], ""effective_cluster_count"": 49.05069732498827, ""hard_entropy"": 3.892854402525776, ""maximum_cluster_fraction"": 0.08166666666666667, ""mean_nearest_squared_distance"": 55.51411437988281, ""minimum_center_separation"": 5.562415599822998, ""minimum_cluster_size"": 3, ""minimum_positive_size"": 3, ""near_collapse"": false, ""normalized_hard_entropy"": 0.9507881770490341, ""occupied_clusters"": 60, ""rbf_marginal_entropy"": 3.8922343254089355, ""rbf_mean_row_entropy"": 0.00941743515431881, ""s0_marginal_entropy"": 4.094146728515625, ""s0_mean_row_entropy"": 4.0785369873046875, ""utilization"": 1.0}","{""assignment_change_fraction"": 0.0025, ""center_displacements"": [2.146177848771913e-06, 3.365500015206635e-05, 2.1651940187439322e-05, 1.5005476598162204e-05, 2.7797916118288413e-05, 1.1136388820887078e-05, 2.9263192118378356e-05, 2.6297922886442393e-05, 1.9522763977875002e-05, 2.409959415672347e-05, 2.3017648345557973e-05, 2.3463839170290157e-05, 1.2444539606804028e-05, 6.786287485738285e-06, 3.749985626200214e-05, 2.1432488210848533e-05, 2.221075010311324e-05, 1.4064627066545654e-05, 3.2557003578403965e-05, 2.386237792961765e-05, 2.452137960062828e-05, 3.380146881681867e-05, 2.8052569177816622e-05, 1.1772167454182636e-05, 1.8679564163903706e-05, 1.1948905921599362e-05, 2.035068246186711e-05, 2.3773120119585656e-05, 1.334362241323106e-05, 2.12019331229385e-05, 2.0666006093961187e-05, 5.983493338135304e-06, 2.116519317496568e-05, 1.47108639794169e-05, 1.3918128388468176e-05, 4.19954767494346e-06, 1.654385960137006e-05, 1.49981897266116e-05, 1.0627871233737096e-05, 1.0846219993254635e-05, 1.190258717542747e-05, 1.9324857930769213e-05, 1.7298578313784674e-05, 2.0928178855683655e-05, 3.1117790058488026e-05, 2.2912307031219825e-05, 1.5522504327236675e-05, 3.182633372489363e-05, 1.2442587831174023e-05, 2.3527016310254112e-05, 3.308092345832847e-05, 2.7685560780810192e-05, 8.670123861520551e-06, 8.89891725819325e-06, 7.175156042649178e-06, 1.3004324500798248e-05, 5.386255452322075e-06, 1.736683043418452e-05, 2.6357107344665565e-05, 1.750807678035926e-05], ""center_norms"": [12.397150993347168, 12.51594352722168, 11.979995727539062, 11.670122146606445, 11.5753812789917, 13.020905494689941, 11.511045455932617, 11.099708557128906, 12.744926452636719, 11.054338455200195, 11.863836288452148, 11.799633026123047, 12.402999877929688, 12.149203300476074, 11.875272750854492, 11.837051391601562, 12.753531455993652, 11.782153129577637, 11.880494117736816, 12.963443756103516, 12.891234397888184, 12.548774719238281, 11.12780475616455, 12.581626892089844, 11.841936111450195, 10.965291023254395, 11.298791885375977, 11.949609756469727, 10.633698463439941, 12.043177604675293, 12.396585464477539, 12.218364715576172, 12.117424964904785, 11.246058464050293, 11.408395767211914, 11.557164192199707, 12.086371421813965, 12.582841873168945, 11.365742683410645, 11.489276885986328, 11.418733596801758, 12.627469062805176, 10.994108200073242, 11.10657787322998, 10.877800941467285, 12.243159294128418, 12.775247573852539, 10.61913013458252, 12.349838256835938, 12.367140769958496, 12.741812705993652, 12.485847473144531, 10.184999465942383, 11.838624000549316, 11.333630561828613, 12.930757522583008, 12.660550117492676, 12.161994934082031, 11.938701629638672, 11.652480125427246], ""complete_collapse"": false, ""counts"": [2, 20, 27, 17, 10, 26, 32, 18, 27, 23, 25, 27, 12, 22, 11, 21, 34, 22, 18, 23, 20, 15, 19, 18, 29, 13, 25, 35, 9, 26, 29, 16, 24, 8, 18, 12, 26, 24, 22, 26, 19, 25, 20, 9, 18, 16, 13, 9, 27, 15, 27, 28, 13, 8, 16, 19, 22, 28, 19, 18], ""cumulative_hard_use"": [12, 114, 170, 101, 58, 153, 188, 108, 148, 135, 148, 176, 72, 133, 80, 143, 207, 134, 113, 141, 120, 96, 114, 110, 163, 78, 147, 222, 58, 150, 166, 95, 134, 48, 112, 72, 153, 139, 135, 147, 122, 135, 114, 46, 107, 108, 71, 53, 164, 91, 174, 176, 86, 48, 95, 100, 130, 166, 116, 105], ""dead_center_duration"": [0, 0, 0, 0, 0, 0, 0, 0, 0, 0, 0, 0, 0, 0, 0, 0, 0, 0, 0, 0, 0, 0, 0, 0, 0, 0, 0, 0, 0, 0, 0, 0, 0, 0, 0, 0, 0, 0, 0, 0, 0, 0, 0, 0, 0, 0, 0, 0, 0, 0, 0, 0, 0, 0, 0, 0, 0, 0, 0, 0], ""effective_cluster_count"": 56.064301533787955, ""hard_entropy"": 4.0264992736846645, ""maximum_cluster_fraction"": 0.029166666666666667, ""mean_nearest_squared_distance"": 134.84947204589844, ""minimum_center_separation"": 7.462937831878662, ""minimum_cluster_size"": 2, ""minimum_positive_size"": 2, ""near_collapse"": false, ""normalized_hard_entropy"": 0.9834295117310267, ""occupied_clusters"": 60, ""rbf_marginal_entropy"": 4.026732921600342, ""rbf_mean_row_entropy"": 0.06220003962516785, ""s0_marginal_entropy"": 4.094297409057617, ""s0_mean_row_entropy"": 4.0785369873046875, ""utilization"": 1.0}"
64,ShapesAll,LoSTer-Legacy-Clean,4,COMPLETE,a247dffdea50e236b171392b8c9336ecd4cc5727,11e0dc3b8dbe35846d816cb2d839a94a80edc93552fb4c2ae096caa99fc68e87,2026-10-05T23:53:36.705053+00:00,2026-10-05T23:57:27.036294+00:00,230.3086103000005,cuda,NVIDIA GeForce GTX 1080,8,assignment-change,0.49022278906250016,G:\Articoli\Articoli da Completare\LoSTer 2026\pilot\artifacts\ShapesAll\LoSTer-Legacy-Clean\seed-4\complete.pt,15de0a2340bbfa83129f6d65edcdacaca8df34016bcb48f96309b7e359a555e1,G:\Articoli\Articoli da Completare\LoSTer 2026\pilot\runs\ShapesAll\LoSTer-Legacy-Clean\seed-4\predictions.npy,G:\Articoli\Articoli da Completare\LoSTer 2026\pilot\artifacts\ShapesAll\LoSTer-Legacy-Clean\seed-4\manifest.json,"{""TEST"": ""1a0de98184a51d4827acec26b664c2212ef0893c840ffd05495d372dffa2bfc7"", ""TRAIN"": ""c55ab9de74bc5cc1068ea45999a76f551b3d58f64caf66dcc3151882142d337e""}",0.3987023455140158,0.722508728259148,0.978094245204337,0.5316666666666666,175644160,"{""cluster_contrast"": 9.558035956488716, ""entropy"": -8.188175519307455, ""instance"": 11.201228353712294, ""kmeans"": 0.37256309058931136, ""reconstruction"": 0.02395797914101018, ""total"": 12.96760982937283}","{""assignment_change_fraction"": 0.0, ""center_displacements"": [1.0705130080168601e-05, 8.221690222853795e-06, 1.682237234490458e-05, 6.134908403510053e-07, 2.257133928651456e-06, 6.546348458869033e-07, 5.515962016033882e-07, 4.860224294134241e-07, 1.6880117982509546e-05, 7.280043519131141e-07, 1.4831992984909448e-06, 4.2826286517083645e-06, 1.4575122122550965e-06, 8.890895060176263e-07, 1.824143146222923e-05, 3.959216599014326e-07, 4.115982221719605e-07, 5.584849986917106e-07, 7.341700438701082e-07, 1.0641084600138129e-06, 5.099059308122378e-07, 7.466778242815053e-06, 3.824403336238902e-07, 5.921673960074259e-07, 5.184634233046381e-07, 9.554481721352204e-07, 1.5706650628999341e-06, 6.960239034015103e-07, 7.571320566057693e-07, 5.609996946986939e-07, 1.3702120895686676e-06, 6.084680421736266e-07, 6.334572049127019e-07, 3.889082620389672e-07, 4.365968777619855e-07, 3.272154458500154e-07, 7.655199851797079e-07, 1.8640483176568523e-05, 4.5915720647826674e-07, 3.317771870570141e-06, 4.235035703459289e-06, 1.0372701808591955e-06, 2.5634569738031132e-06, 2.984816092066467e-06, 4.2166914226982044e-07, 5.273214469525556e-07, 1.037255287883454e-06, 7.351333124461235e-07, 6.297795493992453e-07, 1.6282957631119643e-06, 4.3889997414225945e-07, 4.684603482019156e-06, 4.821886250283569e-07, 4.631423053069739e-06, 1.4564730008714832e-06, 2.271168284551095e-07, 4.2903360508717014e-07, 8.28748000003543e-07, 3.548751919879578e-06, 9.24646246858174e-06], ""center_norms"": [11.808616638183594, 14.95435905456543, 13.934648513793945, 13.428019523620605, 14.961799621582031, 14.856871604919434, 15.468989372253418, 15.401851654052734, 14.1297607421875, 12.70276927947998, 12.42595100402832, 13.384078979492188, 14.606264114379883, 14.223235130310059, 15.593929290771484, 15.360611915588379, 14.796439170837402, 12.288652420043945, 14.035157203674316, 13.150496482849121, 14.689151763916016, 14.707010269165039, 14.671682357788086, 13.363882064819336, 13.778751373291016, 11.826615333557129, 15.757079124450684, 13.882255554199219, 14.95209789276123, 13.839694023132324, 13.676726341247559, 14.58890438079834, 12.845622062683105, 12.058675765991211, 14.074540138244629, 14.99439525604248, 13.808613777160645, 15.045899391174316, 12.590326309204102, 14.999156951904297, 15.445820808410645, 15.345829010009766, 12.633230209350586, 12.688240051269531, 13.073333740234375, 12.2361421585083, 13.708852767944336, 13.051755905151367, 11.784894943237305, 13.406545639038086, 11.77676773071289, 15.142623901367188, 15.502897262573242, 15.147082328796387, 13.31056022644043, 14.168684005737305, 13.026078224182129, 14.846336364746094, 14.652003288269043, 13.892802238464355], ""complete_collapse"": false, ""counts"": [12, 46, 30, 19, 47, 24, 29, 20, 8, 19, 18, 25, 31, 33, 20, 17, 13, 12, 18, 18, 21, 25, 9, 16, 15, 22, 20, 15, 26, 16, 13, 19, 16, 5, 13, 8, 21, 24, 9, 24, 47, 23, 17, 17, 6, 9, 26, 18, 11, 30, 7, 46, 14, 63, 9, 5, 8, 20, 10, 18], ""cumulative_hard_use"": [100, 368, 240, 152, 382, 192, 232, 160, 64, 152, 146, 201, 249, 264, 164, 136, 104, 96, 144, 146, 168, 197, 72, 128, 120, 175, 160, 122, 212, 128, 104, 152, 126, 40, 104, 64, 168, 188, 72, 190, 376, 184, 136, 136, 48, 72, 207, 144, 88, 238, 56, 354, 112, 513, 72, 40, 64, 160, 82, 136], ""dead_center_duration"": [0, 0, 0, 0, 0, 0, 0, 0, 0, 0, 0, 0, 0, 0, 0, 0, 0, 0, 0, 0, 0, 0, 0, 0, 0, 0, 0, 0, 0, 0, 0, 0, 0, 0, 0, 0, 0, 0, 0, 0, 0, 0, 0, 0, 0, 0, 0, 0, 0, 0, 0, 0, 0, 0, 0, 0, 0, 0, 0, 0], ""effective_cluster_count"": 51.94628068224274, ""hard_entropy"": 3.950210120800205, ""maximum_cluster_fraction"": 0.0525, ""mean_nearest_squared_distance"": 55.19072341918945, ""minimum_center_separation"": 4.970581531524658, ""minimum_cluster_size"": 5, ""minimum_positive_size"": 5, ""near_collapse"": false, ""normalized_hard_entropy"": 0.9647966996349545, ""occupied_clusters"": 60, ""rbf_marginal_entropy"": 3.9517669677734375, ""rbf_mean_row_entropy"": 0.013378365896642208, ""s0_marginal_entropy"": 4.094220161437988, ""s0_mean_row_entropy"": 4.0785369873046875, ""utilization"": 1.0}","{""assignment_change_fraction"": 0.0075, ""center_displacements"": [1.3897344615543261e-05, 1.0350701813877095e-05, 3.26879890053533e-05, 1.9630282622529194e-05, 2.5519932023598813e-05, 3.08957032757462e-06, 1.2958431398146786e-05, 9.33369119593408e-06, 4.1097828216152266e-05, 1.2844095181208104e-05, 8.280129804916214e-06, 1.3398579312706715e-06, 4.136248662689468e-06, 2.8241165637155063e-06, 3.085358184762299e-05, 6.596221737709129e-06, 3.606976315495558e-05, 5.343722295947373e-05, 9.643192242947407e-06, 3.087129880441353e-05, 1.4998077858763281e-05, 3.478931830613874e-05, 1.6789867004263215e-05, 3.5126704460708424e-06, 4.832415470445994e-06, 4.675099262385629e-05, 4.20660107920412e-05, 5.154284372110851e-05, 3.25566616083961e-05, 2.8117085093981586e-05, 4.173824709141627e-05, 3.124780960206408e-06, 3.683926843223162e-05, 2.09027075470658e-06, 1.5053678907861467e-06, 3.0298211640911177e-05, 4.082235318492167e-05, 3.8351990951923653e-05, 3.38715581165161e-05, 2.219437010353431e-05, 1.8717177226790227e-05, 4.8150170187000185e-05, 3.60225276381243e-05, 5.470166797749698e-05, 3.416870822547935e-05, 1.3823088011122309e-05, 4.230879858369008e-05, 3.672147067845799e-05, 1.1800668289652094e-05, 1.1160394933540374e-05, 4.773297405336052e-05, 2.9643363177456195e-06, 3.448372081038542e-05, 2.3989226974663325e-05, 4.126784187974408e-05, 3.476247911748942e-06, 3.967008160543628e-05, 1.8955887526317383e-06, 3.085737262153998e-05, 4.1506973502691835e-05], ""center_norms"": [11.502721786499023, 11.25101375579834, 12.057265281677246, 11.742452621459961, 12.246166229248047, 12.364538192749023, 12.501899719238281, 11.878670692443848, 11.7845458984375, 13.094514846801758, 11.646527290344238, 12.622458457946777, 11.33956241607666, 11.404563903808594, 11.823473930358887, 12.43253231048584, 12.715287208557129, 11.732722282409668, 13.606487274169922, 11.83333969116211, 12.94476318359375, 11.271210670471191, 11.662714004516602, 11.318510055541992, 12.020978927612305, 12.508158683776855, 11.797611236572266, 12.285096168518066, 12.36684799194336, 10.673238754272461, 11.53950309753418, 10.923500061035156, 11.830658912658691, 12.210108757019043, 13.2545747756958, 12.080005645751953, 12.396181106567383, 12.62811279296875, 10.12860107421875, 12.077836036682129, 11.15682315826416, 9.998579978942871, 11.184311866760254, 11.392931938171387, 11.370186805725098, 11.112639427185059, 12.126138687133789, 11.109410285949707, 10.998573303222656, 12.230177879333496, 12.363946914672852, 11.973889350891113, 12.294163703918457, 11.686771392822266, 12.385704040527344, 11.365867614746094, 11.78223991394043, 11.789192199707031, 11.842365264892578, 11.606931686401367], ""complete_collapse"": false, ""counts"": [11, 16, 24, 32, 20, 30, 22, 40, 36, 9, 33, 13, 15, 24, 18, 32, 15, 27, 9, 19, 24, 22, 31, 6, 22, 15, 27, 18, 27, 16, 13, 6, 34, 28, 14, 19, 23, 23, 9, 15, 7, 8, 17, 9, 31, 15, 24, 12, 14, 26, 31, 29, 16, 12, 20, 13, 20, 24, 27, 8], ""cumulative_hard_use"": [85, 132, 186, 248, 156, 220, 158, 311, 274, 72, 239, 107, 128, 199, 128, 259, 129, 204, 83, 138, 202, 177, 255, 50, 175, 129, 215, 153, 219, 117, 105, 60, 269, 215, 114, 168, 194, 189, 73, 131, 72, 79, 135, 66, 251, 123, 184, 93, 112, 216, 241, 233, 132, 97, 165, 107, 151, 188, 212, 77], ""dead_center_duration"": [0, 0, 0, 0, 0, 0, 0, 0, 0, 0, 0, 0, 0, 0, 0, 0, 0, 0, 0, 0, 0, 0, 0, 0, 0, 0, 0, 0, 0, 0, 0, 0, 0, 0, 0, 0, 0, 0, 0, 0, 0, 0, 0, 0, 0, 0, 0, 0, 0, 0, 0, 0, 0, 0, 0, 0, 0, 0, 0, 0], ""effective_cluster_count"": 54.79641792612788, ""hard_entropy"": 4.003624825505964, ""maximum_cluster_fraction"": 0.03333333333333333, ""mean_nearest_squared_distance"": 134.4145965576172, ""minimum_center_separation"": 7.976795673370361, ""minimum_cluster_size"": 6, ""minimum_positive_size"": 6, ""near_collapse"": false, ""normalized_hard_entropy"": 0.9778426716810321, ""occupied_clusters"": 60, ""rbf_marginal_entropy"": 4.006732940673828, ""rbf_mean_row_entropy"": 0.060197070240974426, ""s0_marginal_entropy"": 4.0942769050598145, ""s0_mean_row_entropy"": 4.0785369873046875, ""utilization"": 1.0}"
65,ShapesAll,LoSTer-NoResoftmax,0,COMPLETE,a247dffdea50e236b171392b8c9336ecd4cc5727,31f884329e439c4f2e1c035d1ad5b00da2afd3dead6893d5d96822cca0847bba,2026-10-05T23:57:28.928098+00:00,2026-10-05T23:58:19.042276+00:00,50.09205199999997,cuda,NVIDIA GeForce GTX 1080,16,assignment-change,0.01562069488955407,G:\Articoli\Articoli da Completare\LoSTer 2026\pilot\artifacts\ShapesAll\LoSTer-NoResoftmax\seed-0\complete.pt,fe271612ebbdb9ae095fdee1f645d2146eb09d1426b93a0e93793a7d940df5f0,G:\Articoli\Articoli da Completare\LoSTer 2026\pilot\runs\ShapesAll\LoSTer-NoResoftmax\seed-0\predictions.npy,G:\Articoli\Articoli da Completare\LoSTer 2026\pilot\artifacts\ShapesAll\LoSTer-NoResoftmax\seed-0\manifest.json,"{""TEST"": ""1a0de98184a51d4827acec26b664c2212ef0893c840ffd05495d372dffa2bfc7"", ""TRAIN"": ""c55ab9de74bc5cc1068ea45999a76f551b3d58f64caf66dcc3151882142d337e""}",0.3896884706385172,0.7102365204790141,0.9785446205170976,0.5125,175644160,"{""cluster_contrast"": 9.5381441116333, ""entropy"": -7.539594279395209, ""instance"": 11.212255795796713, ""kmeans"": 0.4041484561231401, ""reconstruction"": 0.1387045466237598, ""total"": 13.753658400641548}","{""assignment_change_fraction"": 0.0008333333333333334, ""center_displacements"": [2.9451006078318187e-09, 1.3340225590852128e-09, 6.12924200282805e-09, 1.4696022176963197e-08, 2.2960691126172605e-09, 2.4339926312677562e-05, 1.682996741969589e-09, 9.313225746154785e-10, 2.3283064365386963e-10, 4.656612873077393e-10, 1.0412503081980162e-09, 9.313225746154785e-10, 2.7939677238464355e-09, 6.5854449671221e-10, 2.133928145298114e-09, 2.3399189252870656e-09, 5.820766091346741e-10, 3.754281330259346e-09, 3.14321368932724e-09, 0.0, 4.656612873077393e-10, 2.8157109976945094e-09, 3.790208147336216e-09, 0.0, 8.33000246558413e-09, 1.5425030142068863e-09, 3.0557636421235657e-09, 1.0412503081980162e-09, 1.862645149230957e-09, 1.31708899342442e-09, 1.1872079985764117e-09, 2.3283064365386963e-09, 1.862645149230957e-09, 9.313225746154785e-10, 2.133928145298114e-09, 9.086666974411628e-10, 6.5854449671221e-10, 0.0, 6.5854449671221e-10, 9.313225746154785e-10, 1.0412503081980162e-09, 0.0, 0.0, 1.3969838619232178e-09, 0.0, 8.394828165947388e-10, 8.554744135302883e-10, 2.6263462515885294e-08, 7.081267794362134e-10, 0.0, 2.4278475393657573e-05, 1.1465579596858788e-09, 0.0, 1.1406325883811519e-09, 9.313225746154785e-10, 7.809377033929366e-10, 4.799926567322643e-10, 9.313225746154785e-10, 9.313225746154785e-10, 1.7423450460185563e-09], ""center_norms"": [13.452631950378418, 13.386711120605469, 15.335807800292969, 15.3915376663208, 13.49298095703125, 13.838622093200684, 12.932109832763672, 11.391605377197266, 15.585750579833984, 13.839015007019043, 15.299760818481445, 12.568163871765137, 14.489901542663574, 14.462333679199219, 14.245081901550293, 13.823653221130371, 14.392005920410156, 14.548714637756348, 14.840306282043457, 14.316393852233887, 14.586127281188965, 14.32645034790039, 14.944976806640625, 13.720978736877441, 15.249592781066895, 14.920300483703613, 14.87171459197998, 14.034610748291016, 15.229816436767578, 13.114189147949219, 12.513860702514648, 14.336485862731934, 14.83248233795166, 13.171418190002441, 11.796171188354492, 11.985480308532715, 14.092308044433594, 11.946433067321777, 14.0452299118042, 13.167967796325684, 15.373759269714355, 15.467209815979004, 13.598758697509766, 10.925146102905273, 14.814532279968262, 14.720240592956543, 12.688652992248535, 15.08289909362793, 12.180790901184082, 14.654260635375977, 13.921603202819824, 12.824520111083984, 14.937827110290527, 12.76286506652832, 12.564957618713379, 14.344125747680664, 12.950770378112793, 11.754925727844238, 15.765215873718262, 13.180327415466309], ""complete_collapse"": false, ""counts"": [24, 7, 33, 31, 22, 39, 18, 14, 20, 16, 31, 17, 23, 20, 14, 22, 15, 20, 20, 12, 25, 28, 47, 10, 49, 27, 30, 32, 22, 14, 14, 22, 47, 19, 10, 9, 11, 8, 13, 8, 22, 19, 13, 15, 25, 25, 14, 29, 10, 8, 11, 20, 18, 12, 20, 9, 8, 10, 34, 15], ""cumulative_hard_use"": [387, 112, 563, 469, 357, 604, 286, 211, 318, 256, 485, 270, 363, 318, 228, 362, 238, 323, 320, 196, 403, 454, 762, 162, 878, 515, 468, 522, 372, 228, 232, 338, 635, 307, 160, 144, 176, 128, 211, 124, 352, 305, 209, 222, 445, 402, 224, 415, 158, 128, 170, 321, 284, 200, 323, 144, 128, 160, 488, 237], ""dead_center_duration"": [0, 0, 0, 0, 0, 0, 0, 0, 0, 0, 0, 0, 0, 0, 0, 0, 0, 0, 0, 0, 0, 0, 0, 0, 0, 0, 0, 0, 0, 0, 0, 0, 0, 0, 0, 0, 0, 0, 0, 0, 0, 0, 0, 0, 0, 0, 0, 0, 0, 0, 0, 0, 0, 0, 0, 0, 0, 0, 0, 0], ""effective_cluster_count"": 53.52873288419795, ""hard_entropy"": 3.9802185729911423, ""maximum_cluster_fraction"": 0.04083333333333333, ""mean_nearest_squared_distance"": 64.37162780761719, ""minimum_center_separation"": 4.474240779876709, ""minimum_cluster_size"": 7, ""minimum_positive_size"": 7, ""near_collapse"": false, ""normalized_hard_entropy"": 0.9721259440927417, ""occupied_clusters"": 60, ""rbf_marginal_entropy"": 3.980489730834961, ""rbf_mean_row_entropy"": 0.023704461753368378, ""s0_marginal_entropy"": 4.094250679016113, ""s0_mean_row_entropy"": 4.0785369873046875, ""utilization"": 1.0}","{""assignment_change_fraction"": 0.0008333333333333334, ""center_displacements"": [2.7939677238464355e-09, 4.00167099456894e-09, 9.313225746154785e-10, 1.862645149230957e-09, 1.0412503081980162e-09, 6.177695244247161e-09, 2.5076627441222854e-09, 1.862645149230957e-09, 3.357931266378955e-09, 1.2017450368162486e-09, 2.0954757928848267e-09, 2.9451006078318187e-09, 5.963374238859842e-09, 2.1249644266418954e-09, 5.101064015633483e-09, 1.9199706269290573e-09, 2.4419484212501175e-09, 2.7939677238464355e-09, 9.313225746154785e-10, 2.4592305969406425e-09, 5.19060927572923e-09, 4.267856290596228e-09, 9.313225746154785e-10, 4.540534791885875e-05, 3.725290298461914e-09, 3.357931266378955e-09, 7.2738619572021435e-09, 2.3744159971528234e-09, 1.31708899342442e-09, 2.099514118114598e-09, 4.034424794241431e-09, 6.923531525870885e-09, 4.061210034933538e-09, 2.806068044591825e-09, 1.4331974496073485e-09, 4.7087085341956936e-09, 2.3283064365386963e-09, 7.80590525550906e-09, 1.877140665129673e-09, 4.293184918680026e-09, 2.7939677238464355e-09, 5.288895543742456e-09, 6.17759142187424e-05, 6.071480207481272e-09, 7.373385013664802e-09, 3.963813651353121e-05, 3.158268535585762e-09, 5.063732100296647e-09, 2.644447771871228e-09, 3.357931266378955e-09, 2.7548894276918645e-09, 2.9634503739828233e-09, 2.133928145298114e-09, 4.878690784693163e-09, 9.313225746154785e-10, 3.1753866203132475e-09, 5.882142772861698e-09, 9.313225746154785e-10, 4.520753549286383e-09, 3.5463707526162125e-09], ""center_norms"": [12.499942779541016, 11.957074165344238, 11.533522605895996, 12.296354293823242, 12.658534049987793, 12.571869850158691, 11.180052757263184, 11.995827674865723, 12.662714958190918, 11.325031280517578, 12.19835090637207, 12.4956693649292, 13.28226089477539, 12.448325157165527, 12.043397903442383, 12.159786224365234, 12.460777282714844, 12.174180030822754, 11.484146118164062, 11.996962547302246, 12.524406433105469, 12.927531242370605, 11.001028060913086, 11.932514190673828, 12.594932556152344, 13.382125854492188, 11.89088249206543, 11.616778373718262, 11.86207103729248, 10.797487258911133, 11.724833488464355, 12.692070960998535, 12.17273998260498, 12.15310001373291, 12.172514915466309, 12.503874778747559, 11.521393775939941, 12.248988151550293, 11.321266174316406, 10.259063720703125, 11.51237678527832, 10.945077896118164, 9.93140983581543, 11.967202186584473, 12.653313636779785, 11.706367492675781, 11.93935489654541, 11.555896759033203, 13.247794151306152, 12.488701820373535, 11.544229507446289, 11.858399391174316, 11.758617401123047, 10.534197807312012, 11.42471694946289, 10.723649024963379, 11.440732955932617, 11.333556175231934, 12.10828971862793, 11.020087242126465], ""complete_collapse"": false, ""counts"": [12, 11, 16, 22, 17, 29, 18, 13, 22, 21, 11, 25, 43, 20, 35, 11, 6, 20, 26, 23, 35, 21, 18, 23, 28, 33, 26, 19, 15, 20, 18, 32, 19, 19, 9, 15, 26, 29, 12, 16, 15, 25, 14, 31, 33, 27, 11, 18, 15, 20, 17, 9, 17, 21, 18, 13, 15, 11, 15, 21], ""cumulative_hard_use"": [203, 213, 308, 367, 319, 446, 259, 200, 359, 310, 177, 360, 567, 382, 499, 170, 126, 312, 364, 339, 450, 317, 281, 327, 446, 476, 400, 285, 215, 306, 427, 369, 323, 308, 187, 310, 352, 458, 277, 289, 264, 398, 257, 483, 465, 430, 200, 268, 287, 371, 309, 219, 394, 302, 264, 213, 241, 185, 239, 328], ""dead_center_duration"": [0, 0, 0, 0, 0, 0, 0, 0, 0, 0, 0, 0, 0, 0, 0, 0, 0, 0, 0, 0, 0, 0, 0, 0, 0, 0, 0, 0, 0, 0, 0, 0, 0, 0, 0, 0, 0, 0, 0, 0, 0, 0, 0, 0, 0, 0, 0, 0, 0, 0, 0, 0, 0, 0, 0, 0, 0, 0, 0, 0], ""effective_cluster_count"": 56.01245585224579, ""hard_entropy"": 4.0255740919351295, ""maximum_cluster_fraction"": 0.035833333333333335, ""mean_nearest_squared_distance"": 142.16514587402344, ""minimum_center_separation"": 7.416553497314453, ""minimum_cluster_size"": 6, ""minimum_positive_size"": 6, ""near_collapse"": false, ""normalized_hard_entropy"": 0.9832035459542156, ""occupied_clusters"": 60, ""rbf_marginal_entropy"": 4.025789260864258, ""rbf_mean_row_entropy"": 0.04936317726969719, ""s0_marginal_entropy"": 4.094290733337402, ""s0_mean_row_entropy"": 4.0785369873046875, ""utilization"": 1.0}"
66,ShapesAll,LoSTer-NoResoftmax,1,COMPLETE,a247dffdea50e236b171392b8c9336ecd4cc5727,7ef75862ebd59620f973e816b0f4bca0d714777053801696defcdb528d86c4b5,2026-10-05T23:58:20.939790+00:00,2026-10-05T23:58:51.041267+00:00,30.074864600000183,cuda,NVIDIA GeForce GTX 1080,11,assignment-change,0.1346274334462891,G:\Articoli\Articoli da Completare\LoSTer 2026\pilot\artifacts\ShapesAll\LoSTer-NoResoftmax\seed-1\complete.pt,0dbe8ee8314e2ff07f264cb26d56286d836e770bf4ed931dd77392fdbccf4d89,G:\Articoli\Articoli da Completare\LoSTer 2026\pilot\runs\ShapesAll\LoSTer-NoResoftmax\seed-1\predictions.npy,G:\Articoli\Articoli da Completare\LoSTer 2026\pilot\artifacts\ShapesAll\LoSTer-NoResoftmax\seed-1\manifest.json,"{""TEST"": ""1a0de98184a51d4827acec26b664c2212ef0893c840ffd05495d372dffa2bfc7"", ""TRAIN"": ""c55ab9de74bc5cc1068ea45999a76f551b3d58f64caf66dcc3151882142d337e""}",0.37028837436952045,0.7021199722116391,0.9772921879343898,0.5158333333333334,175644160,"{""cluster_contrast"": 9.557709905836317, ""entropy"": -7.488252692752415, ""instance"": 11.217064009772407, ""kmeans"": 0.4075965815120273, ""reconstruction"": 0.13129902382691702, ""total"": 13.825416776869032}","{""assignment_change_fraction"": 0.0, ""center_displacements"": [4.99398993270006e-08, 2.0445459085749462e-06, 1.9041536347685906e-07, 3.221845190637396e-08, 9.490547199675348e-06, 4.405916342875571e-08, 4.737917791430846e-08, 5.587935447692871e-09, 7.995859618858958e-08, 1.693272722036454e-08, 6.177762656989216e-07, 1.0223359936389897e-07, 2.949848749267403e-06, 3.577418539180144e-08, 1.9096003711638332e-07, 1.9096485459613177e-07, 8.041796206725849e-08, 3.0069099921092857e-06, 1.8621794595219399e-07, 9.127670637099072e-06, 6.452560086245285e-08, 2.917359687160115e-08, 4.626341620905805e-08, 3.753703836650857e-08, 2.318974523518591e-08, 5.116820744888173e-08, 5.278430492694497e-08, 2.6378797812753874e-08, 1.0297545571802402e-07, 7.171425409069343e-08, 3.308489837650086e-08, 3.612478138848019e-08, 7.324513262574328e-08, 2.838624801881906e-08, 1.7986826250648846e-08, 5.4450520536875047e-08, 3.0501038139618686e-08, 2.4296298306580866e-06, 2.561560386027395e-08, 2.704044987922316e-08, 4.2485051920948536e-08, 5.048130091722669e-08, 7.828651149566213e-08, 8.895901792982386e-09, 2.4509665763616795e-06, 4.168384037939177e-08, 2.2983108749485837e-08, 4.1676685214042664e-08, 2.5067139475254407e-08, 6.294528276384881e-08, 2.3114818503700008e-08, 3.17641060121332e-08, 5.629881627555733e-08, 2.1178951925548972e-08, 2.5423624094855768e-08, 1.4164677963890426e-07, 6.07455987733374e-08, 2.844729252160505e-08, 1.5256928520557267e-07, 9.382429198012687e-07], ""center_norms"": [10.863299369812012, 15.191163063049316, 15.541851997375488, 13.367319107055664, 15.238910675048828, 15.526660919189453, 12.965349197387695, 15.263772964477539, 14.925285339355469, 15.365921974182129, 15.217997550964355, 14.937724113464355, 12.945416450500488, 14.933552742004395, 14.484907150268555, 15.123497009277344, 14.675113677978516, 14.467432975769043, 14.682775497436523, 13.747876167297363, 12.712653160095215, 14.944443702697754, 15.134136199951172, 14.68738842010498, 12.890369415283203, 13.670025825500488, 13.696553230285645, 12.952778816223145, 14.63647174835205, 14.276191711425781, 13.726516723632812, 13.619915008544922, 12.71607780456543, 13.855188369750977, 14.129364013671875, 11.100324630737305, 14.900716781616211, 15.192378044128418, 12.47968578338623, 10.958161354064941, 13.708674430847168, 14.762750625610352, 14.405527114868164, 15.15681266784668, 14.528545379638672, 12.921797752380371, 13.179120063781738, 13.475015640258789, 12.151556015014648, 12.743219375610352, 12.843047142028809, 12.986175537109375, 12.740315437316895, 13.254203796386719, 12.794564247131348, 14.98680591583252, 13.67310905456543, 13.515264511108398, 13.874778747558594, 15.634864807128906], ""complete_collapse"": false, ""counts"": [17, 31, 43, 19, 51, 19, 15, 4, 26, 10, 37, 33, 28, 20, 30, 46, 22, 23, 14, 25, 20, 16, 22, 17, 22, 22, 16, 12, 30, 20, 13, 14, 19, 15, 11, 13, 20, 40, 8, 12, 12, 15, 27, 5, 39, 13, 5, 13, 6, 19, 8, 11, 13, 6, 10, 28, 20, 11, 16, 48], ""cumulative_hard_use"": [181, 426, 321, 209, 620, 209, 154, 44, 278, 110, 590, 363, 318, 221, 339, 493, 262, 260, 154, 251, 205, 176, 248, 201, 241, 235, 179, 132, 324, 221, 143, 156, 219, 165, 126, 135, 220, 413, 93, 132, 131, 163, 297, 55, 459, 139, 53, 143, 66, 205, 88, 117, 132, 68, 109, 308, 221, 112, 176, 391], ""dead_center_duration"": [0, 0, 0, 0, 0, 0, 0, 0, 0, 0, 0, 0, 0, 0, 0, 0, 0, 0, 0, 0, 0, 0, 0, 0, 0, 0, 0, 0, 0, 0, 0, 0, 0, 0, 0, 0, 0, 0, 0, 0, 0, 0, 0, 0, 0, 0, 0, 0, 0, 0, 0, 0, 0, 0, 0, 0, 0, 0, 0, 0], ""effective_cluster_count"": 52.05496631688512, ""hard_entropy"": 3.9523002048586964, ""maximum_cluster_fraction"": 0.0425, ""mean_nearest_squared_distance"": 64.90665435791016, ""minimum_center_separation"": 4.887772560119629, ""minimum_cluster_size"": 4, ""minimum_positive_size"": 4, ""near_collapse"": false, ""normalized_hard_entropy"": 0.9653071803789974, ""occupied_clusters"": 60, ""rbf_marginal_entropy"": 3.9531331062316895, ""rbf_mean_row_entropy"": 0.028782762587070465, ""s0_marginal_entropy"": 4.094228744506836, ""s0_mean_row_entropy"": 4.0785369873046875, ""utilization"": 1.0}","{""assignment_change_fraction"": 0.010833333333333334, ""center_displacements"": [1.6896528620691242e-07, 3.173923687427305e-05, 5.684883319645451e-08, 6.231216684682295e-05, 8.50214973979746e-08, 1.682303445704747e-05, 1.0775708148003105e-07, 3.2848427508724853e-05, 1.4808321679993242e-07, 6.850287803672472e-08, 6.278433284023777e-05, 1.5993279589565645e-07, 1.7757957948560943e-07, 2.825712726917118e-06, 3.28728201566264e-05, 3.9730542766847066e-07, 0.0004055150493513793, 1.9858537143591093e-06, 1.5399155017803423e-06, 8.614859581257406e-08, 3.215144533896819e-05, 7.396396028980234e-08, 1.6733170923544094e-05, 1.3549162076742505e-06, 3.266739804530516e-05, 1.1973419532296248e-05, 8.821547226034454e-08, 5.212079301486483e-08, 2.287611823703628e-05, 1.2826603779103607e-05, 9.000765430755564e-07, 3.911633029929362e-05, 1.6950848475971725e-06, 1.9090971363766585e-06, 2.924957129835093e-07, 3.657152410596609e-05, 1.7448961386890005e-07, 0.00014983388246037066, 0.0004075060714967549, 9.623315833096058e-08, 1.0901646874117432e-07, 3.7917314330115914e-05, 6.253745965523194e-08, 5.3169056712931706e-08, 1.262868067897216e-07, 6.189267764966644e-07, 7.930609768891372e-08, 2.665975955551403e-07, 1.6197142826968047e-07, 5.4567873775113185e-08, 1.4451714491769962e-07, 4.43147064288496e-06, 1.494678372182534e-07, 2.5878214728436433e-05, 1.7522606299280596e-07, 0.0001515454496257007, 3.681505404529162e-05, 6.132601981789776e-08, 6.274595421018603e-08, 1.0627942970131699e-07], ""center_norms"": [11.323031425476074, 12.18138599395752, 11.539259910583496, 12.365208625793457, 12.314714431762695, 11.32815933227539, 11.651254653930664, 10.95287036895752, 12.31286334991455, 11.00967788696289, 12.278903007507324, 11.751178741455078, 12.077314376831055, 11.627902030944824, 12.393621444702148, 11.916290283203125, 12.031845092773438, 11.205223083496094, 12.832612991333008, 13.543572425842285, 11.997820854187012, 11.898626327514648, 11.24328327178955, 12.37712574005127, 11.825796127319336, 13.19803524017334, 11.287524223327637, 11.798632621765137, 12.762948036193848, 13.289571762084961, 13.370759010314941, 12.783392906188965, 12.653627395629883, 12.365324020385742, 11.105690002441406, 12.73901653289795, 10.661393165588379, 11.897247314453125, 11.673861503601074, 12.251934051513672, 12.780291557312012, 11.292985916137695, 12.195549011230469, 11.820030212402344, 12.458979606628418, 10.61439037322998, 11.981727600097656, 11.373528480529785, 12.324786186218262, 12.367984771728516, 12.477067947387695, 11.58205509185791, 12.200298309326172, 11.343626976013184, 9.543495178222656, 11.720267295837402, 10.662996292114258, 12.082099914550781, 12.223881721496582, 12.019519805908203], ""complete_collapse"": false, ""counts"": [31, 17, 8, 15, 20, 20, 18, 25, 23, 10, 16, 18, 28, 12, 27, 37, 42, 13, 13, 16, 18, 15, 22, 27, 12, 26, 17, 9, 17, 30, 34, 29, 21, 20, 29, 25, 34, 18, 22, 26, 26, 15, 10, 11, 17, 7, 15, 32, 16, 10, 23, 25, 18, 22, 19, 20, 13, 14, 9, 18], ""cumulative_hard_use"": [266, 226, 148, 180, 204, 249, 250, 267, 282, 144, 179, 223, 312, 182, 205, 257, 380, 136, 189, 192, 208, 153, 187, 279, 169, 323, 202, 131, 215, 278, 332, 290, 213, 189, 277, 300, 307, 192, 225, 288, 267, 175, 146, 127, 188, 126, 155, 317, 153, 117, 238, 381, 180, 248, 231, 199, 205, 172, 158, 188], ""dead_center_duration"": [0, 0, 0, 0, 0, 0, 0, 0, 0, 0, 0, 0, 0, 0, 0, 0, 0, 0, 0, 0, 0, 0, 0, 0, 0, 0, 0, 0, 0, 0, 0, 0, 0, 0, 0, 0, 0, 0, 0, 0, 0, 0, 0, 0, 0, 0, 0, 0, 0, 0, 0, 0, 0, 0, 0, 0, 0, 0, 0, 0], ""effective_cluster_count"": 55.80094397342228, ""hard_entropy"": 4.021790786330594, ""maximum_cluster_fraction"": 0.035, ""mean_nearest_squared_distance"": 142.99099731445312, ""minimum_center_separation"": 8.734856605529785, ""minimum_cluster_size"": 7, ""minimum_positive_size"": 7, ""near_collapse"": false, ""normalized_hard_entropy"": 0.9822795139029212, ""occupied_clusters"": 60, ""rbf_marginal_entropy"": 4.021306037902832, ""rbf_mean_row_entropy"": 0.05221375823020935, ""s0_marginal_entropy"": 4.094288349151611, ""s0_mean_row_entropy"": 4.0785369873046875, ""utilization"": 1.0}"
67,ShapesAll,LoSTer-NoResoftmax,2,COMPLETE,a247dffdea50e236b171392b8c9336ecd4cc5727,caf4a0ea37b91e2e571c4ad54fec5eabf569554380bf951fd7529dd4b760bebd,2026-10-05T23:58:52.922232+00:00,2026-10-05T23:59:43.032176+00:00,50.086863300000005,cuda,NVIDIA GeForce GTX 1080,16,assignment-change,0.01562069488955407,G:\Articoli\Articoli da Completare\LoSTer 2026\pilot\artifacts\ShapesAll\LoSTer-NoResoftmax\seed-2\complete.pt,6f21c6def6e80fcc202067e80920fa07710b69cbc018dca2eb79cb72939a154b,G:\Articoli\Articoli da Completare\LoSTer 2026\pilot\runs\ShapesAll\LoSTer-NoResoftmax\seed-2\predictions.npy,G:\Articoli\Articoli da Completare\LoSTer 2026\pilot\artifacts\ShapesAll\LoSTer-NoResoftmax\seed-2\manifest.json,"{""TEST"": ""1a0de98184a51d4827acec26b664c2212ef0893c840ffd05495d372dffa2bfc7"", ""TRAIN"": ""c55ab9de74bc5cc1068ea45999a76f551b3d58f64caf66dcc3151882142d337e""}",0.33963742322086415,0.6916913388897968,0.9748874061718098,0.485,175644160,"{""cluster_contrast"": 9.54916360643175, ""entropy"": -7.408372614118788, ""instance"": 11.21782758500841, ""kmeans"": 0.42927295962969464, ""reconstruction"": 0.16807753013239968, ""total"": 13.955969068739149}","{""assignment_change_fraction"": 0.0, ""center_displacements"": [9.313225746154785e-09, 0.0, 2.1591826104838674e-09, 2.981687119429921e-09, 2.1609471989592066e-09, 1.1641532182693481e-10, 4.886757665190089e-09, 6.8754064663778536e-09, 1.0412503081980162e-09, 3.1560634106142516e-09, 2.6750204273895406e-09, 1.9480008717209785e-09, 3.2093490087703458e-09, 4.656612873077393e-10, 8.985807653516531e-10, 5.6290949679294044e-09, 2.2603767746431913e-09, 4.656612873077393e-10, 0.0, 2.3107782354259143e-09, 4.5625303535246076e-09, 1.5133991837501526e-09, 3.6069969233665233e-09, 0.0, 1.0950468087855825e-08, 1.6789656331894776e-09, 1.25686772101119e-09, 0.0, 1.862645149230957e-09, 1.822188067102104e-09, 1.3969838619232178e-09, 2.8940390084386536e-09, 3.951266869250958e-09, 7.450580596923828e-09, 2.8133996465840028e-08, 2.3283064365386963e-10, 0.0, 5.101810973684451e-09, 3.365993483939178e-09, 4.656612873077393e-10, 3.2773808111841163e-09, 1.0740535572040244e-08, 0.0, 2.1420419216156006e-08, 1.31708899342442e-09, 2.165770851547677e-08, 0.0, 0.0, 0.0, 0.0, 2.0825006163960325e-09, 9.313225746154785e-10, 4.656612873077393e-10, 2.1243802272863377e-09, 5.206251540990081e-10, 0.0, 0.0, 1.31708899342442e-09, 1.3969838619232178e-09, 2.2812651767623038e-09], ""center_norms"": [15.30115795135498, 14.216590881347656, 13.436270713806152, 15.305854797363281, 14.425901412963867, 14.67170524597168, 13.21803092956543, 14.678131103515625, 12.791604042053223, 14.434083938598633, 14.258831024169922, 12.020112991333008, 14.18448543548584, 13.189790725708008, 14.073820114135742, 14.108990669250488, 14.520223617553711, 15.016736030578613, 14.811914443969727, 13.039904594421387, 14.615802764892578, 13.45100212097168, 13.956439018249512, 11.287166595458984, 12.960472106933594, 12.780211448669434, 12.023616790771484, 14.489696502685547, 13.382476806640625, 12.539865493774414, 12.437422752380371, 13.616533279418945, 13.12267780303955, 15.059884071350098, 15.325643539428711, 13.40347671508789, 15.626707077026367, 13.022283554077148, 12.819886207580566, 13.175260543823242, 13.353193283081055, 14.966440200805664, 13.130460739135742, 15.193037033081055, 13.848933219909668, 14.615811347961426, 14.014816284179688, 15.064117431640625, 15.786255836486816, 15.686485290527344, 14.482261657714844, 14.632002830505371, 15.006157875061035, 14.221019744873047, 12.399829864501953, 12.673566818237305, 15.206835746765137, 12.626686096191406, 15.637125968933105, 12.602989196777344], ""complete_collapse"": false, ""counts"": [39, 12, 19, 19, 33, 20, 24, 29, 19, 19, 23, 13, 24, 18, 13, 24, 12, 25, 7, 18, 29, 8, 31, 8, 47, 19, 9, 25, 12, 22, 19, 17, 22, 44, 53, 6, 11, 16, 13, 8, 17, 38, 8, 43, 11, 76, 6, 13, 3, 4, 19, 22, 20, 12, 10, 6, 17, 17, 16, 13], ""cumulative_hard_use"": [609, 192, 318, 578, 536, 334, 289, 457, 315, 305, 436, 204, 398, 289, 208, 342, 287, 392, 116, 275, 458, 123, 408, 126, 593, 304, 141, 405, 192, 369, 332, 285, 263, 576, 1018, 94, 234, 234, 227, 123, 272, 507, 120, 800, 177, 934, 202, 208, 48, 70, 307, 351, 319, 183, 159, 96, 298, 271, 246, 247], ""dead_center_duration"": [0, 0, 0, 0, 0, 0, 0, 0, 0, 0, 0, 0, 0, 0, 0, 0, 0, 0, 0, 0, 0, 0, 0, 0, 0, 0, 0, 0, 0, 0, 0, 0, 0, 0, 0, 0, 0, 0, 0, 0, 0, 0, 0, 0, 0, 0, 0, 0, 0, 0, 0, 0, 0, 0, 0, 0, 0, 0, 0, 0], ""effective_cluster_count"": 50.045462078360366, ""hard_entropy"": 3.9129318338856316, ""maximum_cluster_fraction"": 0.06333333333333334, ""mean_nearest_squared_distance"": 79.57186126708984, ""minimum_center_separation"": 4.789527893066406, ""minimum_cluster_size"": 3, ""minimum_positive_size"": 3, ""near_collapse"": false, ""normalized_hard_entropy"": 0.9556918755665225, ""occupied_clusters"": 60, ""rbf_marginal_entropy"": 3.912593364715576, ""rbf_mean_row_entropy"": 0.027876321226358414, ""s0_marginal_entropy"": 4.09418249130249, ""s0_mean_row_entropy"": 4.0785369873046875, ""utilization"": 1.0}","{""assignment_change_fraction"": 0.0, ""center_displacements"": [2.0825006163960325e-09, 2.3283064365386963e-09, 4.799926678344946e-09, 2.968305379269509e-09, 3.1324158822343406e-09, 3.3900653395591007e-09, 7.035184879100598e-09, 2.2088253448515616e-09, 1.0764052982281669e-09, 2.794573905617881e-09, 2.6750204273895406e-09, 4.839293854530524e-09, 4.839293854530524e-09, 2.3283064365386963e-09, 5.101064015633483e-09, 4.127411745713516e-09, 8.766052772557487e-09, 2.9451006078318187e-09, 3.259629011154175e-09, 4.374490547576215e-09, 1.3266206224216148e-05, 6.261653862082994e-09, 1.0412503081980162e-09, 5.6073043985804816e-09, 1.9272361484468092e-09, 5.2963546295359265e-06, 2.0825006163960325e-09, 1.3162755749362987e-05, 7.247730415826936e-09, 5.366046480048681e-06, 6.4523919540704355e-09, 1.9199706269290573e-09, 6.040149269637141e-09, 1.0412503081980162e-09, 1.714904773741921e-09, 2.3858042208502184e-09, 5.890201215663637e-09, 1.2185437103795493e-09, 5.122274160385132e-09, 5.015325488244571e-09, 2.1064117117219894e-09, 9.313225746154785e-10, 1.6298145055770874e-09, 1.7423450460185563e-09, 8.394828165947388e-10, 2.245337471507014e-09, 3.7189182844343804e-09, 1.2375118707552701e-09, 7.715987848655459e-09, 1.0443129694337472e-09, 3.3900653395591007e-09, 1.3969838619232178e-09, 3.571124285173255e-09, 1.3375102136947703e-09, 9.896843344847639e-09, 1.6530360413824496e-09, 3.958120942115784e-09, 2.8088211756482906e-09, 4.9435406879183574e-09, 1.280568540096283e-09], ""center_norms"": [13.108993530273438, 11.659183502197266, 12.099814414978027, 12.393967628479004, 10.990029335021973, 10.663980484008789, 11.886561393737793, 12.981420516967773, 12.505605697631836, 11.685190200805664, 12.081140518188477, 10.77639389038086, 12.602670669555664, 11.93165111541748, 11.386395454406738, 11.815585136413574, 12.146346092224121, 11.817237854003906, 12.456707000732422, 11.679418563842773, 11.611489295959473, 11.85836124420166, 12.16627311706543, 12.577178955078125, 11.633378982543945, 11.729387283325195, 12.884922981262207, 12.132078170776367, 11.802468299865723, 11.19362735748291, 12.385054588317871, 11.47076416015625, 11.526611328125, 12.59652328491211, 12.702558517456055, 12.168532371520996, 12.058683395385742, 9.655890464782715, 11.826952934265137, 11.503491401672363, 12.039678573608398, 13.151291847229004, 12.191949844360352, 11.511102676391602, 12.025425910949707, 11.86143684387207, 13.045426368713379, 11.959683418273926, 12.501432418823242, 11.502249717712402, 11.688667297363281, 11.408249855041504, 11.79397201538086, 12.821353912353516, 10.995631217956543, 12.609508514404297, 11.883768081665039, 11.95726490020752, 11.085419654846191, 11.052629470825195], ""complete_collapse"": false, ""counts"": [11, 13, 17, 21, 14, 15, 26, 8, 14, 22, 13, 17, 29, 12, 25, 19, 33, 13, 20, 24, 21, 54, 7, 19, 17, 22, 25, 44, 27, 21, 40, 6, 37, 10, 23, 10, 33, 12, 22, 30, 11, 9, 18, 12, 12, 31, 16, 8, 33, 7, 18, 22, 16, 18, 37, 14, 22, 23, 15, 12], ""cumulative_hard_use"": [180, 262, 336, 299, 268, 213, 472, 214, 255, 315, 242, 235, 463, 295, 277, 227, 498, 226, 349, 343, 352, 731, 182, 324, 329, 422, 405, 638, 398, 356, 491, 130, 546, 213, 296, 231, 513, 187, 326, 379, 195, 146, 260, 269, 280, 450, 286, 167, 456, 139, 357, 326, 246, 321, 540, 206, 319, 320, 303, 196], ""dead_center_duration"": [0, 0, 0, 0, 0, 0, 0, 0, 0, 0, 0, 0, 0, 0, 0, 0, 0, 0, 0, 0, 0, 0, 0, 0, 0, 0, 0, 0, 0, 0, 0, 0, 0, 0, 0, 0, 0, 0, 0, 0, 0, 0, 0, 0, 0, 0, 0, 0, 0, 0, 0, 0, 0, 0, 0, 0, 0, 0, 0, 0], ""effective_cluster_count"": 53.69583460537189, ""hard_entropy"": 3.9833354306361066, ""maximum_cluster_fraction"": 0.045, ""mean_nearest_squared_distance"": 139.73117065429688, ""minimum_center_separation"": 8.155770301818848, ""minimum_cluster_size"": 6, ""minimum_positive_size"": 6, ""near_collapse"": false, ""normalized_hard_entropy"": 0.9728872033364612, ""occupied_clusters"": 60, ""rbf_marginal_entropy"": 3.984119176864624, ""rbf_mean_row_entropy"": 0.03836910054087639, ""s0_marginal_entropy"": 4.094253063201904, ""s0_mean_row_entropy"": 4.0785369873046875, ""utilization"": 1.0}"
68,ShapesAll,LoSTer-NoResoftmax,3,COMPLETE,a247dffdea50e236b171392b8c9336ecd4cc5727,73e02b343fbefaa04960d453f6f0cedd7667c7a768d682fb87db0e2f6f4ac466,2026-10-05T23:59:44.939193+00:00,2026-10-06T00:00:25.051108+00:00,40.08871940000063,cuda,NVIDIA GeForce GTX 1080,13,assignment-change,0.05688009063105715,G:\Articoli\Articoli da Completare\LoSTer 2026\pilot\artifacts\ShapesAll\LoSTer-NoResoftmax\seed-3\complete.pt,b836f2bd62fe535d2ffb1bb272f1a294b42beb915856f04cdba2ae652a4472cd,G:\Articoli\Articoli da Completare\LoSTer 2026\pilot\runs\ShapesAll\LoSTer-NoResoftmax\seed-3\predictions.npy,G:\Articoli\Articoli da Completare\LoSTer 2026\pilot\artifacts\ShapesAll\LoSTer-NoResoftmax\seed-3\manifest.json,"{""TEST"": ""1a0de98184a51d4827acec26b664c2212ef0893c840ffd05495d372dffa2bfc7"", ""TRAIN"": ""c55ab9de74bc5cc1068ea45999a76f551b3d58f64caf66dcc3151882142d337e""}",0.3784449884594215,0.7074579476731243,0.9781276063386155,0.5216666666666666,175644160,"{""cluster_contrast"": 9.549729135301378, ""entropy"": -7.4819632106357155, ""instance"": 11.195329984029135, ""kmeans"": 0.4501919282807244, ""reconstruction"": 0.20718907978799608, ""total"": 13.920476913452148}","{""assignment_change_fraction"": 0.0, ""center_displacements"": [1.0044153064825423e-08, 1.0759855939568297e-07, 7.249085598459715e-08, 7.4478953138168436e-06, 1.2724748899017868e-07, 5.9466241708605594e-08, 2.4938458409451414e-07, 3.202246645628293e-08, 1.0812470918608597e-07, 1.311903048417662e-07, 2.6545961873125634e-07, 7.616269215304783e-08, 4.9071509522491397e-08, 1.851177984235619e-07, 3.6819881188421277e-07, 5.553681958758716e-08, 1.5460796021216083e-07, 5.4593698450844386e-08, 2.254321316286223e-07, 4.796664399009387e-08, 5.471272501722524e-08, 4.124258268234371e-08, 1.0105468817300789e-07, 3.255635050436467e-08, 9.08081503325775e-08, 6.53308873665992e-08, 6.897958826357353e-08, 5.908930688747205e-06, 6.677694841528137e-08, 8.17341714309805e-08, 9.696271519032962e-08, 1.3206403082222096e-07, 9.119147392766536e-08, 7.933001455739941e-08, 2.0558061805786565e-05, 5.956069799140096e-06, 6.653743866991135e-08, 3.501373413428155e-08, 8.166005500243045e-06, 1.226944590371204e-07, 1.4472274756371917e-07, 9.425816926977859e-08, 1.0016075435714811e-07, 2.1201655542313347e-08, 3.6219621080135767e-08, 4.7497451305389404e-08, 3.830541572824586e-08, 5.226205246344762e-08, 7.783093280977482e-08, 1.1729489557410488e-07, 3.089571265491031e-08, 1.5110691364839113e-08, 8.081202906851104e-08, 1.120269317311795e-07, 3.993028485638206e-08, 2.1114841729286127e-05, 4.044624191124058e-08, 3.544358548879245e-07, 3.3559450685061165e-07, 3.598570685880986e-08], ""center_norms"": [14.19770622253418, 14.893595695495605, 13.456108093261719, 15.248848915100098, 14.563027381896973, 14.997950553894043, 15.31991195678711, 15.357440948486328, 13.688035011291504, 12.920693397521973, 14.67374324798584, 12.85425853729248, 12.866019248962402, 15.649599075317383, 14.640223503112793, 13.685272216796875, 14.96005630493164, 14.453828811645508, 14.501132011413574, 13.818218231201172, 13.597881317138672, 13.692856788635254, 14.72451400756836, 14.220098495483398, 13.982521057128906, 12.798758506774902, 13.297150611877441, 14.140680313110352, 15.476856231689453, 11.056188583374023, 13.63380241394043, 13.68885326385498, 14.278501510620117, 12.914277076721191, 15.413786888122559, 12.839238166809082, 13.355182647705078, 15.309894561767578, 14.572701454162598, 13.541620254516602, 13.958059310913086, 12.168383598327637, 11.518248558044434, 14.405667304992676, 13.137248992919922, 12.679624557495117, 12.385956764221191, 15.225747108459473, 14.44361686706543, 15.444555282592773, 13.028952598571777, 14.11961841583252, 12.909363746643066, 12.815613746643066, 13.676767349243164, 14.984169960021973, 12.564358711242676, 15.154448509216309, 13.948030471801758, 12.20316219329834], ""complete_collapse"": false, ""counts"": [3, 16, 24, 53, 24, 24, 29, 14, 34, 22, 25, 15, 13, 21, 28, 16, 20, 20, 24, 15, 14, 14, 20, 12, 16, 17, 19, 30, 17, 18, 20, 24, 21, 13, 46, 16, 19, 8, 32, 24, 24, 16, 14, 7, 12, 9, 11, 20, 21, 20, 10, 4, 17, 20, 12, 55, 15, 36, 28, 9], ""cumulative_hard_use"": [40, 201, 335, 598, 310, 311, 362, 166, 460, 326, 356, 209, 179, 322, 404, 210, 325, 257, 314, 195, 199, 183, 272, 151, 204, 218, 232, 373, 221, 207, 244, 320, 289, 174, 628, 194, 227, 85, 367, 321, 319, 215, 181, 112, 164, 110, 138, 264, 299, 258, 117, 44, 194, 265, 164, 646, 174, 523, 306, 118], ""dead_center_duration"": [0, 0, 0, 0, 0, 0, 0, 0, 0, 0, 0, 0, 0, 0, 0, 0, 0, 0, 0, 0, 0, 0, 0, 0, 0, 0, 0, 0, 0, 0, 0, 0, 0, 0, 0, 0, 0, 0, 0, 0, 0, 0, 0, 0, 0, 0, 0, 0, 0, 0, 0, 0, 0, 0, 0, 0, 0, 0, 0, 0], ""effective_cluster_count"": 53.57912112542989, ""hard_entropy"": 3.981159460947775, ""maximum_cluster_fraction"": 0.04583333333333333, ""mean_nearest_squared_distance"": 87.67142486572266, ""minimum_center_separation"": 5.562199592590332, ""minimum_cluster_size"": 3, ""minimum_positive_size"": 3, ""near_collapse"": false, ""normalized_hard_entropy"": 0.972355745943156, ""occupied_clusters"": 60, ""rbf_marginal_entropy"": 3.9812796115875244, ""rbf_mean_row_entropy"": 0.018011709675192833, ""s0_marginal_entropy"": 4.094249725341797, ""s0_mean_row_entropy"": 4.0785369873046875, ""utilization"": 1.0}","{""assignment_change_fraction"": 0.006666666666666667, ""center_displacements"": [1.0838816706382204e-06, 2.6648939055462506e-08, 7.512171862344985e-08, 1.0428922081473502e-07, 0.00016755866818130016, 1.1718484671519036e-07, 1.5424515709128173e-07, 1.2248574421391822e-07, 2.3577680622111075e-05, 4.700940917246044e-05, 1.2514078662206884e-07, 3.831130015896633e-05, 2.2044034153623215e-08, 1.0333484823377148e-07, 1.3432654668577015e-05, 1.3491438949131407e-05, 9.927899924377925e-08, 6.027720189649699e-08, 3.304122219560668e-05, 8.344761681655655e-08, 1.2954529893249855e-07, 7.293844817013451e-08, 8.5866226129383e-08, 2.643947425440274e-07, 2.1265839222905925e-07, 2.2035179370050173e-07, 1.3900204010042216e-07, 0.00013198491069488227, 1.1014144263299386e-07, 2.6991579943569377e-05, 2.6959938622894697e-05, 1.5988193524663075e-07, 1.4280321636306326e-07, 6.402461849575047e-08, 1.2590051312599826e-07, 1.0827751793840434e-05, 2.7769553412326786e-07, 1.2202302457353653e-07, 7.260767347361252e-07, 1.8952471236843849e-07, 1.6757370246978098e-07, 2.0373912775539793e-05, 6.693550744785171e-07, 0.00015467051707673818, 6.315918454902203e-08, 7.807710744600627e-08, 3.5758935155172367e-06, 1.1031353324142401e-06, 1.0365985048110815e-07, 1.3687908051451814e-07, 4.005448136013001e-05, 1.8369058807365946e-07, 1.86843067240261e-07, 6.073087632785246e-08, 9.533782474591135e-08, 1.4304235662621068e-07, 4.7707562345067345e-08, 4.8960949072807125e-08, 0.00013211595069151372, 5.017054505174201e-08], ""center_norms"": [12.397679328918457, 12.515764236450195, 11.981354713439941, 11.669361114501953, 11.573979377746582, 13.02102279663086, 11.511011123657227, 11.098106384277344, 12.744290351867676, 11.054676055908203, 11.863556861877441, 11.798515319824219, 12.404314041137695, 12.149813652038574, 11.87404727935791, 11.837223052978516, 12.753806114196777, 11.78281021118164, 11.880596160888672, 12.963980674743652, 12.890661239624023, 12.549270629882812, 11.127778053283691, 12.58090591430664, 11.842706680297852, 10.965045928955078, 11.2994966506958, 11.949810028076172, 10.632025718688965, 12.043115615844727, 12.39769458770752, 12.218117713928223, 12.117706298828125, 11.245728492736816, 11.408841133117676, 11.556314468383789, 12.086459159851074, 12.582782745361328, 11.366351127624512, 11.489394187927246, 11.417961120605469, 12.627545356750488, 10.992881774902344, 11.104469299316406, 10.878646850585938, 12.24438190460205, 12.773743629455566, 10.617562294006348, 12.348880767822266, 12.36673355102539, 12.742816925048828, 12.485838890075684, 10.184823036193848, 11.838664054870605, 11.334394454956055, 12.931246757507324, 12.660361289978027, 12.162360191345215, 11.937906265258789, 11.652496337890625], ""complete_collapse"": false, ""counts"": [3, 4, 10, 10, 34, 22, 28, 25, 24, 32, 17, 19, 4, 17, 16, 10, 16, 11, 13, 12, 19, 16, 15, 37, 28, 34, 27, 23, 20, 24, 12, 22, 22, 14, 25, 26, 38, 26, 12, 27, 29, 35, 31, 17, 9, 13, 20, 28, 17, 24, 19, 31, 29, 13, 12, 23, 8, 6, 35, 7], ""cumulative_hard_use"": [65, 77, 155, 154, 344, 283, 358, 297, 293, 356, 238, 281, 99, 238, 191, 185, 231, 213, 211, 221, 292, 228, 173, 458, 356, 382, 295, 314, 210, 268, 176, 233, 319, 184, 306, 319, 417, 333, 188, 318, 420, 393, 302, 238, 145, 204, 261, 350, 267, 327, 270, 391, 320, 166, 196, 316, 110, 173, 335, 157], ""dead_center_duration"": [0, 0, 0, 0, 0, 0, 0, 0, 0, 0, 0, 0, 0, 0, 0, 0, 0, 0, 0, 0, 0, 0, 0, 0, 0, 0, 0, 0, 0, 0, 0, 0, 0, 0, 0, 0, 0, 0, 0, 0, 0, 0, 0, 0, 0, 0, 0, 0, 0, 0, 0, 0, 0, 0, 0, 0, 0, 0, 0, 0], ""effective_cluster_count"": 53.797317545742786, ""hard_entropy"": 3.9852236061801425, ""maximum_cluster_fraction"": 0.03166666666666667, ""mean_nearest_squared_distance"": 142.1175537109375, ""minimum_center_separation"": 7.461396217346191, ""minimum_cluster_size"": 3, ""minimum_positive_size"": 3, ""near_collapse"": false, ""normalized_hard_entropy"": 0.9733483700788642, ""occupied_clusters"": 60, ""rbf_marginal_entropy"": 3.984470844268799, ""rbf_mean_row_entropy"": 0.04537337273359299, ""s0_marginal_entropy"": 4.094266891479492, ""s0_mean_row_entropy"": 4.0785369873046875, ""utilization"": 1.0}"
69,ShapesAll,LoSTer-NoResoftmax,4,COMPLETE,a247dffdea50e236b171392b8c9336ecd4cc5727,94add1718fa18a79506daf4cd1261b53d8c9a628f2ef741e1507bea2fd0b0bae,2026-10-06T00:00:26.979537+00:00,2026-10-06T00:01:17.113452+00:00,50.11068609999984,cuda,NVIDIA GeForce GTX 1080,16,assignment-change,0.01562069488955407,G:\Articoli\Articoli da Completare\LoSTer 2026\pilot\artifacts\ShapesAll\LoSTer-NoResoftmax\seed-4\complete.pt,854198c904c85e4152a02fd282b09194744688229b2fd10df9735f01b7431753,G:\Articoli\Articoli da Completare\LoSTer 2026\pilot\runs\ShapesAll\LoSTer-NoResoftmax\seed-4\predictions.npy,G:\Articoli\Articoli da Completare\LoSTer 2026\pilot\artifacts\ShapesAll\LoSTer-NoResoftmax\seed-4\manifest.json,"{""TEST"": ""1a0de98184a51d4827acec26b664c2212ef0893c840ffd05495d372dffa2bfc7"", ""TRAIN"": ""c55ab9de74bc5cc1068ea45999a76f551b3d58f64caf66dcc3151882142d337e""}",0.39249577184159284,0.7121282736115634,0.9787684181262163,0.5158333333333334,175644160,"{""cluster_contrast"": 9.534592734442818, ""entropy"": -7.532101631164551, ""instance"": 11.197511249118381, ""kmeans"": 0.40744563606050277, ""reconstruction"": 0.13388273616631827, ""total"": 13.741330888536242}","{""assignment_change_fraction"": 0.0, ""center_displacements"": [2.563781409392618e-09, 6.879347758115273e-09, 2.2812651767623038e-09, 0.0, 1.2521549130894982e-08, 8.65319094156547e-10, 4.873311922892754e-07, 1.2538313720611427e-09, 1.31708899342442e-09, 1.975633434625479e-09, 3.1372795472606185e-09, 1.6789656331894776e-09, 5.254304369373131e-07, 2.1083712553604528e-09, 0.0, 1.6298145055770874e-09, 0.0, 2.676959098835141e-09, 1.9340364865172432e-09, 0.0, 4.656612873077393e-10, 1.0412503081980162e-09, 4.656612873077393e-10, 2.6750204273895406e-09, 0.0, 0.0, 1.9893058311737377e-09, 3.4846900920371127e-09, 6.984919309616089e-10, 5.238689482212067e-10, 6.5854449671221e-10, 9.313225746154785e-10, 4.656612873077393e-10, 2.6674101816226425e-10, 3.3900653395591007e-09, 1.1641532182693481e-09, 1.862645149230957e-09, 4.248760454572675e-09, 4.656612873077393e-10, 2.5076627441222854e-09, 1.1744685224357454e-08, 4.293184918680026e-09, 1.9375370197138864e-09, 2.644447771871228e-09, 0.0, 8.065489942588044e-10, 6.402842700481415e-10, 9.313225746154785e-10, 1.0685505813512464e-09, 4.368290174028289e-09, 4.799926567322643e-10, 9.17246367748703e-09, 0.0, 4.629270300426924e-09, 1.021540296797241e-09, 2.3283064365386963e-10, 3.1668392352912633e-09, 3.357931266378955e-09, 1.31708899342442e-09, 2.965666823229185e-09], ""center_norms"": [11.809061050415039, 14.95506477355957, 13.935458183288574, 13.427873611450195, 14.96212100982666, 14.856910705566406, 15.469111442565918, 15.402146339416504, 14.12867259979248, 12.702922821044922, 12.42569637298584, 13.384440422058105, 14.606206893920898, 14.223713874816895, 15.593574523925781, 15.360516548156738, 14.795843124389648, 12.289172172546387, 14.035065650939941, 13.150485038757324, 14.689153671264648, 14.707216262817383, 14.67168140411377, 13.363802909851074, 13.779328346252441, 11.82690143585205, 15.756382942199707, 13.882767677307129, 14.95217227935791, 13.839004516601562, 13.676175117492676, 14.588862419128418, 12.845194816589355, 12.058656692504883, 14.074234008789062, 14.993767738342285, 13.80862045288086, 15.045963287353516, 12.589003562927246, 14.99925708770752, 15.446150779724121, 15.345479011535645, 12.632933616638184, 12.687849998474121, 13.073354721069336, 12.236068725585938, 13.710326194763184, 13.051722526550293, 11.784849166870117, 13.40650749206543, 11.77614688873291, 15.1434326171875, 15.502718925476074, 15.146912574768066, 13.310343742370605, 14.168526649475098, 13.026093482971191, 14.846060752868652, 14.651272773742676, 13.892605781555176], ""complete_collapse"": false, ""counts"": [14, 40, 25, 20, 60, 26, 28, 18, 20, 12, 25, 16, 28, 34, 28, 20, 16, 11, 19, 19, 21, 18, 9, 18, 13, 17, 25, 16, 28, 15, 19, 21, 15, 5, 13, 7, 19, 23, 15, 21, 36, 28, 16, 18, 6, 9, 20, 18, 11, 27, 8, 41, 16, 39, 12, 5, 18, 18, 16, 21], ""cumulative_hard_use"": [235, 577, 406, 314, 678, 413, 434, 303, 282, 207, 397, 310, 471, 527, 396, 350, 250, 188, 325, 295, 335, 343, 144, 270, 218, 305, 498, 252, 422, 242, 270, 318, 213, 80, 203, 164, 299, 382, 206, 348, 580, 443, 249, 285, 96, 144, 330, 288, 176, 423, 127, 797, 225, 634, 186, 81, 213, 504, 220, 329], ""dead_center_duration"": [0, 0, 0, 0, 0, 0, 0, 0, 0, 0, 0, 0, 0, 0, 0, 0, 0, 0, 0, 0, 0, 0, 0, 0, 0, 0, 0, 0, 0, 0, 0, 0, 0, 0, 0, 0, 0, 0, 0, 0, 0, 0, 0, 0, 0, 0, 0, 0, 0, 0, 0, 0, 0, 0, 0, 0, 0, 0, 0, 0], ""effective_cluster_count"": 53.91373687794295, ""hard_entropy"": 3.9873853040329412, ""maximum_cluster_fraction"": 0.05, ""mean_nearest_squared_distance"": 67.73735809326172, ""minimum_center_separation"": 4.970062255859375, ""minimum_cluster_size"": 5, ""minimum_positive_size"": 5, ""near_collapse"": false, ""normalized_hard_entropy"": 0.9738763417285257, ""occupied_clusters"": 60, ""rbf_marginal_entropy"": 3.9872519969940186, ""rbf_mean_row_entropy"": 0.02430581860244274, ""s0_marginal_entropy"": 4.094255447387695, ""s0_mean_row_entropy"": 4.0785369873046875, ""utilization"": 1.0}","{""assignment_change_fraction"": 0.0, ""center_displacements"": [2.0062653760533067e-09, 1.2003222860101914e-09, 8.63986837629227e-09, 5.587935447692871e-09, 9.313225746154785e-10, 2.0857520155459497e-09, 5.252898560570429e-09, 4.490674943014028e-09, 4.3477119682222565e-09, 1.5136789599523581e-09, 2.393071296680205e-09, 4.861646640819117e-09, 1.4162535588724268e-09, 3.037971429975528e-09, 2.735760062932968e-09, 2.8453739364664443e-09, 3.89774079678773e-09, 1.31708899342442e-09, 2.0825006163960325e-09, 2.6031257149838893e-09, 3.259629011154175e-09, 3.411268156838787e-09, 2.834898316095291e-09, 1.1406325883811519e-09, 2.0954757928848267e-09, 1.6789656331894776e-09, 5.0741837185341865e-06, 5.101064015633483e-09, 3.3900653395591007e-09, 4.238481121632276e-09, 1.6789656331894776e-09, 2.917359687160115e-09, 7.46511830129748e-09, 3.6740055442407993e-09, 1.1641532182693481e-09, 3.357931266378955e-09, 2.63417798684884e-09, 2.9451006078318187e-09, 3.847874019413666e-09, 5.127562818785236e-09, 0.0, 0.0, 6.282114384248416e-09, 1.9893058311737377e-09, 2.7647106826123036e-09, 1.682996741969589e-09, 4.609811643518924e-09, 2.583528502242416e-09, 4.472530790167184e-09, 4.552121790624142e-09, 2.147886757342121e-09, 5.135902483743848e-06, 1.862645149230957e-09, 2.5511959211854673e-09, 8.885013835779887e-10, 4.956887345031191e-09, 4.84768847286432e-09, 2.1965198548912213e-09, 4.955605703571564e-09, 1.9893058311737377e-09], ""center_norms"": [11.501747131347656, 11.252204895019531, 12.058228492736816, 11.742772102355957, 12.245535850524902, 12.365368843078613, 12.501297950744629, 11.879570960998535, 11.784218788146973, 13.09256649017334, 11.6482515335083, 12.6220121383667, 11.339641571044922, 11.404580116271973, 11.822668075561523, 12.433216094970703, 12.715326309204102, 11.732577323913574, 13.607198715209961, 11.831856727600098, 12.944317817687988, 11.271780967712402, 11.661961555480957, 11.316519737243652, 12.020235061645508, 12.507739067077637, 11.797615051269531, 12.284547805786133, 12.366830825805664, 10.672957420349121, 11.540488243103027, 10.920961380004883, 11.831620216369629, 12.210325241088867, 13.253432273864746, 12.079824447631836, 12.396910667419434, 12.628710746765137, 10.127530097961426, 12.076616287231445, 11.156867980957031, 9.997966766357422, 11.185346603393555, 11.392008781433105, 11.370132446289062, 11.112305641174316, 12.126638412475586, 11.109160423278809, 10.998950958251953, 12.230424880981445, 12.364448547363281, 11.973133087158203, 12.293269157409668, 11.687101364135742, 12.386199951171875, 11.365670204162598, 11.781269073486328, 11.790410995483398, 11.841353416442871, 11.605358123779297], ""complete_collapse"": false, ""counts"": [10, 11, 37, 22, 17, 9, 37, 36, 24, 22, 21, 18, 15, 25, 17, 24, 23, 13, 11, 22, 20, 24, 13, 19, 17, 13, 22, 35, 24, 14, 10, 21, 30, 34, 16, 18, 19, 25, 20, 24, 5, 13, 40, 15, 13, 14, 18, 14, 14, 24, 26, 38, 20, 13, 10, 25, 22, 11, 25, 8], ""cumulative_hard_use"": [169, 210, 615, 377, 267, 202, 563, 532, 376, 325, 381, 234, 262, 406, 286, 406, 381, 225, 165, 337, 325, 387, 258, 271, 221, 218, 336, 498, 396, 241, 191, 288, 431, 481, 237, 282, 341, 333, 342, 323, 137, 235, 566, 236, 265, 238, 325, 248, 228, 400, 422, 561, 312, 264, 213, 376, 319, 207, 364, 165], ""dead_center_duration"": [0, 0, 0, 0, 0, 0, 0, 0, 0, 0, 0, 0, 0, 0, 0, 0, 0, 0, 0, 0, 0, 0, 0, 0, 0, 0, 0, 0, 0, 0, 0, 0, 0, 0, 0, 0, 0, 0, 0, 0, 0, 0, 0, 0, 0, 0, 0, 0, 0, 0, 0, 0, 0, 0, 0, 0, 0, 0, 0, 0], ""effective_cluster_count"": 55.38439081458764, ""hard_entropy"": 4.014297799803732, ""maximum_cluster_fraction"": 0.03333333333333333, ""mean_nearest_squared_distance"": 140.19996643066406, ""minimum_center_separation"": 7.976991653442383, ""minimum_cluster_size"": 5, ""minimum_positive_size"": 5, ""near_collapse"": false, ""normalized_hard_entropy"": 0.9804494318438784, ""occupied_clusters"": 60, ""rbf_marginal_entropy"": 4.013462066650391, ""rbf_mean_row_entropy"": 0.03837493807077408, ""s0_marginal_entropy"": 4.094282150268555, ""s0_mean_row_entropy"": 4.0785369873046875, ""utilization"": 1.0}"
70,ShapesAll,LoSTer-AlignedInit,0,COMPLETE,a247dffdea50e236b171392b8c9336ecd4cc5727,44836ddd3fc76ecfc33c07720aa37014f27e5f5c4537c7c5e2a63ea1ca27f1dc,2026-10-06T00:01:19.051549+00:00,2026-10-06T00:01:39.142555+00:00,20.067272399999638,cuda,NVIDIA GeForce GTX 1080,3,assignment-change,4.2250000000000005,G:\Articoli\Articoli da Completare\LoSTer 2026\pilot\artifacts\ShapesAll\LoSTer-AlignedInit\seed-0\complete.pt,b31ecd0a249b31b4fdfd0c9b8246535afca42a54cab4cf8d52f0e13837c7b142,G:\Articoli\Articoli da Completare\LoSTer 2026\pilot\runs\ShapesAll\LoSTer-AlignedInit\seed-0\predictions.npy,G:\Articoli\Articoli da Completare\LoSTer 2026\pilot\artifacts\ShapesAll\LoSTer-AlignedInit\seed-0\manifest.json,"{""TEST"": ""1a0de98184a51d4827acec26b664c2212ef0893c840ffd05495d372dffa2bfc7"", ""TRAIN"": ""c55ab9de74bc5cc1068ea45999a76f551b3d58f64caf66dcc3151882142d337e""}",0.3900207609818542,0.7238055664817337,0.9772574367528496,0.5158333333333334,175644160,"{""cluster_contrast"": 9.55672444237603, ""entropy"": -8.188168207804361, ""instance"": 11.223424487643772, ""kmeans"": 0.3713824715879228, ""reconstruction"": 0.023435235644380253, ""total"": 12.986798392401802}","{""assignment_change_fraction"": 0.0, ""center_displacements"": [5.802896703244187e-05, 4.788226942764595e-05, 2.01326565729687e-05, 2.502672577975318e-05, 1.2300279195187613e-05, 9.906115337798838e-06, 2.6738618544186465e-05, 1.351839819108136e-05, 1.0119295438926201e-05, 1.5045276313685463e-06, 4.6908544391044416e-06, 2.66353708866518e-05, 4.672791874327231e-06, 2.0017241695313714e-05, 1.1964183613599744e-05, 1.4894229934725445e-05, 2.2789770355302608e-06, 1.613507447473239e-05, 2.4196413050958654e-06, 2.0844847313128412e-05, 1.533424438093789e-05, 1.025630899675889e-05, 1.9437882656347938e-05, 3.386938942639972e-06, 4.377342702355236e-05, 1.57026279339334e-05, 1.2499222066253424e-05, 1.6092779333121143e-05, 1.802113365556579e-05, 1.1367631486791652e-05, 1.4012897736392915e-05, 4.834452738577966e-06, 3.4873333788709715e-05, 4.141779299970949e-06, 2.0748431779793464e-05, 4.43287608504761e-05, 1.3843598935636692e-05, 1.2731599099424784e-06, 9.786230293684639e-06, 1.7274841184189427e-06, 1.8867507606046274e-05, 8.171151421265677e-06, 1.33689336507814e-05, 2.0963645965821343e-06, 1.843470636231359e-05, 2.729848347371444e-05, 4.0093336792779155e-06, 1.2597640306921676e-05, 1.579620766278822e-05, 2.011703145399224e-06, 1.6031201539590256e-06, 2.234096609754488e-05, 1.266360777663067e-05, 2.7450725610833615e-05, 1.9362547391210683e-05, 4.0589089621789753e-05, 1.3493156984623056e-05, 1.321174295298988e-06, 1.151062133430969e-05, 6.171747372718528e-06], ""center_norms"": [13.45267391204834, 13.38659381866455, 15.335620880126953, 15.391475677490234, 13.492176055908203, 13.838577270507812, 12.931859970092773, 11.39196491241455, 15.585846900939941, 13.839040756225586, 15.299667358398438, 12.568222045898438, 14.488993644714355, 14.4627046585083, 14.245637893676758, 13.823811531066895, 14.39193058013916, 14.548755645751953, 14.840307235717773, 14.315449714660645, 14.586010932922363, 14.32718563079834, 14.944425582885742, 13.72104263305664, 15.249155044555664, 14.920138359069824, 14.871806144714355, 14.03444766998291, 15.229632377624512, 13.1141357421875, 12.512935638427734, 14.336408615112305, 14.83358383178711, 13.172377586364746, 11.796198844909668, 11.985602378845215, 14.092330932617188, 11.94648551940918, 14.04531478881836, 13.168010711669922, 15.37372875213623, 15.466897964477539, 13.598919868469238, 10.9252347946167, 14.81356143951416, 14.721061706542969, 12.6886625289917, 15.083395004272461, 12.180922508239746, 14.654314041137695, 13.922834396362305, 12.824844360351562, 14.938005447387695, 12.763007164001465, 12.565007209777832, 14.344249725341797, 12.950779914855957, 11.754929542541504, 15.765946388244629, 13.1802396774292], ""complete_collapse"": false, ""counts"": [27, 8, 40, 28, 21, 36, 18, 11, 20, 16, 30, 15, 23, 18, 14, 22, 15, 22, 20, 13, 25, 28, 43, 10, 83, 51, 25, 37, 25, 15, 19, 19, 23, 17, 10, 8, 10, 8, 12, 7, 22, 20, 13, 13, 23, 25, 14, 22, 10, 8, 9, 20, 17, 12, 19, 7, 9, 10, 20, 15], ""cumulative_hard_use"": [81, 24, 120, 83, 63, 108, 54, 33, 60, 48, 90, 45, 69, 54, 42, 66, 45, 66, 60, 39, 75, 84, 130, 30, 248, 152, 75, 111, 75, 45, 57, 57, 71, 51, 30, 24, 30, 24, 36, 21, 66, 60, 39, 39, 69, 75, 42, 66, 30, 24, 27, 60, 51, 36, 57, 21, 27, 30, 60, 45], ""dead_center_duration"": [0, 0, 0, 0, 0, 0, 0, 0, 0, 0, 0, 0, 0, 0, 0, 0, 0, 0, 0, 0, 0, 0, 0, 0, 0, 0, 0, 0, 0, 0, 0, 0, 0, 0, 0, 0, 0, 0, 0, 0, 0, 0, 0, 0, 0, 0, 0, 0, 0, 0, 0, 0, 0, 0, 0, 0, 0, 0, 0, 0], ""effective_cluster_count"": 51.67887090247117, ""hard_entropy"": 3.9450490113732783, ""maximum_cluster_fraction"": 0.06916666666666667, ""mean_nearest_squared_distance"": 54.826961517333984, ""minimum_center_separation"": 4.474811553955078, ""minimum_cluster_size"": 7, ""minimum_positive_size"": 7, ""near_collapse"": false, ""normalized_hard_entropy"": 0.9635361536920098, ""occupied_clusters"": 60, ""rbf_marginal_entropy"": 3.9460010528564453, ""rbf_mean_row_entropy"": 0.007799224928021431, ""s0_marginal_entropy"": 4.09420108795166, ""s0_mean_row_entropy"": 4.0785369873046875, ""utilization"": 1.0}","{""assignment_change_fraction"": 0.019166666666666665, ""center_displacements"": [5.318155308486894e-05, 5.745137241319753e-05, 5.0055368774337694e-05, 6.597787432838231e-05, 6.47956330794841e-05, 0.00010589996236376464, 7.715703395660967e-05, 6.343327549984679e-05, 6.47294000373222e-05, 0.00012012360093649477, 9.520841558696702e-05, 0.00012014686944894493, 3.599240881158039e-05, 0.00011998882837360725, 9.742983820615336e-05, 9.036013943841681e-05, 9.595185110811144e-05, 7.363723125308752e-05, 3.3607346267672256e-05, 7.757040293654427e-05, 6.143960490589961e-05, 8.58677231008187e-05, 6.337978265946731e-05, 9.811391646508127e-05, 0.00010438351455377415, 5.2902381867170334e-05, 0.00010890963312704116, 9.339164535049349e-05, 7.466270471923053e-05, 8.68559000082314e-05, 6.820751877967268e-05, 3.835313327726908e-05, 8.038491068873554e-05, 9.942998440237716e-05, 6.383786967489868e-05, 0.00013286914327181876, 8.471973706036806e-05, 8.49604039103724e-05, 5.9468595281941816e-05, 6.776272493880242e-05, 0.00010915852908510715, 3.5608987673185766e-05, 6.083365951781161e-05, 9.327220323029906e-05, 7.659242692170665e-05, 0.0001018909752019681, 5.6331926316488534e-05, 5.194446930545382e-05, 8.258903835667297e-05, 6.860499706817791e-05, 8.507839811500162e-05, 0.00010253562504658476, 4.7884666855679825e-05, 9.700744703877717e-05, 7.425207877531648e-05, 6.581166962860152e-05, 0.00011200419248780236, 9.947334183380008e-05, 4.1592185880290344e-05, 4.9027177738025784e-05], ""center_norms"": [11.179422378540039, 12.10728931427002, 11.891522407531738, 11.99538803100586, 11.93959903717041, 11.523320198059082, 11.333817481994629, 10.724459648132324, 12.654020309448242, 11.707600593566895, 11.966721534729004, 11.324967384338379, 11.859350204467773, 11.531981468200684, 12.448238372802734, 11.618598937988281, 11.485678672790527, 11.555191993713379, 12.460638999938965, 10.79707145690918, 12.043416976928711, 12.502530097961426, 11.758136749267578, 12.65846061706543, 13.247720718383789, 12.927083969116211, 10.258363723754883, 11.723692893981934, 12.693047523498535, 12.573585510253906, 11.956058502197266, 12.24789047241211, 11.510294914245605, 12.486943244934082, 11.441971778869629, 9.931199073791504, 10.945029258728027, 12.500771522521973, 11.022682189941406, 11.862649917602539, 11.932977676391602, 12.172880172729492, 10.536459922790527, 11.32135009765625, 12.172553062438965, 12.663311958312988, 12.160289764404297, 11.998106956481934, 13.382416725158691, 11.00080680847168, 12.496055603027344, 12.298722267150879, 12.197246551513672, 12.15235710144043, 12.173861503601074, 11.544319152832031, 11.426054000854492, 12.594205856323242, 13.28359603881836, 12.524507522583008], ""complete_collapse"": false, ""counts"": [18, 18, 20, 16, 17, 20, 13, 19, 22, 28, 33, 16, 22, 37, 21, 26, 4, 26, 4, 20, 17, 29, 26, 26, 25, 20, 16, 38, 18, 17, 24, 20, 20, 29, 6, 18, 20, 13, 23, 11, 13, 18, 9, 21, 23, 23, 7, 18, 17, 42, 19, 23, 17, 28, 24, 10, 7, 31, 13, 21], ""cumulative_hard_use"": [54, 54, 60, 48, 53, 59, 39, 57, 64, 87, 99, 46, 66, 112, 63, 80, 11, 79, 12, 60, 51, 80, 79, 76, 75, 60, 47, 113, 55, 51, 74, 61, 62, 87, 19, 54, 59, 37, 69, 34, 41, 54, 29, 64, 69, 63, 21, 55, 47, 126, 57, 74, 51, 86, 71, 30, 23, 91, 39, 63], ""dead_center_duration"": [0, 0, 0, 0, 0, 0, 0, 0, 0, 0, 0, 0, 0, 0, 0, 0, 0, 0, 0, 0, 0, 0, 0, 0, 0, 0, 0, 0, 0, 0, 0, 0, 0, 0, 0, 0, 0, 0, 0, 0, 0, 0, 0, 0, 0, 0, 0, 0, 0, 0, 0, 0, 0, 0, 0, 0, 0, 0, 0, 0], ""effective_cluster_count"": 55.44170947681751, ""hard_entropy"": 4.015332189125198, ""maximum_cluster_fraction"": 0.035, ""mean_nearest_squared_distance"": 134.8455047607422, ""minimum_center_separation"": 7.416555404663086, ""minimum_cluster_size"": 4, ""minimum_positive_size"": 4, ""near_collapse"": false, ""normalized_hard_entropy"": 0.9807020704056182, ""occupied_clusters"": 60, ""rbf_marginal_entropy"": 4.016820907592773, ""rbf_mean_row_entropy"": 0.0600762702524662, ""s0_marginal_entropy"": 4.094286918640137, ""s0_mean_row_entropy"": 4.0785369873046875, ""utilization"": 1.0}"
71,ShapesAll,LoSTer-AlignedInit,1,COMPLETE,a247dffdea50e236b171392b8c9336ecd4cc5727,4103d6c444cffc8bffd4ba3afdfc212abc71519312895b38b2468166611970d1,2026-10-06T00:01:41.073888+00:00,2026-10-06T00:02:01.193404+00:00,20.09547620000012,cuda,NVIDIA GeForce GTX 1080,4,assignment-change,2.74625,G:\Articoli\Articoli da Completare\LoSTer 2026\pilot\artifacts\ShapesAll\LoSTer-AlignedInit\seed-1\complete.pt,00f77bbe31055c14ffe50102047f723bf35bfb9589a3cbf3a2836fc331ea9b2d,G:\Articoli\Articoli da Completare\LoSTer 2026\pilot\runs\ShapesAll\LoSTer-AlignedInit\seed-1\predictions.npy,G:\Articoli\Articoli da Completare\LoSTer 2026\pilot\artifacts\ShapesAll\LoSTer-AlignedInit\seed-1\manifest.json,"{""TEST"": ""1a0de98184a51d4827acec26b664c2212ef0893c840ffd05495d372dffa2bfc7"", ""TRAIN"": ""c55ab9de74bc5cc1068ea45999a76f551b3d58f64caf66dcc3151882142d337e""}",0.37110792724291936,0.7177344654120025,0.9752376980817348,0.525,175644160,"{""cluster_contrast"": 9.556530316670736, ""entropy"": -8.188102828131782, ""instance"": 11.228421105278862, ""kmeans"": 0.37084048324161106, ""reconstruction"": 0.02372730461259683, ""total"": 12.991416295369467}","{""assignment_change_fraction"": 0.0008333333333333334, ""center_displacements"": [3.113899310847046e-06, 2.784577736747451e-05, 8.868357326718979e-06, 2.9442549021041486e-06, 3.967844168073498e-05, 2.103120095853228e-05, 3.0240591513575055e-05, 8.540268368051329e-07, 9.632509318180382e-06, 2.011071728702518e-06, 3.637902409536764e-05, 0.000100504927104339, 5.1485683798091486e-05, 3.117066080449149e-05, 1.0020206900662743e-05, 4.630002149497159e-05, 3.7964447983540595e-05, 1.0763994396256749e-05, 4.4787689148506615e-06, 1.7448863218305632e-05, 4.897916369372979e-05, 2.5345764242956648e-06, 9.369896361022256e-06, 2.7692145522451028e-05, 4.328248451201944e-06, 9.789504474611022e-06, 5.751929620601004e-06, 2.3586146198795177e-05, 1.0852308150788303e-05, 3.6942750739399344e-05, 2.261732561237295e-06, 7.085652669047704e-06, 1.4099384316068608e-05, 2.786868208204396e-06, 2.3948271064000437e-06, 1.1727684068318922e-05, 2.987160996781313e-06, 2.332315307285171e-05, 2.856363425962627e-05, 3.6119895412412006e-06, 2.5981464204960503e-05, 5.811036771774525e-06, 6.519211183331208e-06, 1.9144795260217506e-06, 1.750566480041016e-05, 3.0185758078005165e-05, 1.0033921171270777e-05, 8.86096040630946e-06, 3.6306298625277122e-06, 5.541968494071625e-05, 1.9020372974409838e-06, 8.346324648300651e-06, 6.386535096680745e-05, 2.8619558634090936e-06, 2.209788590334938e-06, 1.3197959560784511e-05, 4.586494469549507e-05, 9.338951713289134e-06, 3.20203048431722e-06, 9.213264092977624e-06], ""center_norms"": [10.863388061523438, 15.190872192382812, 15.54218864440918, 13.367311477661133, 15.238571166992188, 15.526656150817871, 12.965629577636719, 15.263786315917969, 14.926024436950684, 15.365951538085938, 15.21811294555664, 14.937542915344238, 12.945112228393555, 14.932818412780762, 14.484797477722168, 15.123213768005371, 14.674260139465332, 14.467337608337402, 14.682767868041992, 13.748026847839355, 12.712822914123535, 14.944457054138184, 15.13371753692627, 14.687393188476562, 12.890339851379395, 13.669902801513672, 13.696619987487793, 12.95284366607666, 14.636688232421875, 14.276166915893555, 13.72653579711914, 13.619641304016113, 12.716278076171875, 13.855891227722168, 14.129410743713379, 11.100305557250977, 14.900723457336426, 15.192676544189453, 12.480035781860352, 10.958178520202637, 13.70892333984375, 14.763033866882324, 14.405531883239746, 15.156819343566895, 14.528388023376465, 12.92227554321289, 13.179061889648438, 13.474964141845703, 12.151561737060547, 12.742462158203125, 12.843035697937012, 12.986231803894043, 12.740790367126465, 13.254290580749512, 12.794716835021973, 14.986967086791992, 13.672904968261719, 13.51549243927002, 13.874772071838379, 15.635309219360352], ""complete_collapse"": false, ""counts"": [16, 63, 19, 19, 80, 19, 12, 4, 24, 10, 70, 33, 29, 20, 34, 41, 32, 25, 14, 22, 14, 16, 23, 20, 22, 21, 18, 11, 27, 19, 13, 14, 22, 15, 12, 11, 20, 24, 9, 12, 11, 13, 27, 5, 28, 12, 4, 13, 6, 20, 8, 10, 10, 6, 9, 28, 20, 5, 16, 20], ""cumulative_hard_use"": [64, 249, 76, 76, 319, 76, 48, 16, 96, 40, 280, 132, 116, 80, 136, 164, 128, 100, 56, 88, 56, 64, 92, 80, 88, 84, 72, 44, 108, 76, 52, 56, 88, 60, 48, 44, 80, 96, 36, 48, 44, 52, 108, 20, 116, 48, 16, 52, 24, 80, 32, 40, 40, 24, 36, 112, 80, 20, 64, 80], ""dead_center_duration"": [0, 0, 0, 0, 0, 0, 0, 0, 0, 0, 0, 0, 0, 0, 0, 0, 0, 0, 0, 0, 0, 0, 0, 0, 0, 0, 0, 0, 0, 0, 0, 0, 0, 0, 0, 0, 0, 0, 0, 0, 0, 0, 0, 0, 0, 0, 0, 0, 0, 0, 0, 0, 0, 0, 0, 0, 0, 0, 0, 0], ""effective_cluster_count"": 49.12094614982812, ""hard_entropy"": 3.8942855456612784, ""maximum_cluster_fraction"": 0.06666666666666667, ""mean_nearest_squared_distance"": 54.540645599365234, ""minimum_center_separation"": 4.889247894287109, ""minimum_cluster_size"": 4, ""minimum_positive_size"": 4, ""near_collapse"": false, ""normalized_hard_entropy"": 0.9511377184991374, ""occupied_clusters"": 60, ""rbf_marginal_entropy"": 3.894672155380249, ""rbf_mean_row_entropy"": 0.012100896798074245, ""s0_marginal_entropy"": 4.094151496887207, ""s0_mean_row_entropy"": 4.0785369873046875, ""utilization"": 1.0}","{""assignment_change_fraction"": 0.03333333333333333, ""center_displacements"": [0.00015103514306247234, 7.480459316866472e-05, 7.793742406647652e-05, 0.00011688602535286918, 0.00010132418537978083, 0.000170665662153624, 7.410803664242849e-05, 5.351773143047467e-05, 9.945525380317122e-05, 0.0001274868263863027, 0.00010326749907108024, 0.0001428476971341297, 0.00010322578600607812, 0.00010872200800804421, 8.306571544380859e-05, 9.103452612180263e-05, 0.00019847380463033915, 0.00012934535334352404, 8.36073886603117e-05, 9.014497481985018e-05, 8.461385004920885e-05, 0.000113427966425661, 8.031656761886552e-05, 8.704651554580778e-05, 0.0001086549018509686, 7.982269016792998e-05, 0.00012399826664477587, 9.571757254889235e-05, 8.986598550109193e-05, 0.00010106949048349634, 0.00010814737470354885, 0.00013200371176935732, 0.00016070091805886477, 9.71543267951347e-05, 6.9239511503838e-05, 0.00011526525486260653, 9.10738599486649e-05, 4.541352245723829e-05, 8.587739284848794e-05, 0.00014225051563698798, 0.00012123249325668439, 9.460761066293344e-05, 0.0001309601793764159, 8.054572390392423e-05, 0.00012291359598748386, 7.982912211446092e-05, 0.0002107833861373365, 0.00016374062397517264, 0.00016055277956184, 7.558710785815492e-05, 8.184423495549709e-05, 8.172409434337169e-05, 6.0294452850939706e-05, 0.00013096559268888086, 9.994953143177554e-05, 0.00011655218986561522, 0.00016695246449671686, 0.00011376764450687915, 9.147033415501937e-05, 0.00017747178208082914], ""center_norms"": [10.612885475158691, 12.833712577819824, 12.312702178955078, 11.820030212402344, 13.197227478027344, 11.324084281921387, 11.206940650939941, 11.243000984191895, 11.897136688232422, 12.394475936889648, 13.370924949645996, 11.995553970336914, 12.196951866149902, 12.325928688049316, 12.654011726379395, 12.779667854309082, 12.222430229187012, 11.287284851074219, 11.825478553771973, 12.277341842651367, 12.022117614746094, 11.64928913116455, 12.365898132324219, 11.981834411621094, 12.460005760192871, 10.953324317932129, 11.627216339111328, 11.721790313720703, 12.474802017211914, 12.784032821655273, 11.374175071716309, 11.917207717895508, 12.198537826538086, 11.897984504699707, 12.377467155456543, 9.542953491210938, 11.343765258789062, 13.543107032775879, 11.799688339233398, 10.662688255310059, 11.538156509399414, 12.73914909362793, 12.07656478881836, 12.181007385253906, 12.03079605102539, 12.316059112548828, 11.105862617492676, 12.368063926696777, 12.763752937316895, 11.751648902893066, 10.664837837219238, 11.008780479431152, 11.674100875854492, 11.581011772155762, 12.083658218383789, 12.254098892211914, 13.290842056274414, 12.365241050720215, 11.329636573791504, 11.292717933654785], ""complete_collapse"": false, ""counts"": [12, 14, 29, 14, 34, 17, 10, 22, 26, 21, 25, 30, 12, 19, 13, 16, 33, 19, 26, 22, 9, 46, 24, 16, 18, 12, 22, 6, 39, 18, 17, 11, 32, 20, 15, 23, 15, 16, 11, 17, 20, 22, 28, 25, 27, 13, 18, 12, 26, 28, 11, 27, 14, 25, 19, 16, 19, 18, 13, 18], ""cumulative_hard_use"": [46, 62, 117, 56, 141, 71, 38, 78, 102, 88, 96, 122, 45, 74, 57, 64, 121, 84, 104, 83, 30, 184, 96, 66, 68, 45, 90, 27, 160, 75, 73, 54, 121, 80, 62, 93, 60, 64, 41, 73, 83, 90, 111, 105, 96, 52, 72, 46, 95, 109, 43, 111, 64, 104, 74, 64, 72, 71, 54, 73], ""dead_center_duration"": [0, 0, 0, 0, 0, 0, 0, 0, 0, 0, 0, 0, 0, 0, 0, 0, 0, 0, 0, 0, 0, 0, 0, 0, 0, 0, 0, 0, 0, 0, 0, 0, 0, 0, 0, 0, 0, 0, 0, 0, 0, 0, 0, 0, 0, 0, 0, 0, 0, 0, 0, 0, 0, 0, 0, 0, 0, 0, 0, 0], ""effective_cluster_count"": 55.934116584609754, ""hard_entropy"": 4.024174508567483, ""maximum_cluster_fraction"": 0.03833333333333333, ""mean_nearest_squared_distance"": 135.07398986816406, ""minimum_center_separation"": 8.735547065734863, ""minimum_cluster_size"": 6, ""minimum_positive_size"": 6, ""near_collapse"": false, ""normalized_hard_entropy"": 0.9828617126408787, ""occupied_clusters"": 60, ""rbf_marginal_entropy"": 4.024274826049805, ""rbf_mean_row_entropy"": 0.062272556126117706, ""s0_marginal_entropy"": 4.0942888259887695, ""s0_mean_row_entropy"": 4.0785369873046875, ""utilization"": 1.0}"
72,ShapesAll,LoSTer-AlignedInit,2,COMPLETE,a247dffdea50e236b171392b8c9336ecd4cc5727,2023de8b48fa35547797a24f8915e5ed85745f7dba2382693098500ec5ab0933,2026-10-06T00:02:03.084292+00:00,2026-10-06T00:02:33.197089+00:00,30.085519499999464,cuda,NVIDIA GeForce GTX 1080,8,assignment-change,0.49022278906250016,G:\Articoli\Articoli da Completare\LoSTer 2026\pilot\artifacts\ShapesAll\LoSTer-AlignedInit\seed-2\complete.pt,f798cbdc8b1bcf1f8be1a93163c63f361e7e7f665b3eba8ba8c15b1bb03831ea,G:\Articoli\Articoli da Completare\LoSTer 2026\pilot\runs\ShapesAll\LoSTer-AlignedInit\seed-2\predictions.npy,G:\Articoli\Articoli da Completare\LoSTer 2026\pilot\artifacts\ShapesAll\LoSTer-AlignedInit\seed-2\manifest.json,"{""TEST"": ""1a0de98184a51d4827acec26b664c2212ef0893c840ffd05495d372dffa2bfc7"", ""TRAIN"": ""c55ab9de74bc5cc1068ea45999a76f551b3d58f64caf66dcc3151882142d337e""}",0.3572953598746316,0.7106219125779935,0.9747734222963581,0.49833333333333335,175644160,"{""cluster_contrast"": 9.556018511454264, ""entropy"": -8.188103993733725, ""instance"": 11.208777003818089, ""kmeans"": 0.36895206901762223, ""reconstruction"": 0.024396608687109418, ""total"": 12.970040109422472}","{""assignment_change_fraction"": 0.0, ""center_displacements"": [1.3344263152248459e-06, 4.1116916804639914e-07, 6.732854558322288e-07, 4.228515535942279e-06, 8.46730642933835e-07, 7.387666300928686e-07, 2.763493682778062e-07, 1.1311905154798296e-06, 5.652821073454106e-07, 5.897283585909463e-07, 2.0997483716200804e-06, 6.727376558046672e-07, 8.90773776518472e-07, 6.167200012896501e-07, 4.0235045162262395e-07, 7.813289926161815e-07, 1.3163898984203115e-06, 6.509618515337934e-07, 3.037197018329607e-07, 4.5299771045392845e-06, 7.240177637868328e-06, 3.158645540679572e-06, 7.409746558550978e-07, 4.1155712438012415e-07, 4.565179096971406e-06, 6.267129606385424e-07, 4.165503924014047e-07, 3.454715624684468e-06, 4.717146566690644e-07, 8.10571748388611e-07, 7.623079909535591e-07, 7.109575221875275e-07, 5.013243367102405e-07, 1.2127421769037028e-06, 3.9792416828277055e-06, 3.212921910744626e-07, 7.218561108857102e-07, 6.09635435466771e-07, 1.3809864185532206e-06, 3.7916524320280587e-07, 6.035116939528962e-07, 8.910669180295372e-07, 4.977265462002833e-07, 3.532827122398885e-06, 5.81701726787287e-07, 7.964829819684383e-06, 7.00128680364287e-07, 3.213373247490381e-07, 2.5876692788529e-08, 8.281966046297384e-08, 6.113818926678505e-07, 6.94080938501429e-07, 6.207228011589905e-07, 4.25572835638377e-07, 4.925107646158722e-07, 4.1833388308987196e-07, 8.57586258007359e-07, 7.932550829536922e-07, 2.1105297776102816e-07, 8.60734473917546e-07], ""center_norms"": [15.301182746887207, 14.216625213623047, 13.43526840209961, 15.306142807006836, 14.425909042358398, 14.671539306640625, 13.218761444091797, 14.677757263183594, 12.791754722595215, 14.434087753295898, 14.25844669342041, 12.020345687866211, 14.184277534484863, 13.189523696899414, 14.073904991149902, 14.109254837036133, 14.518946647644043, 15.016500473022461, 14.812287330627441, 13.041619300842285, 14.61617660522461, 13.451152801513672, 13.956615447998047, 11.287724494934082, 12.960805892944336, 12.780585289001465, 12.02380084991455, 14.489585876464844, 13.382803916931152, 12.53970718383789, 12.43729305267334, 13.616311073303223, 13.122272491455078, 15.06064510345459, 15.32446575164795, 13.403923034667969, 15.626853942871094, 13.022122383117676, 12.819855690002441, 13.175596237182617, 13.352858543395996, 14.966568946838379, 13.130548477172852, 15.192870140075684, 13.848958969116211, 14.61566162109375, 14.013972282409668, 15.064155578613281, 15.786272048950195, 15.686525344848633, 14.48159122467041, 14.632115364074707, 15.006148338317871, 14.220727920532227, 12.399810791015625, 12.673583984375, 15.206731796264648, 12.627161026000977, 15.637246131896973, 12.603025436401367], ""complete_collapse"": false, ""counts"": [38, 12, 22, 66, 33, 23, 5, 34, 20, 19, 41, 12, 28, 19, 13, 17, 30, 24, 7, 12, 26, 6, 18, 7, 18, 17, 8, 25, 12, 25, 17, 19, 12, 28, 82, 5, 20, 10, 14, 7, 17, 24, 7, 55, 11, 35, 20, 13, 3, 5, 21, 20, 20, 12, 9, 6, 18, 18, 15, 20], ""cumulative_hard_use"": [306, 96, 171, 543, 264, 183, 38, 272, 161, 152, 321, 96, 224, 152, 104, 137, 246, 192, 56, 98, 220, 44, 144, 56, 142, 136, 64, 204, 96, 200, 136, 152, 96, 224, 652, 40, 160, 81, 112, 56, 136, 192, 56, 429, 88, 274, 160, 104, 24, 40, 168, 155, 160, 96, 72, 48, 147, 144, 120, 160], ""dead_center_duration"": [0, 0, 0, 0, 0, 0, 0, 0, 0, 0, 0, 0, 0, 0, 0, 0, 0, 0, 0, 0, 0, 0, 0, 0, 0, 0, 0, 0, 0, 0, 0, 0, 0, 0, 0, 0, 0, 0, 0, 0, 0, 0, 0, 0, 0, 0, 0, 0, 0, 0, 0, 0, 0, 0, 0, 0, 0, 0, 0, 0], ""effective_cluster_count"": 48.92027402689834, ""hard_entropy"": 3.8901919123343203, ""maximum_cluster_fraction"": 0.06833333333333333, ""mean_nearest_squared_distance"": 55.11902618408203, ""minimum_center_separation"": 4.791175842285156, ""minimum_cluster_size"": 3, ""minimum_positive_size"": 3, ""near_collapse"": false, ""normalized_hard_entropy"": 0.9501378922107666, ""occupied_clusters"": 60, ""rbf_marginal_entropy"": 3.888734817504883, ""rbf_mean_row_entropy"": 0.01471124030649662, ""s0_marginal_entropy"": 4.094154357910156, ""s0_mean_row_entropy"": 4.0785369873046875, ""utilization"": 1.0}","{""assignment_change_fraction"": 0.0075, ""center_displacements"": [2.115228198817931e-05, 1.8591919797472656e-05, 2.0516739823506214e-05, 1.3353298982110573e-06, 4.799682938028127e-05, 6.457515701185912e-05, 3.434250538703054e-05, 3.90849745599553e-05, 5.912607230129652e-05, 3.0725597753189504e-05, 4.58588037872687e-05, 2.8782556910300627e-05, 3.2908099001360824e-06, 9.290162779507227e-06, 3.22132145811338e-05, 6.948962436581496e-06, 2.0223469618940726e-05, 3.496991666906979e-06, 2.6352732675150037e-05, 1.3592907635029405e-05, 1.5107783610801562e-06, 1.3263620530779008e-05, 8.748498657951131e-06, 4.838879613089375e-05, 4.477538459468633e-05, 1.7849370124167763e-05, 7.147154519770993e-06, 1.953006358235143e-05, 5.004366357752588e-06, 1.2494195289036725e-05, 1.0242131793347653e-05, 1.4066326912143268e-06, 3.0403271011891775e-05, 2.8851854949607514e-05, 6.018579369992949e-05, 4.0600447391625494e-05, 3.1866954941506265e-06, 3.3783500839490443e-05, 3.4717938888206845e-06, 3.508481313474476e-05, 4.3478969018906355e-05, 3.665093026938848e-05, 4.027437898912467e-05, 5.575289378612069e-06, 1.3158185538486578e-05, 2.134291935362853e-05, 1.9693774447659962e-05, 2.5508477847324684e-05, 2.8724116418743506e-05, 3.301705146441236e-05, 2.384515573794488e-05, 4.6239307266660035e-05, 5.817175406264141e-06, 2.913786011049524e-05, 5.0278016715310514e-05, 3.650015787570737e-05, 7.694509804423433e-06, 6.065550769562833e-05, 6.408405624824809e-06, 2.056672883554711e-06], ""center_norms"": [12.394742012023926, 11.679253578186035, 11.526754379272461, 12.980324745178223, 10.995667457580566, 11.814596176147461, 12.57742977142334, 11.885519027709961, 12.023279190063477, 11.825309753417969, 12.098052024841309, 11.470416069030762, 11.610580444335938, 10.77745532989502, 11.885181427001953, 12.039973258972168, 11.956070899963379, 11.658208847045898, 11.635106086730957, 13.151320457458496, 13.045613288879395, 11.818273544311523, 11.803112030029297, 11.503589630126953, 10.990388870239258, 12.082653999328613, 11.685891151428223, 11.73119831085205, 12.145503997802734, 11.510570526123047, 12.610638618469238, 12.169456481933594, 11.95970630645752, 13.109230041503906, 12.504785537719727, 11.409379959106445, 11.930659294128418, 12.7035551071167, 11.051667213439941, 12.456304550170898, 12.057503700256348, 10.665383338928223, 11.083486557006836, 12.602663040161133, 11.862286567687988, 11.504138946533203, 12.596663475036621, 12.821002006530762, 12.167869567871094, 12.192559242248535, 11.79443359375, 12.501911163330078, 12.386148452758789, 11.193638801574707, 9.656407356262207, 11.688169479370117, 11.385823249816895, 11.859448432922363, 12.885491371154785, 12.133186340332031], ""complete_collapse"": false, ""counts"": [18, 40, 26, 16, 15, 11, 19, 41, 33, 31, 44, 14, 21, 10, 21, 14, 34, 18, 21, 17, 20, 22, 13, 6, 18, 15, 20, 16, 20, 20, 17, 12, 19, 19, 32, 15, 37, 13, 10, 22, 37, 8, 11, 32, 15, 14, 16, 32, 13, 8, 19, 16, 21, 23, 13, 17, 19, 19, 17, 20], ""cumulative_hard_use"": [149, 316, 206, 128, 130, 87, 143, 334, 248, 244, 323, 108, 163, 77, 166, 114, 276, 135, 169, 136, 165, 163, 104, 46, 141, 119, 164, 126, 161, 170, 128, 95, 150, 147, 253, 124, 296, 106, 78, 162, 277, 69, 101, 256, 137, 109, 133, 256, 125, 78, 156, 144, 176, 188, 116, 136, 154, 139, 140, 160], ""dead_center_duration"": [0, 0, 0, 0, 0, 0, 0, 0, 0, 0, 0, 0, 0, 0, 0, 0, 0, 0, 0, 0, 0, 0, 0, 0, 0, 0, 0, 0, 0, 0, 0, 0, 0, 0, 0, 0, 0, 0, 0, 0, 0, 0, 0, 0, 0, 0, 0, 0, 0, 0, 0, 0, 0, 0, 0, 0, 0, 0, 0, 0], ""effective_cluster_count"": 55.09084208520813, ""hard_entropy"": 4.008983496995104, ""maximum_cluster_fraction"": 0.03666666666666667, ""mean_nearest_squared_distance"": 133.16104125976562, ""minimum_center_separation"": 8.156831741333008, ""minimum_cluster_size"": 6, ""minimum_positive_size"": 6, ""near_collapse"": false, ""normalized_hard_entropy"": 0.9791514700510041, ""occupied_clusters"": 60, ""rbf_marginal_entropy"": 4.012166976928711, ""rbf_mean_row_entropy"": 0.06120249629020691, ""s0_marginal_entropy"": 4.094274520874023, ""s0_mean_row_entropy"": 4.0785369873046875, ""utilization"": 1.0}"
73,ShapesAll,LoSTer-AlignedInit,3,COMPLETE,a247dffdea50e236b171392b8c9336ecd4cc5727,0741f4a5b40e7715884db6dee4bf5c1dd634fbfaa4f99d21b8e150a96ff41291,2026-10-06T00:02:35.107272+00:00,2026-10-06T00:02:55.203515+00:00,20.068734000000404,cuda,NVIDIA GeForce GTX 1080,6,assignment-change,1.1602906250000002,G:\Articoli\Articoli da Completare\LoSTer 2026\pilot\artifacts\ShapesAll\LoSTer-AlignedInit\seed-3\complete.pt,3895b5aa3e1a5790669c89ec0ad524253069968016b0c060b4af9d5476fa4250,G:\Articoli\Articoli da Completare\LoSTer 2026\pilot\runs\ShapesAll\LoSTer-AlignedInit\seed-3\predictions.npy,G:\Articoli\Articoli da Completare\LoSTer 2026\pilot\artifacts\ShapesAll\LoSTer-AlignedInit\seed-3\manifest.json,"{""TEST"": ""1a0de98184a51d4827acec26b664c2212ef0893c840ffd05495d372dffa2bfc7"", ""TRAIN"": ""c55ab9de74bc5cc1068ea45999a76f551b3d58f64caf66dcc3151882142d337e""}",0.37491793036251136,0.7196983758518988,0.9752724492632749,0.52,175644160,"{""cluster_contrast"": 9.557090547349718, ""entropy"": -8.18814786275228, ""instance"": 11.205414136250814, ""kmeans"": 0.37266133228937787, ""reconstruction"": 0.02441194736295276, ""total"": 12.971430142720541}","{""assignment_change_fraction"": 0.0, ""center_displacements"": [2.0135759370987216e-07, 6.840956757514505e-06, 9.268747476198769e-07, 6.775587735319277e-06, 5.062474883743562e-07, 1.3284210581332445e-05, 7.041405751806451e-06, 3.262568100126373e-07, 1.3557486454374157e-05, 2.035931629507104e-06, 6.6620518737181555e-06, 8.59472550018836e-07, 5.181908591112006e-07, 1.3055906720182975e-06, 5.5247137424885295e-06, 6.434947295019811e-07, 1.738848823151784e-06, 1.2475150015234249e-06, 1.1630567087195232e-06, 4.5427128725350485e-07, 1.0395915523986332e-05, 5.490996386470215e-07, 4.853465270571178e-06, 1.4832411579845939e-05, 4.376597928512638e-07, 6.736655109307321e-07, 7.233841643028427e-06, 2.1411619854916353e-06, 2.9259550160531944e-07, 6.088102395551687e-07, 4.772905413119588e-06, 1.2746656921081012e-06, 1.0378788829257246e-05, 2.9629854907398112e-06, 5.446675913844956e-06, 7.6842843554914e-06, 5.28861676230008e-07, 6.635060856297059e-08, 6.229315658856649e-07, 7.619002190040192e-06, 9.426825045011356e-07, 1.4837626622465905e-05, 1.0378320439485833e-05, 5.221737410465721e-06, 5.118486683386436e-07, 4.916726084047696e-07, 4.2417667600602726e-07, 1.1813900755441864e-06, 9.907718094837037e-07, 8.004434448594111e-07, 1.0467289939697366e-05, 2.1327286958694458e-07, 5.244556291472691e-07, 6.827355036875815e-07, 2.664320390977082e-06, 2.4495363959431415e-06, 7.622714747412829e-06, 2.6374893877800787e-06, 3.895872566772596e-07, 4.619453761733894e-07], ""center_norms"": [14.197742462158203, 14.893843650817871, 13.455772399902344, 15.248361587524414, 14.56258773803711, 14.998236656188965, 15.319701194763184, 15.357518196105957, 13.68718147277832, 12.921380043029785, 14.67221736907959, 12.854059219360352, 12.866787910461426, 15.648895263671875, 14.63894271850586, 13.685282707214355, 14.96020221710205, 14.453686714172363, 14.499051094055176, 13.818510055541992, 13.596735000610352, 13.692793846130371, 14.724567413330078, 14.220627784729004, 13.982705116271973, 12.79851245880127, 13.297317504882812, 14.140317916870117, 15.476892471313477, 11.057777404785156, 13.634496688842773, 13.688400268554688, 14.278553009033203, 12.91436767578125, 15.414875030517578, 12.838943481445312, 13.3545560836792, 15.312522888183594, 14.572700500488281, 13.541507720947266, 13.957171440124512, 12.168025016784668, 11.518043518066406, 14.406217575073242, 13.137248039245605, 12.679791450500488, 12.38634967803955, 15.225921630859375, 14.443536758422852, 15.444748878479004, 13.029935836791992, 14.11982250213623, 12.911742210388184, 12.814092636108398, 13.675490379333496, 14.982988357543945, 12.566248893737793, 15.153507232666016, 13.948555946350098, 12.202872276306152], ""complete_collapse"": false, ""counts"": [3, 19, 23, 36, 25, 23, 29, 10, 40, 9, 32, 16, 13, 23, 52, 17, 34, 19, 30, 14, 19, 14, 24, 12, 16, 15, 15, 20, 16, 9, 16, 22, 23, 14, 98, 11, 15, 4, 20, 27, 23, 18, 15, 11, 14, 8, 8, 21, 20, 21, 7, 3, 8, 25, 12, 41, 10, 45, 4, 9], ""cumulative_hard_use"": [18, 113, 138, 217, 150, 140, 178, 60, 243, 54, 192, 96, 78, 138, 316, 99, 206, 114, 180, 87, 111, 84, 140, 72, 96, 87, 90, 120, 96, 54, 92, 130, 141, 81, 593, 66, 90, 24, 120, 162, 140, 108, 92, 70, 84, 46, 48, 126, 123, 126, 38, 18, 48, 150, 68, 246, 60, 265, 24, 54], ""dead_center_duration"": [0, 0, 0, 0, 0, 0, 0, 0, 0, 0, 0, 0, 0, 0, 0, 0, 0, 0, 0, 0, 0, 0, 0, 0, 0, 0, 0, 0, 0, 0, 0, 0, 0, 0, 0, 0, 0, 0, 0, 0, 0, 0, 0, 0, 0, 0, 0, 0, 0, 0, 0, 0, 0, 0, 0, 0, 0, 0, 0, 0], ""effective_cluster_count"": 49.08356711308965, ""hard_entropy"": 3.893524296767483, ""maximum_cluster_fraction"": 0.08166666666666667, ""mean_nearest_squared_distance"": 55.565093994140625, ""minimum_center_separation"": 5.562414169311523, ""minimum_cluster_size"": 3, ""minimum_positive_size"": 3, ""near_collapse"": false, ""normalized_hard_entropy"": 0.9509517915742716, ""occupied_clusters"": 60, ""rbf_marginal_entropy"": 3.8927412033081055, ""rbf_mean_row_entropy"": 0.010113144293427467, ""s0_marginal_entropy"": 4.094147682189941, ""s0_mean_row_entropy"": 4.0785369873046875, ""utilization"": 1.0}","{""assignment_change_fraction"": 0.005833333333333334, ""center_displacements"": [6.174421741889091e-06, 7.427518994518323e-06, 1.0766776540549472e-05, 2.3030434022075497e-05, 1.3162707546143793e-05, 1.9977511328761466e-05, 1.8107968571712263e-05, 6.059430234017782e-06, 2.8841508537880145e-05, 9.166767995338887e-06, 1.3735932952840813e-05, 1.130197779275477e-05, 1.879082446976099e-05, 2.153785499103833e-05, 2.514410334697459e-05, 1.666001662670169e-05, 3.6645524232881144e-05, 9.20936781767523e-06, 3.631326308095595e-06, 1.314541805186309e-05, 3.240770456613973e-05, 2.385649895586539e-05, 1.5992183762136847e-05, 1.2675959624175448e-05, 1.53981691255467e-05, 3.4851669624913484e-05, 4.0814052226778585e-06, 4.2699233745224774e-05, 1.506121134298155e-05, 7.70243877923349e-06, 1.1233069017180242e-06, 1.972271093109157e-05, 2.312774449819699e-05, 2.6236821213387884e-05, 2.0262978068785742e-05, 2.917202073149383e-05, 3.0805942515144125e-05, 1.556668030389119e-05, 5.631467956845881e-06, 1.468818027205998e-05, 1.7147183825727552e-05, 1.6876992958714254e-05, 1.1988098776782863e-05, 1.0301541806256864e-05, 9.416156899533235e-06, 4.423431164468639e-06, 1.0307311640644912e-05, 1.357476594421314e-05, 2.2128569980850443e-05, 3.705040944623761e-05, 1.3200771718402393e-05, 1.0036244930233806e-05, 8.12949838291388e-06, 2.12416907743318e-05, 6.400689471774967e-06, 2.0491173927439377e-05, 3.148823816445656e-05, 9.82636720436858e-06, 1.4351486242958345e-05, 3.874756657751277e-06], ""center_norms"": [12.397093772888184, 12.627545356750488, 11.408380508422852, 11.837027549743652, 11.782172203063965, 13.020858764648438, 12.7449369430542, 12.775257110595703, 12.36694049835205, 12.402949333190918, 12.548741340637207, 11.36575984954834, 12.515796661376953, 11.84196662902832, 10.965312957763672, 11.799571990966797, 11.949575424194336, 11.652450561523438, 11.86391830444336, 11.670124053955078, 10.87786865234375, 11.106595039367676, 11.054363250732422, 10.994144439697266, 12.582916259765625, 12.396590232849121, 12.891246795654297, 12.349889755249023, 12.04314136505127, 11.333651542663574, 11.838603973388672, 12.741813659667969, 11.099715232849121, 11.12781047821045, 12.161999702453613, 10.619149208068848, 11.875191688537598, 10.633692741394043, 10.18502426147461, 11.48924446105957, 12.149139404296875, 11.575359344482422, 12.753569602966309, 12.218339920043945, 12.660609245300293, 11.246023178100586, 12.117412567138672, 11.979982376098633, 12.243199348449707, 11.511102676391602, 11.298826217651367, 11.880488395690918, 12.086369514465332, 12.581677436828613, 12.485901832580566, 12.930864334106445, 11.938644409179688, 11.557124137878418, 12.9634428024292, 11.418763160705566], ""complete_collapse"": false, ""counts"": [2, 22, 18, 22, 21, 29, 25, 12, 16, 13, 17, 22, 21, 28, 12, 31, 39, 15, 23, 17, 19, 9, 21, 20, 22, 31, 19, 26, 25, 16, 8, 30, 17, 20, 28, 10, 13, 10, 13, 24, 23, 9, 34, 17, 22, 9, 24, 29, 19, 31, 23, 17, 25, 18, 27, 14, 18, 12, 23, 20], ""cumulative_hard_use"": [12, 127, 115, 143, 131, 162, 141, 69, 92, 75, 101, 136, 120, 158, 78, 188, 224, 96, 143, 101, 109, 48, 131, 117, 133, 172, 116, 164, 149, 95, 46, 178, 106, 119, 168, 55, 86, 60, 85, 140, 135, 57, 206, 99, 131, 49, 139, 174, 118, 183, 144, 116, 150, 110, 169, 86, 114, 72, 140, 119], ""dead_center_duration"": [0, 0, 0, 0, 0, 0, 0, 0, 0, 0, 0, 0, 0, 0, 0, 0, 0, 0, 0, 0, 0, 0, 0, 0, 0, 0, 0, 0, 0, 0, 0, 0, 0, 0, 0, 0, 0, 0, 0, 0, 0, 0, 0, 0, 0, 0, 0, 0, 0, 0, 0, 0, 0, 0, 0, 0, 0, 0, 0, 0], ""effective_cluster_count"": 55.99941311456089, ""hard_entropy"": 4.025341210583106, ""maximum_cluster_fraction"": 0.0325, ""mean_nearest_squared_distance"": 134.7760772705078, ""minimum_center_separation"": 7.462860584259033, ""minimum_cluster_size"": 2, ""minimum_positive_size"": 2, ""near_collapse"": false, ""normalized_hard_entropy"": 0.9831466671672731, ""occupied_clusters"": 60, ""rbf_marginal_entropy"": 4.025259971618652, ""rbf_mean_row_entropy"": 0.06483171880245209, ""s0_marginal_entropy"": 4.094295501708984, ""s0_mean_row_entropy"": 4.0785369873046875, ""utilization"": 1.0}"
74,ShapesAll,LoSTer-AlignedInit,4,COMPLETE,a247dffdea50e236b171392b8c9336ecd4cc5727,66629a1010ca185e7a80d76fa9a62667f7471cddff2f5a1fa6cc564132b0956d,2026-10-06T00:02:57.106436+00:00,2026-10-06T00:03:17.235379+00:00,20.100937900000645,cuda,NVIDIA GeForce GTX 1080,6,assignment-change,1.1602906250000002,G:\Articoli\Articoli da Completare\LoSTer 2026\pilot\artifacts\ShapesAll\LoSTer-AlignedInit\seed-4\complete.pt,01f159ad2fe00570be88833ffd19a857ab116a2fd18cb2cd2c596baf6a4bfb70,G:\Articoli\Articoli da Completare\LoSTer 2026\pilot\runs\ShapesAll\LoSTer-AlignedInit\seed-4\predictions.npy,G:\Articoli\Articoli da Completare\LoSTer 2026\pilot\artifacts\ShapesAll\LoSTer-AlignedInit\seed-4\manifest.json,"{""TEST"": ""1a0de98184a51d4827acec26b664c2212ef0893c840ffd05495d372dffa2bfc7"", ""TRAIN"": ""c55ab9de74bc5cc1068ea45999a76f551b3d58f64caf66dcc3151882142d337e""}",0.40019792576696234,0.7233952342422301,0.9781317764804003,0.5333333333333333,175644160,"{""cluster_contrast"": 9.556570053100586, ""entropy"": -8.188195864359537, ""instance"": 11.201914575364855, ""kmeans"": 0.3710988759994507, ""reconstruction"": 0.023967730502287548, ""total"": 12.965355449252659}","{""assignment_change_fraction"": 0.0, ""center_displacements"": [3.935907443519682e-06, 1.746838393046346e-06, 8.468819942208938e-06, 6.86860346377216e-07, 4.376058768684743e-06, 1.0098555094373296e-06, 8.989994739749818e-07, 5.820224487251835e-06, 8.369178431166802e-06, 7.798959131832817e-07, 1.5337816421379102e-06, 1.111502683670551e-06, 1.989320253414917e-06, 1.2109450153729995e-06, 7.426400316035142e-06, 1.0381069159848266e-06, 4.045028845212073e-07, 5.701160716853337e-07, 7.257958145601151e-07, 5.751428489020327e-06, 5.538856271414261e-07, 4.3415907384769525e-06, 3.9829640741118055e-07, 4.7671071001786913e-07, 5.292739615470055e-07, 2.7882647373189684e-06, 6.620406907131837e-07, 2.436659997329116e-06, 2.846366214726004e-06, 5.805824230264989e-07, 2.4872497306205332e-06, 6.439312869588321e-07, 5.549359229917172e-06, 4.182706163646799e-07, 4.956091288477182e-07, 3.948730977754167e-07, 9.363257049699314e-07, 6.900380867591593e-06, 4.4951107724955364e-07, 1.6160751329152845e-05, 2.3036152470012894e-06, 9.05108777260466e-07, 1.0673536507965764e-06, 1.4460297279583756e-06, 3.518545668157458e-07, 4.902497607872647e-07, 7.406842996715568e-07, 6.315617042673694e-07, 5.801847464681487e-07, 1.9135377442580648e-06, 5.354435188564821e-07, 5.656642315443605e-06, 5.13442842020595e-07, 6.558247605426004e-06, 2.1006164843129227e-06, 2.0931267386004038e-07, 5.315319526744133e-07, 6.947048518668453e-07, 1.599167808308266e-05, 9.017651791509707e-06], ""center_norms"": [11.808609962463379, 14.954360008239746, 13.934642791748047, 13.428019523620605, 14.961798667907715, 14.856868743896484, 15.468988418579102, 15.401850700378418, 14.12976360321045, 12.702770233154297, 12.425954818725586, 13.384087562561035, 14.606266021728516, 14.223240852355957, 15.59392261505127, 15.360610008239746, 14.796439170837402, 12.288652420043945, 14.03515625, 13.150500297546387, 14.689152717590332, 14.707029342651367, 14.671683311462402, 13.363882064819336, 13.778752326965332, 11.826615333557129, 15.757078170776367, 13.882255554199219, 14.952095985412598, 13.839694023132324, 13.676726341247559, 14.58890438079834, 12.845619201660156, 12.058676719665527, 14.074539184570312, 14.994396209716797, 13.80861759185791, 15.045905113220215, 12.590326309204102, 14.999163627624512, 15.445820808410645, 15.345829010009766, 12.633228302001953, 12.688241958618164, 13.073333740234375, 12.2361421585083, 13.708849906921387, 13.051755905151367, 11.784894943237305, 13.406546592712402, 11.77676773071289, 15.142633438110352, 15.502897262573242, 15.147061347961426, 13.310564041137695, 14.168684005737305, 13.026077270507812, 14.846336364746094, 14.651996612548828, 13.892802238464355], ""complete_collapse"": false, ""counts"": [12, 46, 30, 19, 48, 24, 29, 20, 8, 19, 18, 25, 31, 33, 20, 17, 13, 12, 18, 18, 21, 24, 9, 16, 15, 22, 20, 16, 27, 16, 13, 19, 16, 5, 13, 8, 21, 24, 9, 24, 47, 23, 17, 17, 6, 9, 26, 18, 11, 30, 7, 44, 14, 64, 9, 5, 8, 20, 10, 17], ""cumulative_hard_use"": [76, 275, 180, 114, 288, 144, 174, 120, 48, 114, 109, 151, 187, 198, 124, 102, 78, 72, 108, 110, 126, 146, 54, 96, 90, 131, 120, 95, 162, 96, 78, 114, 94, 30, 78, 48, 126, 140, 54, 143, 282, 138, 102, 102, 36, 54, 155, 108, 66, 179, 42, 258, 84, 390, 54, 30, 48, 120, 61, 98], ""dead_center_duration"": [0, 0, 0, 0, 0, 0, 0, 0, 0, 0, 0, 0, 0, 0, 0, 0, 0, 0, 0, 0, 0, 0, 0, 0, 0, 0, 0, 0, 0, 0, 0, 0, 0, 0, 0, 0, 0, 0, 0, 0, 0, 0, 0, 0, 0, 0, 0, 0, 0, 0, 0, 0, 0, 0, 0, 0, 0, 0, 0, 0], ""effective_cluster_count"": 51.93088678229616, ""hard_entropy"": 3.9499137342037085, ""maximum_cluster_fraction"": 0.05333333333333334, ""mean_nearest_squared_distance"": 55.087005615234375, ""minimum_center_separation"": 4.970586776733398, ""minimum_cluster_size"": 5, ""minimum_positive_size"": 5, ""near_collapse"": false, ""normalized_hard_entropy"": 0.9647243103692266, ""occupied_clusters"": 60, ""rbf_marginal_entropy"": 3.951183319091797, ""rbf_mean_row_entropy"": 0.012779430486261845, ""s0_marginal_entropy"": 4.09421968460083, ""s0_mean_row_entropy"": 4.0785369873046875, ""utilization"": 1.0}","{""assignment_change_fraction"": 0.0075, ""center_displacements"": [6.313428002613364e-06, 2.1455030946526676e-05, 1.7776388631318696e-05, 3.6824876588070765e-05, 1.5583225831505843e-05, 1.8265709513798356e-05, 1.0381046195107047e-05, 1.1679560884658713e-05, 2.4310231310664676e-05, 1.8178152458858676e-05, 2.7806308935396373e-05, 9.526545909466222e-06, 1.9517116015776992e-05, 1.4145730347081553e-05, 3.0202380003174767e-05, 1.754801269271411e-05, 1.2660347238124814e-05, 2.838793989212718e-05, 1.1920301403733902e-05, 1.4779500816075597e-05, 2.5799690774874762e-05, 1.2527866601885762e-05, 2.3886059352662414e-05, 1.9182787582394667e-05, 1.6035919543355703e-05, 3.1634965125704184e-05, 1.8396394807496108e-05, 1.6842561308294535e-05, 2.1381476472015493e-05, 1.3559500985138584e-05, 1.8042537703877315e-05, 1.3045415471424349e-05, 2.265279726998415e-05, 1.1502078450575937e-05, 2.049561226158403e-05, 2.2146583432913758e-05, 1.849521322583314e-05, 7.183813522715354e-06, 1.401644476572983e-05, 2.4931163352448493e-05, 2.3523407435277477e-05, 3.138199826935306e-05, 1.9067359971813858e-05, 2.402611426077783e-05, 9.68992753769271e-06, 2.2741705834050663e-05, 2.0723515262943693e-05, 1.382248865411384e-05, 1.982974208658561e-05, 2.392418718955014e-05, 8.6191575974226e-06, 2.9579423426184803e-05, 1.7246267816517502e-05, 3.1925912480801344e-05, 6.086866505938815e-06, 5.341997621144401e-06, 2.8700986149488017e-05, 2.5600149456295185e-05, 3.3775913834688254e-06, 2.1802361516165547e-05], ""center_norms"": [11.502754211425781, 12.385683059692383, 11.82354736328125, 11.797605514526367, 12.944689750671387, 11.10942554473877, 11.33952808380127, 12.62248706817627, 13.094586372375488, 11.732755661010742, 10.923450469970703, 12.628053665161133, 12.080002784729004, 11.184342384338379, 11.404605865478516, 12.285140991210938, 12.4324312210083, 9.998531341552734, 11.973945617675781, 11.830668449401855, 11.78933334350586, 12.05726432800293, 10.12862491607666, 12.077878952026367, 11.833329200744629, 11.156710624694824, 11.784597396850586, 13.254615783691406, 11.782218933105469, 12.366852760314941, 11.271178245544434, 12.508216857910156, 11.8787202835083, 11.11269474029541, 11.74245548248291, 11.392989158630371, 12.126184463500977, 12.020998001098633, 12.364544868469238, 12.23015022277832, 11.842402458190918, 11.646468162536621, 12.501869201660156, 12.715362548828125, 12.363970756530762, 10.998570442199707, 12.39610481262207, 11.662693977355957, 11.370020866394043, 10.673308372497559, 11.251029014587402, 13.606439590454102, 11.686779022216797, 12.210171699523926, 11.36582088470459, 11.318495750427246, 11.606877326965332, 11.539464950561523, 12.246135711669922, 12.294110298156738], ""complete_collapse"": false, ""counts"": [10, 20, 17, 26, 23, 12, 17, 14, 9, 24, 9, 26, 22, 15, 24, 18, 36, 12, 29, 35, 22, 21, 9, 13, 17, 9, 35, 13, 21, 30, 25, 13, 38, 15, 29, 9, 24, 22, 28, 29, 24, 30, 21, 16, 29, 14, 25, 33, 32, 14, 16, 11, 14, 25, 14, 6, 9, 14, 19, 14], ""cumulative_hard_use"": [61, 121, 90, 161, 149, 68, 104, 83, 55, 141, 54, 151, 135, 95, 151, 116, 204, 70, 175, 207, 132, 130, 56, 92, 105, 62, 202, 83, 114, 173, 137, 93, 230, 90, 174, 53, 142, 130, 159, 174, 144, 176, 115, 95, 174, 84, 148, 195, 192, 82, 100, 72, 83, 150, 82, 40, 58, 82, 112, 94], ""dead_center_duration"": [0, 0, 0, 0, 0, 0, 0, 0, 0, 0, 0, 0, 0, 0, 0, 0, 0, 0, 0, 0, 0, 0, 0, 0, 0, 0, 0, 0, 0, 0, 0, 0, 0, 0, 0, 0, 0, 0, 0, 0, 0, 0, 0, 0, 0, 0, 0, 0, 0, 0, 0, 0, 0, 0, 0, 0, 0, 0, 0, 0], ""effective_cluster_count"": 55.257691529852096, ""hard_entropy"": 4.012007543918595, ""maximum_cluster_fraction"": 0.03166666666666667, ""mean_nearest_squared_distance"": 134.4784393310547, ""minimum_center_separation"": 7.976905822753906, ""minimum_cluster_size"": 6, ""minimum_positive_size"": 6, ""near_collapse"": false, ""normalized_hard_entropy"": 0.9798900612656745, ""occupied_clusters"": 60, ""rbf_marginal_entropy"": 4.01239538192749, ""rbf_mean_row_entropy"": 0.061163000762462616, ""s0_marginal_entropy"": 4.0942816734313965, ""s0_mean_row_entropy"": 4.0785369873046875, ""utilization"": 1.0}"
75,SemgHandMovementCh2,LoSTer-Legacy-Clean,0,COMPLETE,a247dffdea50e236b171392b8c9336ecd4cc5727,1a83d5c8109a44e770695eb634869f7ef647d34a6e23010fe228bac23787823a,2026-10-06T00:03:19.141822+00:00,2026-10-06T00:07:09.435204+00:00,230.26279329999943,cuda,NVIDIA GeForce GTX 1080,6,assignment-change,1.1602906250000002,G:\Articoli\Articoli da Completare\LoSTer 2026\pilot\artifacts\SemgHandMovementCh2\LoSTer-Legacy-Clean\seed-0\complete.pt,b2be66bfddb4e877154d207e5a73eec3bdb375bf7ac93764498e55e62c123645,G:\Articoli\Articoli da Completare\LoSTer 2026\pilot\runs\SemgHandMovementCh2\LoSTer-Legacy-Clean\seed-0\predictions.npy,G:\Articoli\Articoli da Completare\LoSTer 2026\pilot\artifacts\SemgHandMovementCh2\LoSTer-Legacy-Clean\seed-0\manifest.json,"{""TEST"": ""b28e1dd781709df367e8ad422caac19660a5ed5682a3138310461cbf4573da35"", ""TRAIN"": ""ccabc71db1268515d9b7c223e13dc6ac24e8c65047bf15089a8de668455b12f7""}",0.0893543327327615,0.16889262347544773,0.7310839204053887,0.32666666666666666,82237952,"{""cluster_contrast"": 4.758923598698208, ""entropy"": -3.5768580777304515, ""instance"": 11.153137070792061, ""kmeans"": 0.7596583706992013, ""reconstruction"": 0.5910314236368451, ""total"": 13.685892241341728}","{""assignment_change_fraction"": 0.0, ""center_displacements"": [5.321858043316752e-05, 4.621900734491646e-05, 3.041795025637839e-06, 4.498448470258154e-05, 3.6318400816526264e-05, 1.296870323130861e-05], ""center_norms"": [6.347460746765137, 6.290560722351074, 12.701101303100586, 8.997015953063965, 9.959774017333984, 9.556922912597656], ""complete_collapse"": false, ""counts"": [257, 164, 57, 163, 156, 103], ""cumulative_hard_use"": [1545, 989, 336, 973, 947, 610], ""dead_center_duration"": [0, 0, 0, 0, 0, 0], ""effective_cluster_count"": 5.496954626137189, ""hard_entropy"": 1.704194234548875, ""maximum_cluster_fraction"": 0.28555555555555556, ""mean_nearest_squared_distance"": 187.58883666992188, ""minimum_center_separation"": 6.470182418823242, ""minimum_cluster_size"": 57, ""minimum_positive_size"": 57, ""near_collapse"": false, ""normalized_hard_entropy"": 0.9511289120090959, ""occupied_clusters"": 6, ""rbf_marginal_entropy"": 1.7040932178497314, ""rbf_mean_row_entropy"": 0.017175115644931793, ""s0_marginal_entropy"": 1.7876063585281372, ""s0_mean_row_entropy"": 1.6914043426513672, ""utilization"": 1.0}","{""assignment_change_fraction"": 0.0022222222222222222, ""center_displacements"": [3.95840615965426e-05, 4.65917146357242e-05, 4.7426750825252384e-05, 4.824736970476806e-05, 3.4344589948887005e-05, 4.413550050230697e-05], ""center_norms"": [7.8446784019470215, 7.613484859466553, 9.196052551269531, 8.531529426574707, 9.715002059936523, 7.84492301940918], ""complete_collapse"": false, ""counts"": [143, 126, 165, 161, 164, 141], ""cumulative_hard_use"": [882, 764, 950, 981, 971, 852], ""dead_center_duration"": [0, 0, 0, 0, 0, 0], ""effective_cluster_count"": 5.971886853018401, ""hard_entropy"": 1.78706293325138, ""maximum_cluster_fraction"": 0.18333333333333332, ""mean_nearest_squared_distance"": 200.6086883544922, ""minimum_center_separation"": 7.853397369384766, ""minimum_cluster_size"": 126, ""minimum_positive_size"": 126, ""near_collapse"": false, ""normalized_hard_entropy"": 0.9973788133634375, ""occupied_clusters"": 6, ""rbf_marginal_entropy"": 1.7872096300125122, ""rbf_mean_row_entropy"": 0.027732985094189644, ""s0_marginal_entropy"": 1.791529655456543, ""s0_mean_row_entropy"": 1.6914043426513672, ""utilization"": 1.0}"
76,SemgHandMovementCh2,LoSTer-Legacy-Clean,1,COMPLETE,a247dffdea50e236b171392b8c9336ecd4cc5727,9de92637f1fc305cf9247c41371d29dae43197ed60cdbb7ef74eda5a0341e657,2026-10-06T00:07:11.317493+00:00,2026-10-06T00:11:11.586083+00:00,240.23966870000004,cuda,NVIDIA GeForce GTX 1080,12,assignment-change,0.08750783174008792,G:\Articoli\Articoli da Completare\LoSTer 2026\pilot\artifacts\SemgHandMovementCh2\LoSTer-Legacy-Clean\seed-1\complete.pt,801b8537968263f8313b231b3b84a8b2212751be5723d29f39df6867e5d3aa4c,G:\Articoli\Articoli da Completare\LoSTer 2026\pilot\runs\SemgHandMovementCh2\LoSTer-Legacy-Clean\seed-1\predictions.npy,G:\Articoli\Articoli da Completare\LoSTer 2026\pilot\artifacts\SemgHandMovementCh2\LoSTer-Legacy-Clean\seed-1\manifest.json,"{""TEST"": ""b28e1dd781709df367e8ad422caac19660a5ed5682a3138310461cbf4573da35"", ""TRAIN"": ""ccabc71db1268515d9b7c223e13dc6ac24e8c65047bf15089a8de668455b12f7""}",0.10656271676454927,0.19600961745852025,0.7180249660116178,0.3466666666666667,82237952,"{""cluster_contrast"": 4.750982693263462, ""entropy"": -3.5733199460165843, ""instance"": 11.150932584490095, ""kmeans"": 0.7616264990397862, ""reconstruction"": 0.5966100181852069, ""total"": 13.686832019260951}","{""assignment_change_fraction"": 0.0, ""center_displacements"": [1.3949784261058085e-06, 7.030158485576976e-06, 7.443592409117628e-08, 8.227058060583659e-06, 7.212340591422617e-08, 2.2641254417976597e-06], ""center_norms"": [6.044882297515869, 9.586957931518555, 13.502046585083008, 8.921906471252441, 14.210350036621094, 7.062465667724609], ""complete_collapse"": false, ""counts"": [256, 199, 26, 172, 33, 214], ""cumulative_hard_use"": [3060, 2412, 305, 2052, 403, 2568], ""dead_center_duration"": [0, 0, 0, 0, 0, 0], ""effective_cluster_count"": 4.8196920069410405, ""hard_entropy"": 1.5727100270459946, ""maximum_cluster_fraction"": 0.28444444444444444, ""mean_nearest_squared_distance"": 186.79518127441406, ""minimum_center_separation"": 6.9461822509765625, ""minimum_cluster_size"": 26, ""minimum_positive_size"": 26, ""near_collapse"": false, ""normalized_hard_entropy"": 0.8777461785780691, ""occupied_clusters"": 6, ""rbf_marginal_entropy"": 1.5730443000793457, ""rbf_mean_row_entropy"": 0.01624969393014908, ""s0_marginal_entropy"": 1.782863974571228, ""s0_mean_row_entropy"": 1.6914043426513672, ""utilization"": 1.0}","{""assignment_change_fraction"": 0.0, ""center_displacements"": [1.8743345208349638e-05, 1.14814374683192e-05, 3.0620517463830765e-06, 1.685091046965681e-05, 3.3288138183706906e-06, 1.1166563126607798e-05], ""center_norms"": [7.670869827270508, 8.738561630249023, 7.867654323577881, 8.123360633850098, 9.134895324707031, 9.527562141418457], ""complete_collapse"": false, ""counts"": [168, 153, 136, 150, 150, 143], ""cumulative_hard_use"": [2068, 1822, 1651, 1790, 1779, 1690], ""dead_center_duration"": [0, 0, 0, 0, 0, 0], ""effective_cluster_count"": 5.987282692285399, ""hard_entropy"": 1.789637668514381, ""maximum_cluster_fraction"": 0.18666666666666668, ""mean_nearest_squared_distance"": 202.59197998046875, ""minimum_center_separation"": 7.9964423179626465, ""minimum_cluster_size"": 136, ""minimum_positive_size"": 136, ""near_collapse"": false, ""normalized_hard_entropy"": 0.9988158004742747, ""occupied_clusters"": 6, ""rbf_marginal_entropy"": 1.7895184755325317, ""rbf_mean_row_entropy"": 0.03583856299519539, ""s0_marginal_entropy"": 1.7916536331176758, ""s0_mean_row_entropy"": 1.6914043426513672, ""utilization"": 1.0}"
77,SemgHandMovementCh2,LoSTer-Legacy-Clean,2,COMPLETE,a247dffdea50e236b171392b8c9336ecd4cc5727,60478e6a7f67fc72ec23dff74f3a2f0af6c47a412ef35fd19b4e8fa33cf15288,2026-10-06T00:11:13.546991+00:00,2026-10-06T00:15:13.869231+00:00,240.2872787999995,cuda,NVIDIA GeForce GTX 1080,11,assignment-change,0.1346274334462891,G:\Articoli\Articoli da Completare\LoSTer 2026\pilot\artifacts\SemgHandMovementCh2\LoSTer-Legacy-Clean\seed-2\complete.pt,6f560a2b64ea394d28fd3b7ce1a48e6944f4137d8646a61216b3153d3ba53002,G:\Articoli\Articoli da Completare\LoSTer 2026\pilot\runs\SemgHandMovementCh2\LoSTer-Legacy-Clean\seed-2\predictions.npy,G:\Articoli\Articoli da Completare\LoSTer 2026\pilot\artifacts\SemgHandMovementCh2\LoSTer-Legacy-Clean\seed-2\manifest.json,"{""TEST"": ""b28e1dd781709df367e8ad422caac19660a5ed5682a3138310461cbf4573da35"", ""TRAIN"": ""ccabc71db1268515d9b7c223e13dc6ac24e8c65047bf15089a8de668455b12f7""}",0.12477577569642505,0.209668697072608,0.7492745025336794,0.36,82237952,"{""cluster_contrast"": 4.7473835945129395, ""entropy"": -3.5788494859422957, ""instance"": 11.15689332144601, ""kmeans"": 0.7625303523881095, ""reconstruction"": 0.5928325823375157, ""total"": 13.68079035622733}","{""assignment_change_fraction"": 0.0, ""center_displacements"": [1.1473425587382735e-07, 6.817705980211031e-06, 2.0738778403028846e-05, 3.089821575485985e-06, 1.951735612237826e-05, 1.483853452555195e-06], ""center_norms"": [12.297728538513184, 8.83846664428711, 7.032683849334717, 6.931136131286621, 6.1844482421875, 9.905008316040039], ""complete_collapse"": false, ""counts"": [60, 146, 185, 188, 138, 183], ""cumulative_hard_use"": [660, 1648, 2008, 2087, 1497, 2000], ""dead_center_duration"": [0, 0, 0, 0, 0, 0], ""effective_cluster_count"": 5.693382964188928, ""hard_entropy"": 1.739304617017713, ""maximum_cluster_fraction"": 0.2088888888888889, ""mean_nearest_squared_distance"": 189.20704650878906, ""minimum_center_separation"": 5.872323036193848, ""minimum_cluster_size"": 60, ""minimum_positive_size"": 60, ""near_collapse"": false, ""normalized_hard_entropy"": 0.9707243895672331, ""occupied_clusters"": 6, ""rbf_marginal_entropy"": 1.7396464347839355, ""rbf_mean_row_entropy"": 0.02540772408246994, ""s0_marginal_entropy"": 1.7894940376281738, ""s0_mean_row_entropy"": 1.6914043426513672, ""utilization"": 1.0}","{""assignment_change_fraction"": 0.0, ""center_displacements"": [5.016378509026254e-06, 4.9568957365409005e-06, 8.93526703293901e-06, 2.0919776943628676e-05, 1.7610738723305985e-05, 1.1781622561102267e-05], ""center_norms"": [7.699564456939697, 9.401811599731445, 7.750479698181152, 8.565629959106445, 9.601685523986816, 8.256598472595215], ""complete_collapse"": false, ""counts"": [143, 174, 151, 166, 152, 114], ""cumulative_hard_use"": [1577, 1923, 1686, 1843, 1641, 1230], ""dead_center_duration"": [0, 0, 0, 0, 0, 0], ""effective_cluster_count"": 5.94990146014058, ""hard_entropy"": 1.7833746580994874, ""maximum_cluster_fraction"": 0.19333333333333333, ""mean_nearest_squared_distance"": 200.30654907226562, ""minimum_center_separation"": 7.937546253204346, ""minimum_cluster_size"": 114, ""minimum_positive_size"": 114, ""near_collapse"": false, ""normalized_hard_entropy"": 0.9953203478075213, ""occupied_clusters"": 6, ""rbf_marginal_entropy"": 1.7831109762191772, ""rbf_mean_row_entropy"": 0.03421182557940483, ""s0_marginal_entropy"": 1.791356086730957, ""s0_mean_row_entropy"": 1.6914043426513672, ""utilization"": 1.0}"
78,SemgHandMovementCh2,LoSTer-Legacy-Clean,3,COMPLETE,a247dffdea50e236b171392b8c9336ecd4cc5727,cfbf16839e9bee74c2d121b99b62f538103216aaafbdc92231cd1de03561f897,2026-10-06T00:15:15.769331+00:00,2026-10-06T00:19:16.060069+00:00,240.26240289999987,cuda,NVIDIA GeForce GTX 1080,12,assignment-change,0.08750783174008792,G:\Articoli\Articoli da Completare\LoSTer 2026\pilot\artifacts\SemgHandMovementCh2\LoSTer-Legacy-Clean\seed-3\complete.pt,31dafc4402079ee7c97aee70a17f402b3998d8a2fe63f49506a3950bddc112ab,G:\Articoli\Articoli da Completare\LoSTer 2026\pilot\runs\SemgHandMovementCh2\LoSTer-Legacy-Clean\seed-3\predictions.npy,G:\Articoli\Articoli da Completare\LoSTer 2026\pilot\artifacts\SemgHandMovementCh2\LoSTer-Legacy-Clean\seed-3\manifest.json,"{""TEST"": ""b28e1dd781709df367e8ad422caac19660a5ed5682a3138310461cbf4573da35"", ""TRAIN"": ""ccabc71db1268515d9b7c223e13dc6ac24e8c65047bf15089a8de668455b12f7""}",0.1132496732565451,0.1918736536821159,0.7442244469163268,0.3522222222222222,82237952,"{""cluster_contrast"": 4.756917612893241, ""entropy"": -3.578395366668701, ""instance"": 11.14384160723005, ""kmeans"": 0.7630223802157811, ""reconstruction"": 0.5899057473455157, ""total"": 13.675292015075684}","{""assignment_change_fraction"": 0.0, ""center_displacements"": [7.420213137265819e-07, 5.322301603882806e-06, 1.1882817716468708e-06, 1.906961131226126e-07, 5.853372385900002e-06, 1.0040691904578125e-06], ""center_norms"": [9.172961235046387, 6.840681552886963, 9.901728630065918, 12.486442565917969, 9.007948875427246, 5.638832092285156], ""complete_collapse"": false, ""counts"": [122, 209, 165, 58, 159, 187], ""cumulative_hard_use"": [1459, 2500, 1940, 696, 1962, 2243], ""dead_center_duration"": [0, 0, 0, 0, 0, 0], ""effective_cluster_count"": 5.642892335567611, ""hard_entropy"": 1.7303967595151826, ""maximum_cluster_fraction"": 0.23222222222222222, ""mean_nearest_squared_distance"": 185.87533569335938, ""minimum_center_separation"": 6.735915660858154, ""minimum_cluster_size"": 58, ""minimum_positive_size"": 58, ""near_collapse"": false, ""normalized_hard_entropy"": 0.9657528196352665, ""occupied_clusters"": 6, ""rbf_marginal_entropy"": 1.730151891708374, ""rbf_mean_row_entropy"": 0.01658688858151436, ""s0_marginal_entropy"": 1.789060115814209, ""s0_mean_row_entropy"": 1.6914043426513672, ""utilization"": 1.0}","{""assignment_change_fraction"": 0.0, ""center_displacements"": [1.9887474991264753e-05, 2.4565684725530446e-05, 6.244277756195515e-06, 1.2825357771362178e-05, 2.841002014974947e-06, 6.2294493545778096e-06], ""center_norms"": [7.505889892578125, 8.504592895507812, 7.641129493713379, 8.49482250213623, 9.037147521972656, 8.405189514160156], ""complete_collapse"": false, ""counts"": [113, 123, 204, 133, 138, 189], ""cumulative_hard_use"": [1362, 1486, 2458, 1593, 1618, 2283], ""dead_center_duration"": [0, 0, 0, 0, 0, 0], ""effective_cluster_count"": 5.851951530872927, ""hard_entropy"": 1.766775200634331, ""maximum_cluster_fraction"": 0.22666666666666666, ""mean_nearest_squared_distance"": 204.36476135253906, ""minimum_center_separation"": 8.18298053741455, ""minimum_cluster_size"": 113, ""minimum_positive_size"": 113, ""near_collapse"": false, ""normalized_hard_entropy"": 0.986056014201232, ""occupied_clusters"": 6, ""rbf_marginal_entropy"": 1.76713228225708, ""rbf_mean_row_entropy"": 0.03642759472131729, ""s0_marginal_entropy"": 1.790492057800293, ""s0_mean_row_entropy"": 1.6914043426513672, ""utilization"": 1.0}"
79,SemgHandMovementCh2,LoSTer-Legacy-Clean,4,COMPLETE,a247dffdea50e236b171392b8c9336ecd4cc5727,4315812255f45ad530dd3aabc384067020b75936aafc3b3adc29e8317b14963b,2026-10-06T00:19:17.943877+00:00,2026-10-06T00:23:08.227688+00:00,230.25480100000004,cuda,NVIDIA GeForce GTX 1080,6,assignment-change,1.1602906250000002,G:\Articoli\Articoli da Completare\LoSTer 2026\pilot\artifacts\SemgHandMovementCh2\LoSTer-Legacy-Clean\seed-4\complete.pt,6b977b16abb76b71876100b19c25f1edc047d6f3e6ec60e77d74e5a20f0ca387,G:\Articoli\Articoli da Completare\LoSTer 2026\pilot\runs\SemgHandMovementCh2\LoSTer-Legacy-Clean\seed-4\predictions.npy,G:\Articoli\Articoli da Completare\LoSTer 2026\pilot\artifacts\SemgHandMovementCh2\LoSTer-Legacy-Clean\seed-4\manifest.json,"{""TEST"": ""b28e1dd781709df367e8ad422caac19660a5ed5682a3138310461cbf4573da35"", ""TRAIN"": ""ccabc71db1268515d9b7c223e13dc6ac24e8c65047bf15089a8de668455b12f7""}",0.11366715719991834,0.2062476679611458,0.7375033988382153,0.36,82237952,"{""cluster_contrast"": 4.762446062905448, ""entropy"": -3.5758462974003384, ""instance"": 11.143675667898995, ""kmeans"": 0.7660798685891288, ""reconstruction"": 0.5905476893697467, ""total"": 13.68690299987793}","{""assignment_change_fraction"": 0.0, ""center_displacements"": [4.257199907442555e-05, 3.606110840337351e-05, 4.37947383034043e-05, 3.302902769064531e-05, 1.7779018889996223e-05, 4.055379577039275e-06], ""center_norms"": [5.883345127105713, 9.428903579711914, 6.937378406524658, 8.934078216552734, 8.07960033416748, 12.206603050231934], ""complete_collapse"": false, ""counts"": [208, 221, 198, 84, 130, 59], ""cumulative_hard_use"": [1252, 1332, 1187, 496, 779, 354], ""dead_center_duration"": [0, 0, 0, 0, 0, 0], ""effective_cluster_count"": 5.451693945412346, ""hard_entropy"": 1.6959263760539585, ""maximum_cluster_fraction"": 0.24555555555555555, ""mean_nearest_squared_distance"": 189.85841369628906, ""minimum_center_separation"": 6.381466865539551, ""minimum_cluster_size"": 59, ""minimum_positive_size"": 59, ""near_collapse"": false, ""normalized_hard_entropy"": 0.946514532324261, ""occupied_clusters"": 6, ""rbf_marginal_entropy"": 1.6960093975067139, ""rbf_mean_row_entropy"": 0.013919553719460964, ""s0_marginal_entropy"": 1.7873563766479492, ""s0_mean_row_entropy"": 1.6914043426513672, ""utilization"": 1.0}","{""assignment_change_fraction"": 0.0022222222222222222, ""center_displacements"": [7.00750169926323e-05, 6.344124994939193e-05, 5.911711559747346e-05, 3.79542434529867e-05, 4.064073073095642e-05, 3.175600431859493e-05], ""center_norms"": [7.6563639640808105, 8.143329620361328, 8.272722244262695, 8.669922828674316, 7.7343292236328125, 9.615077018737793], ""complete_collapse"": false, ""counts"": [157, 144, 146, 221, 107, 125], ""cumulative_hard_use"": [965, 869, 873, 1325, 635, 733], ""dead_center_duration"": [0, 0, 0, 0, 0, 0], ""effective_cluster_count"": 5.84182649900104, ""hard_entropy"": 1.7650435046202213, ""maximum_cluster_fraction"": 0.24555555555555555, ""mean_nearest_squared_distance"": 201.64146423339844, ""minimum_center_separation"": 8.130242347717285, ""minimum_cluster_size"": 107, ""minimum_positive_size"": 107, ""near_collapse"": false, ""normalized_hard_entropy"": 0.985089536253801, ""occupied_clusters"": 6, ""rbf_marginal_entropy"": 1.7648873329162598, ""rbf_mean_row_entropy"": 0.039531659334897995, ""s0_marginal_entropy"": 1.7903834581375122, ""s0_mean_row_entropy"": 1.6914043426513672, ""utilization"": 1.0}"
80,SemgHandMovementCh2,LoSTer-NoResoftmax,0,COMPLETE,a247dffdea50e236b171392b8c9336ecd4cc5727,58862cd43e737fb31cee3e04096525427e8695a6664afb2a89304a29a08bdcd1,2026-10-06T00:23:10.111424+00:00,2026-10-06T00:23:40.203290+00:00,30.063276200000473,cuda,NVIDIA GeForce GTX 1080,11,assignment-change,0.1346274334462891,G:\Articoli\Articoli da Completare\LoSTer 2026\pilot\artifacts\SemgHandMovementCh2\LoSTer-NoResoftmax\seed-0\complete.pt,222cf36a443f04e6a5a9df32f7ee364e81ac49dab5db4b59c9cbe84a383fd07f,G:\Articoli\Articoli da Completare\LoSTer 2026\pilot\runs\SemgHandMovementCh2\LoSTer-NoResoftmax\seed-0\predictions.npy,G:\Articoli\Articoli da Completare\LoSTer 2026\pilot\artifacts\SemgHandMovementCh2\LoSTer-NoResoftmax\seed-0\manifest.json,"{""TEST"": ""b28e1dd781709df367e8ad422caac19660a5ed5682a3138310461cbf4573da35"", ""TRAIN"": ""ccabc71db1268515d9b7c223e13dc6ac24e8c65047bf15089a8de668455b12f7""}",0.0764581207979855,0.14284418045261799,0.7357137560252132,0.31,82093568,"{""cluster_contrast"": 4.543443202972412, ""entropy"": -3.499302182878767, ""instance"": 11.1593416758946, ""kmeans"": 0.7554797019277301, ""reconstruction"": 0.5948179108755929, ""total"": 13.553780283246722}","{""assignment_change_fraction"": 0.0, ""center_displacements"": [1.3850135474058334e-06, 2.4654527805978432e-05, 2.2237227881305444e-07, 7.748889402137138e-06, 9.142500857706182e-06, 2.5301378627773374e-05], ""center_norms"": [6.3480143547058105, 6.290430545806885, 12.700703620910645, 8.9959716796875, 9.960531234741211, 9.555604934692383], ""complete_collapse"": false, ""counts"": [205, 163, 60, 164, 162, 146], ""cumulative_hard_use"": [2312, 1785, 655, 1815, 1755, 1578], ""dead_center_duration"": [0, 0, 0, 0, 0, 0], ""effective_cluster_count"": 5.702543148475954, ""hard_entropy"": 1.740912241737162, ""maximum_cluster_fraction"": 0.22777777777777777, ""mean_nearest_squared_distance"": 184.7602996826172, ""minimum_center_separation"": 6.470141410827637, ""minimum_cluster_size"": 60, ""minimum_positive_size"": 60, ""near_collapse"": false, ""normalized_hard_entropy"": 0.971621622006664, ""occupied_clusters"": 6, ""rbf_marginal_entropy"": 1.7409312725067139, ""rbf_mean_row_entropy"": 0.020824695006012917, ""s0_marginal_entropy"": 1.7895649671554565, ""s0_mean_row_entropy"": 1.6914043426513672, ""utilization"": 1.0}","{""assignment_change_fraction"": 0.0022222222222222222, ""center_displacements"": [2.2477815946331248e-05, 1.548422733321786e-05, 1.8397489839117043e-05, 2.3627724658581428e-05, 2.0925050193909556e-05, 1.904714918055106e-05], ""center_norms"": [7.845647811889648, 7.612603664398193, 9.194902420043945, 8.533181190490723, 9.714958190917969, 7.844480037689209], ""complete_collapse"": false, ""counts"": [144, 145, 167, 159, 150, 135], ""cumulative_hard_use"": [1604, 1573, 1793, 1778, 1650, 1502], ""dead_center_duration"": [0, 0, 0, 0, 0, 0], ""effective_cluster_count"": 5.985511739793991, ""hard_entropy"": 1.789341839079679, ""maximum_cluster_fraction"": 0.18555555555555556, ""mean_nearest_squared_distance"": 201.30274963378906, ""minimum_center_separation"": 7.853673934936523, ""minimum_cluster_size"": 135, ""minimum_positive_size"": 135, ""near_collapse"": false, ""normalized_hard_entropy"": 0.9986506949231206, ""occupied_clusters"": 6, ""rbf_marginal_entropy"": 1.7894848585128784, ""rbf_mean_row_entropy"": 0.0291952732950449, ""s0_marginal_entropy"": 1.7916392087936401, ""s0_mean_row_entropy"": 1.6914043426513672, ""utilization"": 1.0}"
81,SemgHandMovementCh2,LoSTer-NoResoftmax,1,COMPLETE,a247dffdea50e236b171392b8c9336ecd4cc5727,91c05232067078f8f79456a636deab172e29bc1ea94b01681d58061c7994fdf3,2026-10-06T00:23:42.083112+00:00,2026-10-06T00:24:22.203150+00:00,40.091955699999744,cuda,NVIDIA GeForce GTX 1080,12,assignment-change,0.08750783174008792,G:\Articoli\Articoli da Completare\LoSTer 2026\pilot\artifacts\SemgHandMovementCh2\LoSTer-NoResoftmax\seed-1\complete.pt,484038d9d8f6103947831517fe24b177bbf330767538c4d83f60778c0c970107,G:\Articoli\Articoli da Completare\LoSTer 2026\pilot\runs\SemgHandMovementCh2\LoSTer-NoResoftmax\seed-1\predictions.npy,G:\Articoli\Articoli da Completare\LoSTer 2026\pilot\artifacts\SemgHandMovementCh2\LoSTer-NoResoftmax\seed-1\manifest.json,"{""TEST"": ""b28e1dd781709df367e8ad422caac19660a5ed5682a3138310461cbf4573da35"", ""TRAIN"": ""ccabc71db1268515d9b7c223e13dc6ac24e8c65047bf15089a8de668455b12f7""}",0.12812072362788465,0.20243302038461833,0.7271585712520084,0.3688888888888889,82093568,"{""cluster_contrast"": 4.521798746926444, ""entropy"": -3.3415752819606235, ""instance"": 11.162263870239258, ""kmeans"": 0.7540891681398664, ""reconstruction"": 0.5995284148624965, ""total"": 13.696104867117745}","{""assignment_change_fraction"": 0.0, ""center_displacements"": [1.5131743566598743e-05, 1.8044573153019883e-05, 7.282203995373493e-08, 2.043288986897096e-05, 7.208129915170502e-08, 7.056416052364511e-06], ""center_norms"": [6.044869899749756, 9.586026191711426, 13.501721382141113, 8.92162799835205, 14.210564613342285, 7.062355995178223], ""complete_collapse"": false, ""counts"": [211, 221, 25, 216, 34, 193], ""cumulative_hard_use"": [2556, 2689, 303, 2537, 404, 2311], ""dead_center_duration"": [0, 0, 0, 0, 0, 0], ""effective_cluster_count"": 4.859228799146566, ""hard_entropy"": 1.5808797420176992, ""maximum_cluster_fraction"": 0.24555555555555555, ""mean_nearest_squared_distance"": 182.7366485595703, ""minimum_center_separation"": 6.945996284484863, ""minimum_cluster_size"": 25, ""minimum_positive_size"": 25, ""near_collapse"": false, ""normalized_hard_entropy"": 0.8823057833196722, ""occupied_clusters"": 6, ""rbf_marginal_entropy"": 1.5808387994766235, ""rbf_mean_row_entropy"": 0.015674324706196785, ""s0_marginal_entropy"": 1.7834051847457886, ""s0_mean_row_entropy"": 1.6914043426513672, ""utilization"": 1.0}","{""assignment_change_fraction"": 0.0, ""center_displacements"": [0.00011411612649681047, 0.00011729140533134341, 2.3283972041099332e-05, 3.472235766821541e-05, 4.776313289767131e-05, 3.4716995287453756e-05], ""center_norms"": [7.670565128326416, 8.738683700561523, 7.86679220199585, 8.124154090881348, 9.13507080078125, 9.5274658203125], ""complete_collapse"": false, ""counts"": [160, 160, 138, 153, 145, 144], ""cumulative_hard_use"": [1954, 1923, 1645, 1812, 1732, 1734], ""dead_center_duration"": [0, 0, 0, 0, 0, 0], ""effective_cluster_count"": 5.99079790042398, ""hard_entropy"": 1.7902246086693232, ""maximum_cluster_fraction"": 0.17777777777777778, ""mean_nearest_squared_distance"": 202.8208770751953, ""minimum_center_separation"": 7.995781421661377, ""minimum_cluster_size"": 138, ""minimum_positive_size"": 138, ""near_collapse"": false, ""normalized_hard_entropy"": 0.9991433780118975, ""occupied_clusters"": 6, ""rbf_marginal_entropy"": 1.7902591228485107, ""rbf_mean_row_entropy"": 0.030076878145337105, ""s0_marginal_entropy"": 1.791683316230774, ""s0_mean_row_entropy"": 1.6914043426513672, ""utilization"": 1.0}"
82,SemgHandMovementCh2,LoSTer-NoResoftmax,2,COMPLETE,a247dffdea50e236b171392b8c9336ecd4cc5727,e8194e42dbab5100f067348793c3e2af263983488001af61e5c8dec5b58cc9d9,2026-10-06T00:24:24.173949+00:00,2026-10-06T00:24:54.310058+00:00,30.104378300000462,cuda,NVIDIA GeForce GTX 1080,11,assignment-change,0.1346274334462891,G:\Articoli\Articoli da Completare\LoSTer 2026\pilot\artifacts\SemgHandMovementCh2\LoSTer-NoResoftmax\seed-2\complete.pt,d74b195943ae2ec6572ad118f23f20c3ae88f9dc0a38819780575afbe9b92920,G:\Articoli\Articoli da Completare\LoSTer 2026\pilot\runs\SemgHandMovementCh2\LoSTer-NoResoftmax\seed-2\predictions.npy,G:\Articoli\Articoli da Completare\LoSTer 2026\pilot\artifacts\SemgHandMovementCh2\LoSTer-NoResoftmax\seed-2\manifest.json,"{""TEST"": ""b28e1dd781709df367e8ad422caac19660a5ed5682a3138310461cbf4573da35"", ""TRAIN"": ""ccabc71db1268515d9b7c223e13dc6ac24e8c65047bf15089a8de668455b12f7""}",0.13309548926903741,0.21580912801366242,0.7529872698059572,0.3655555555555556,82093568,"{""cluster_contrast"": 4.508569581168039, ""entropy"": -3.4967363561902727, ""instance"": 11.157262665884835, ""kmeans"": 0.7654118623052325, ""reconstruction"": 0.5949750372341701, ""total"": 13.5294828414917}","{""assignment_change_fraction"": 0.0, ""center_displacements"": [1.1323901816240323e-07, 1.5970149433996994e-06, 8.296949090436101e-06, 1.3199958630139008e-05, 1.0187870429945178e-05, 1.2431440154614393e-05], ""center_norms"": [12.297706604003906, 8.83776569366455, 7.03295373916626, 6.932020664215088, 6.183959484100342, 9.905313491821289], ""complete_collapse"": false, ""counts"": [60, 157, 179, 178, 158, 168], ""cumulative_hard_use"": [660, 1735, 1953, 1964, 1766, 1822], ""dead_center_duration"": [0, 0, 0, 0, 0, 0], ""effective_cluster_count"": 5.729392328857412, ""hard_entropy"": 1.7456094742926387, ""maximum_cluster_fraction"": 0.1988888888888889, ""mean_nearest_squared_distance"": 189.80352783203125, ""minimum_center_separation"": 5.872191905975342, ""minimum_cluster_size"": 60, ""minimum_positive_size"": 60, ""near_collapse"": false, ""normalized_hard_entropy"": 0.974243197411258, ""occupied_clusters"": 6, ""rbf_marginal_entropy"": 1.745715856552124, ""rbf_mean_row_entropy"": 0.019788509234786034, ""s0_marginal_entropy"": 1.7898277044296265, ""s0_mean_row_entropy"": 1.6914043426513672, ""utilization"": 1.0}","{""assignment_change_fraction"": 0.0, ""center_displacements"": [1.3479622111844947e-06, 1.1739783076336607e-05, 3.8382324419217184e-05, 1.712478479021229e-05, 4.317922503105365e-05, 1.2605359188455623e-05], ""center_norms"": [7.69847297668457, 9.404293060302734, 7.752263069152832, 8.565730094909668, 9.601398468017578, 8.253552436828613], ""complete_collapse"": false, ""counts"": [137, 163, 146, 164, 150, 140], ""cumulative_hard_use"": [1520, 1816, 1638, 1798, 1636, 1492], ""dead_center_duration"": [0, 0, 0, 0, 0, 0], ""effective_cluster_count"": 5.9856385544314055, ""hard_entropy"": 1.7893630257884416, ""maximum_cluster_fraction"": 0.18222222222222223, ""mean_nearest_squared_distance"": 201.2169189453125, ""minimum_center_separation"": 7.937894821166992, ""minimum_cluster_size"": 137, ""minimum_positive_size"": 137, ""near_collapse"": false, ""normalized_hard_entropy"": 0.9986625194504228, ""occupied_clusters"": 6, ""rbf_marginal_entropy"": 1.7892953157424927, ""rbf_mean_row_entropy"": 0.026555867865681648, ""s0_marginal_entropy"": 1.791640281677246, ""s0_mean_row_entropy"": 1.6914043426513672, ""utilization"": 1.0}"
83,SemgHandMovementCh2,LoSTer-NoResoftmax,3,COMPLETE,a247dffdea50e236b171392b8c9336ecd4cc5727,0cdc4f72d9ecc88e96a83c3c4bcdef8e66140dfaa4d849b53a20fae30deef634,2026-10-06T00:24:56.184024+00:00,2026-10-06T00:25:26.296867+00:00,30.082288800000242,cuda,NVIDIA GeForce GTX 1080,11,assignment-change,0.1346274334462891,G:\Articoli\Articoli da Completare\LoSTer 2026\pilot\artifacts\SemgHandMovementCh2\LoSTer-NoResoftmax\seed-3\complete.pt,d6a1786e252c19b089159bd72e4111cb47f4ab3eec5bebc33458a7b95f78d9e2,G:\Articoli\Articoli da Completare\LoSTer 2026\pilot\runs\SemgHandMovementCh2\LoSTer-NoResoftmax\seed-3\predictions.npy,G:\Articoli\Articoli da Completare\LoSTer 2026\pilot\artifacts\SemgHandMovementCh2\LoSTer-NoResoftmax\seed-3\manifest.json,"{""TEST"": ""b28e1dd781709df367e8ad422caac19660a5ed5682a3138310461cbf4573da35"", ""TRAIN"": ""ccabc71db1268515d9b7c223e13dc6ac24e8c65047bf15089a8de668455b12f7""}",0.12315356369119533,0.19960173186261454,0.7487677666543072,0.36,82093568,"{""cluster_contrast"": 4.5321833065577914, ""entropy"": -3.485736438206264, ""instance"": 11.147920063563756, ""kmeans"": 0.7618263789585659, ""reconstruction"": 0.592202501637595, ""total"": 13.548395838056292}","{""assignment_change_fraction"": 0.0, ""center_displacements"": [1.0200835731666302e-06, 2.724609657889232e-06, 1.3497045074473135e-05, 1.9755512425945199e-07, 5.290013632475166e-06, 1.2719710866804235e-05], ""center_norms"": [9.172792434692383, 6.840945720672607, 9.901322364807129, 12.486374855041504, 9.007403373718262, 5.63909387588501], ""complete_collapse"": false, ""counts"": [149, 203, 150, 58, 169, 171], ""cumulative_hard_use"": [1639, 2212, 1669, 638, 1857, 1885], ""dead_center_duration"": [0, 0, 0, 0, 0, 0], ""effective_cluster_count"": 5.689171284201452, ""hard_entropy"": 1.738564593278265, ""maximum_cluster_fraction"": 0.22555555555555556, ""mean_nearest_squared_distance"": 184.8824920654297, ""minimum_center_separation"": 6.735565185546875, ""minimum_cluster_size"": 58, ""minimum_positive_size"": 58, ""near_collapse"": false, ""normalized_hard_entropy"": 0.9703113744543468, ""occupied_clusters"": 6, ""rbf_marginal_entropy"": 1.7386139631271362, ""rbf_mean_row_entropy"": 0.010957866907119751, ""s0_marginal_entropy"": 1.789481282234192, ""s0_mean_row_entropy"": 1.6914043426513672, ""utilization"": 1.0}","{""assignment_change_fraction"": 0.0011111111111111111, ""center_displacements"": [7.746343726466876e-07, 4.3933196138823405e-06, 3.3231350244022906e-05, 5.958711335551925e-05, 3.7513166262215236e-06, 7.094377360772341e-05], ""center_norms"": [7.504824161529541, 8.505440711975098, 7.64261531829834, 8.49419116973877, 9.036182403564453, 8.405030250549316], ""complete_collapse"": false, ""counts"": [120, 125, 182, 140, 154, 179], ""cumulative_hard_use"": [1320, 1401, 2019, 1525, 1627, 2008], ""dead_center_duration"": [0, 0, 0, 0, 0, 0], ""effective_cluster_count"": 5.922778713610802, ""hard_entropy"": 1.77880571607197, ""maximum_cluster_fraction"": 0.20222222222222222, ""mean_nearest_squared_distance"": 204.900146484375, ""minimum_center_separation"": 8.183094024658203, ""minimum_cluster_size"": 120, ""minimum_positive_size"": 120, ""near_collapse"": false, ""normalized_hard_entropy"": 0.9927703727098672, ""occupied_clusters"": 6, ""rbf_marginal_entropy"": 1.7781319618225098, ""rbf_mean_row_entropy"": 0.029898473992943764, ""s0_marginal_entropy"": 1.7911168336868286, ""s0_mean_row_entropy"": 1.6914043426513672, ""utilization"": 1.0}"
84,SemgHandMovementCh2,LoSTer-NoResoftmax,4,COMPLETE,a247dffdea50e236b171392b8c9336ecd4cc5727,4a947ad3d306ae6f172be6276ae15c7914481e2d4f4e6135113891f4d0c14a5a,2026-10-06T00:25:28.187722+00:00,2026-10-06T00:26:08.307795+00:00,40.091782699999385,cuda,NVIDIA GeForce GTX 1080,13,assignment-change,0.05688009063105715,G:\Articoli\Articoli da Completare\LoSTer 2026\pilot\artifacts\SemgHandMovementCh2\LoSTer-NoResoftmax\seed-4\complete.pt,2f7dc642bd91fd6f873a17ddddc465d2385afa2a943f45fd335cca6fd42d8fed,G:\Articoli\Articoli da Completare\LoSTer 2026\pilot\runs\SemgHandMovementCh2\LoSTer-NoResoftmax\seed-4\predictions.npy,G:\Articoli\Articoli da Completare\LoSTer 2026\pilot\artifacts\SemgHandMovementCh2\LoSTer-NoResoftmax\seed-4\manifest.json,"{""TEST"": ""b28e1dd781709df367e8ad422caac19660a5ed5682a3138310461cbf4573da35"", ""TRAIN"": ""ccabc71db1268515d9b7c223e13dc6ac24e8c65047bf15089a8de668455b12f7""}",0.0887900102656495,0.17172517817341826,0.7387096774193549,0.32555555555555554,82093568,"{""cluster_contrast"": 4.5291839327131, ""entropy"": -3.4841592652457103, ""instance"": 11.148693902151924, ""kmeans"": 0.7678811975887844, ""reconstruction"": 0.5965756518500192, ""total"": 13.558175359453474}","{""assignment_change_fraction"": 0.0, ""center_displacements"": [2.5156741685350426e-05, 2.9716422886849614e-06, 1.8378632375970483e-06, 2.5245823053410277e-05, 1.275595650440664e-06, 2.0238434217390022e-07], ""center_norms"": [5.8840718269348145, 9.42977523803711, 6.936528205871582, 8.93249797821045, 8.079368591308594, 12.206189155578613], ""complete_collapse"": false, ""counts"": [167, 179, 204, 136, 154, 60], ""cumulative_hard_use"": [2156, 2335, 2567, 1806, 2063, 773], ""dead_center_duration"": [0, 0, 0, 0, 0, 0], ""effective_cluster_count"": 5.688104408069822, ""hard_entropy"": 1.738377048181598, ""maximum_cluster_fraction"": 0.22666666666666666, ""mean_nearest_squared_distance"": 190.02664184570312, ""minimum_center_separation"": 6.382357120513916, ""minimum_cluster_size"": 60, ""minimum_positive_size"": 60, ""near_collapse"": false, ""normalized_hard_entropy"": 0.9702067035429395, ""occupied_clusters"": 6, ""rbf_marginal_entropy"": 1.7379932403564453, ""rbf_mean_row_entropy"": 0.033475399017333984, ""s0_marginal_entropy"": 1.7894361019134521, ""s0_mean_row_entropy"": 1.6914043426513672, ""utilization"": 1.0}","{""assignment_change_fraction"": 0.0, ""center_displacements"": [4.991633250028826e-05, 4.907507172902115e-05, 2.3640584913664497e-05, 2.364575266255997e-05, 1.1273616109974682e-05, 2.0503296127571957e-06], ""center_norms"": [7.656261444091797, 8.142361640930176, 8.272732734680176, 8.671286582946777, 7.73405122756958, 9.615165710449219], ""complete_collapse"": false, ""counts"": [155, 135, 153, 195, 129, 133], ""cumulative_hard_use"": [2043, 1774, 1979, 2555, 1651, 1698], ""dead_center_duration"": [0, 0, 0, 0, 0, 0], ""effective_cluster_count"": 5.936370638212854, ""hard_entropy"": 1.7810979429678735, ""maximum_cluster_fraction"": 0.21666666666666667, ""mean_nearest_squared_distance"": 202.39781188964844, ""minimum_center_separation"": 8.12946891784668, ""minimum_cluster_size"": 129, ""minimum_positive_size"": 129, ""near_collapse"": false, ""normalized_hard_entropy"": 0.9940496888989375, ""occupied_clusters"": 6, ""rbf_marginal_entropy"": 1.7810921669006348, ""rbf_mean_row_entropy"": 0.021383754909038544, ""s0_marginal_entropy"": 1.7912124395370483, ""s0_mean_row_entropy"": 1.6914043426513672, ""utilization"": 1.0}"
85,SemgHandMovementCh2,LoSTer-AlignedInit,0,COMPLETE,a247dffdea50e236b171392b8c9336ecd4cc5727,6159badfd3d1eb315c26252425465807550747b3f9d70346277bf2ab35a2d83a,2026-10-06T00:26:10.211741+00:00,2026-10-06T00:26:40.343731+00:00,30.10034369999994,cuda,NVIDIA GeForce GTX 1080,11,assignment-change,0.1346274334462891,G:\Articoli\Articoli da Completare\LoSTer 2026\pilot\artifacts\SemgHandMovementCh2\LoSTer-AlignedInit\seed-0\complete.pt,5ba5e8e1589fad9fc8d450e223db2ac37d039df069f354372b310f7541eb5f9d,G:\Articoli\Articoli da Completare\LoSTer 2026\pilot\runs\SemgHandMovementCh2\LoSTer-AlignedInit\seed-0\predictions.npy,G:\Articoli\Articoli da Completare\LoSTer 2026\pilot\artifacts\SemgHandMovementCh2\LoSTer-AlignedInit\seed-0\manifest.json,"{""TEST"": ""b28e1dd781709df367e8ad422caac19660a5ed5682a3138310461cbf4573da35"", ""TRAIN"": ""ccabc71db1268515d9b7c223e13dc6ac24e8c65047bf15089a8de668455b12f7""}",0.08602947177284251,0.16327777014699635,0.7303769620566061,0.3211111111111111,82237952,"{""cluster_contrast"": 4.731490543910435, ""entropy"": -3.5776189054761613, ""instance"": 11.152212824140276, ""kmeans"": 0.7588801213673183, ""reconstruction"": 0.5906424862997872, ""total"": 13.655607223510742}","{""assignment_change_fraction"": 0.0, ""center_displacements"": [3.4941695048473775e-06, 4.167356109974207e-06, 1.4599116582303395e-07, 2.201264351242571e-06, 7.97371831140481e-06, 7.653553439013194e-06], ""center_norms"": [6.347641944885254, 6.2904744148254395, 12.701223373413086, 8.997126579284668, 9.959329605102539, 9.557034492492676], ""complete_collapse"": false, ""counts"": [248, 166, 55, 161, 173, 97], ""cumulative_hard_use"": [2782, 1823, 601, 1766, 1862, 1066], ""dead_center_duration"": [0, 0, 0, 0, 0, 0], ""effective_cluster_count"": 5.488924775304781, ""hard_entropy"": 1.7027323848472773, ""maximum_cluster_fraction"": 0.27555555555555555, ""mean_nearest_squared_distance"": 186.6390838623047, ""minimum_center_separation"": 6.470362186431885, ""minimum_cluster_size"": 55, ""minimum_positive_size"": 55, ""near_collapse"": false, ""normalized_hard_entropy"": 0.9503130381562134, ""occupied_clusters"": 6, ""rbf_marginal_entropy"": 1.702258586883545, ""rbf_mean_row_entropy"": 0.020600536838173866, ""s0_marginal_entropy"": 1.7876412868499756, ""s0_mean_row_entropy"": 1.6914043426513672, ""utilization"": 1.0}","{""assignment_change_fraction"": 0.0, ""center_displacements"": [9.476083505433053e-06, 1.1132450481454725e-06, 2.2297770101431524e-06, 1.1872486538777594e-05, 1.401316694682464e-06, 1.260560929949861e-05], ""center_norms"": [9.197579383850098, 9.715116500854492, 7.612630367279053, 7.8462419509887695, 8.53087329864502, 7.843341827392578], ""complete_collapse"": false, ""counts"": [150, 160, 134, 128, 169, 159], ""cumulative_hard_use"": [1648, 1758, 1450, 1468, 1850, 1726], ""dead_center_duration"": [0, 0, 0, 0, 0, 0], ""effective_cluster_count"": 5.971200023102772, ""hard_entropy"": 1.7869479160998663, ""maximum_cluster_fraction"": 0.18777777777777777, ""mean_nearest_squared_distance"": 201.15390014648438, ""minimum_center_separation"": 7.853444576263428, ""minimum_cluster_size"": 128, ""minimum_positive_size"": 128, ""near_collapse"": false, ""normalized_hard_entropy"": 0.997314621068942, ""occupied_clusters"": 6, ""rbf_marginal_entropy"": 1.7870030403137207, ""rbf_mean_row_entropy"": 0.030267911031842232, ""s0_marginal_entropy"": 1.7915235757827759, ""s0_mean_row_entropy"": 1.6914043426513672, ""utilization"": 1.0}"
86,SemgHandMovementCh2,LoSTer-AlignedInit,1,COMPLETE,a247dffdea50e236b171392b8c9336ecd4cc5727,a47f5d847aacacbbbd4b50442185f363cbcbf0ffd291cf1f61845cfdff08398c,2026-10-06T00:26:42.292188+00:00,2026-10-06T00:27:02.404971+00:00,20.08352620000005,cuda,NVIDIA GeForce GTX 1080,6,assignment-change,1.1602906250000002,G:\Articoli\Articoli da Completare\LoSTer 2026\pilot\artifacts\SemgHandMovementCh2\LoSTer-AlignedInit\seed-1\complete.pt,6372f0e7920315767a601c6278331ea44ceb8d74f7e043c24ab7295e8b6b6dbd,G:\Articoli\Articoli da Completare\LoSTer 2026\pilot\runs\SemgHandMovementCh2\LoSTer-AlignedInit\seed-1\predictions.npy,G:\Articoli\Articoli da Completare\LoSTer 2026\pilot\artifacts\SemgHandMovementCh2\LoSTer-AlignedInit\seed-1\manifest.json,"{""TEST"": ""b28e1dd781709df367e8ad422caac19660a5ed5682a3138310461cbf4573da35"", ""TRAIN"": ""ccabc71db1268515d9b7c223e13dc6ac24e8c65047bf15089a8de668455b12f7""}",0.10338214301221636,0.1952893410328719,0.716791496724756,0.3388888888888889,82237952,"{""cluster_contrast"": 4.745767729622977, ""entropy"": -3.572602782930647, ""instance"": 11.155351775033134, ""kmeans"": 0.7609730873789106, ""reconstruction"": 0.5965514012745449, ""total"": 13.686041014535087}","{""assignment_change_fraction"": 0.0, ""center_displacements"": [4.632134368875995e-05, 3.0269702619989403e-05, 1.2172472452220973e-05, 3.5920726077165455e-05, 1.6627833474558429e-06, 4.1530227463226765e-05], ""center_norms"": [6.044934272766113, 9.58660888671875, 13.502143859863281, 8.922150611877441, 14.21031665802002, 7.062111854553223], ""complete_collapse"": false, ""counts"": [243, 213, 23, 162, 35, 224], ""cumulative_hard_use"": [1490, 1273, 140, 979, 210, 1308], ""dead_center_duration"": [0, 0, 0, 0, 0, 0], ""effective_cluster_count"": 4.803622314366446, ""hard_entropy"": 1.5693702821359377, ""maximum_cluster_fraction"": 0.27, ""mean_nearest_squared_distance"": 186.0291290283203, ""minimum_center_separation"": 6.946125507354736, ""minimum_cluster_size"": 23, ""minimum_positive_size"": 23, ""near_collapse"": false, ""normalized_hard_entropy"": 0.8758822314537958, ""occupied_clusters"": 6, ""rbf_marginal_entropy"": 1.5695661306381226, ""rbf_mean_row_entropy"": 0.01896463707089424, ""s0_marginal_entropy"": 1.7827914953231812, ""s0_mean_row_entropy"": 1.6914043426513672, ""utilization"": 1.0}","{""assignment_change_fraction"": 0.0, ""center_displacements"": [3.181772626703605e-05, 5.432125908555463e-05, 5.595755283138715e-05, 5.688012606697157e-05, 5.9811780374730006e-05, 4.0168659324990585e-05], ""center_norms"": [9.527353286743164, 8.122721672058105, 7.867673873901367, 8.739114761352539, 7.670947551727295, 9.135379791259766], ""complete_collapse"": false, ""counts"": [142, 152, 141, 144, 176, 145], ""cumulative_hard_use"": [835, 904, 862, 856, 1073, 870], ""dead_center_duration"": [0, 0, 0, 0, 0, 0], ""effective_cluster_count"": 5.9810609395745855, ""hard_entropy"": 1.788597966871003, ""maximum_cluster_fraction"": 0.19555555555555557, ""mean_nearest_squared_distance"": 203.0555877685547, ""minimum_center_separation"": 7.996367931365967, ""minimum_cluster_size"": 141, ""minimum_positive_size"": 141, ""near_collapse"": false, ""normalized_hard_entropy"": 0.9982355319386625, ""occupied_clusters"": 6, ""rbf_marginal_entropy"": 1.7886567115783691, ""rbf_mean_row_entropy"": 0.045004162937402725, ""s0_marginal_entropy"": 1.7915982007980347, ""s0_mean_row_entropy"": 1.6914043426513672, ""utilization"": 1.0}"
87,SemgHandMovementCh2,LoSTer-AlignedInit,2,COMPLETE,a247dffdea50e236b171392b8c9336ecd4cc5727,b6e95ec0dc961b6ea408c0f6c086cb48f0e93611033e2ad267c12d098f52107f,2026-10-06T00:27:04.296516+00:00,2026-10-06T00:27:34.401556+00:00,30.074291500000072,cuda,NVIDIA GeForce GTX 1080,11,assignment-change,0.1346274334462891,G:\Articoli\Articoli da Completare\LoSTer 2026\pilot\artifacts\SemgHandMovementCh2\LoSTer-AlignedInit\seed-2\complete.pt,16667544e55c09e4ec21732f44e576bc551e824179c9f9d418b9eb1a50b323a9,G:\Articoli\Articoli da Completare\LoSTer 2026\pilot\runs\SemgHandMovementCh2\LoSTer-AlignedInit\seed-2\predictions.npy,G:\Articoli\Articoli da Completare\LoSTer 2026\pilot\artifacts\SemgHandMovementCh2\LoSTer-AlignedInit\seed-2\manifest.json,"{""TEST"": ""b28e1dd781709df367e8ad422caac19660a5ed5682a3138310461cbf4573da35"", ""TRAIN"": ""ccabc71db1268515d9b7c223e13dc6ac24e8c65047bf15089a8de668455b12f7""}",0.13366692926157192,0.2224532598491301,0.7519045853417378,0.36444444444444446,82237952,"{""cluster_contrast"": 4.7408318519592285, ""entropy"": -3.5786640303475514, ""instance"": 11.155861309596471, ""kmeans"": 0.7643358366830009, ""reconstruction"": 0.5931026935577393, ""total"": 13.675467627389091}","{""assignment_change_fraction"": 0.0, ""center_displacements"": [1.173614236904541e-07, 2.3627508198842406e-06, 2.171285586882732e-06, 3.747463324543787e-06, 2.1387556898844196e-06, 3.199784714524867e-06], ""center_norms"": [12.297719955444336, 8.838327407836914, 7.032521724700928, 6.931180953979492, 6.184454441070557, 9.905293464660645], ""complete_collapse"": false, ""counts"": [60, 152, 192, 193, 142, 161], ""cumulative_hard_use"": [660, 1683, 2081, 2128, 1515, 1833], ""dead_center_duration"": [0, 0, 0, 0, 0, 0], ""effective_cluster_count"": 5.69666555041516, ""hard_entropy"": 1.7398810125111834, ""maximum_cluster_fraction"": 0.21444444444444444, ""mean_nearest_squared_distance"": 189.90904235839844, ""minimum_center_separation"": 5.872159004211426, ""minimum_cluster_size"": 60, ""minimum_positive_size"": 60, ""near_collapse"": false, ""normalized_hard_entropy"": 0.9710460820172351, ""occupied_clusters"": 6, ""rbf_marginal_entropy"": 1.7402712106704712, ""rbf_mean_row_entropy"": 0.028883595019578934, ""s0_marginal_entropy"": 1.7895172834396362, ""s0_mean_row_entropy"": 1.6914043426513672, ""utilization"": 1.0}","{""assignment_change_fraction"": 0.0, ""center_displacements"": [4.303806235839147e-06, 8.433417860942427e-06, 2.4664377633598633e-05, 1.0151308742933907e-05, 4.5938058974570595e-06, 2.3469330699299462e-05], ""center_norms"": [9.401412010192871, 8.256980895996094, 9.60211181640625, 8.565919876098633, 7.70005989074707, 7.749406337738037], ""complete_collapse"": false, ""counts"": [178, 110, 143, 168, 138, 163], ""cumulative_hard_use"": [1952, 1196, 1558, 1865, 1534, 1795], ""dead_center_duration"": [0, 0, 0, 0, 0, 0], ""effective_cluster_count"": 5.929790221025725, ""hard_entropy"": 1.7799888365029022, ""maximum_cluster_fraction"": 0.19777777777777777, ""mean_nearest_squared_distance"": 200.54855346679688, ""minimum_center_separation"": 7.937078475952148, ""minimum_cluster_size"": 110, ""minimum_positive_size"": 110, ""near_collapse"": false, ""normalized_hard_entropy"": 0.9934306847948604, ""occupied_clusters"": 6, ""rbf_marginal_entropy"": 1.7793984413146973, ""rbf_mean_row_entropy"": 0.03823397308588028, ""s0_marginal_entropy"": 1.7911922931671143, ""s0_mean_row_entropy"": 1.6914043426513672, ""utilization"": 1.0}"
88,SemgHandMovementCh2,LoSTer-AlignedInit,3,COMPLETE,a247dffdea50e236b171392b8c9336ecd4cc5727,c6d9ed15752182d8ced107b5e4f68d12474f3e83c5788e80ae13bd855840a217,2026-10-06T00:27:36.295604+00:00,2026-10-06T00:28:06.398720+00:00,30.07287129999986,cuda,NVIDIA GeForce GTX 1080,8,assignment-change,0.49022278906250016,G:\Articoli\Articoli da Completare\LoSTer 2026\pilot\artifacts\SemgHandMovementCh2\LoSTer-AlignedInit\seed-3\complete.pt,bbac9117425530cb0fe2525348761c2a90dcad47a61901897f97d8cb2f01c140,G:\Articoli\Articoli da Completare\LoSTer 2026\pilot\runs\SemgHandMovementCh2\LoSTer-AlignedInit\seed-3\predictions.npy,G:\Articoli\Articoli da Completare\LoSTer 2026\pilot\artifacts\SemgHandMovementCh2\LoSTer-AlignedInit\seed-3\manifest.json,"{""TEST"": ""b28e1dd781709df367e8ad422caac19660a5ed5682a3138310461cbf4573da35"", ""TRAIN"": ""ccabc71db1268515d9b7c223e13dc6ac24e8c65047bf15089a8de668455b12f7""}",0.11952638772029493,0.20018379124534366,0.7448621925596342,0.35555555555555557,82237952,"{""cluster_contrast"": 4.734928471701486, ""entropy"": -3.5771961893354143, ""instance"": 11.14549514225551, ""kmeans"": 0.7636312161173139, ""reconstruction"": 0.5906481231961932, ""total"": 13.657506534031459}","{""assignment_change_fraction"": 0.0, ""center_displacements"": [2.8945880330866203e-05, 5.9600504755508155e-05, 9.092753316508606e-05, 3.093897930739331e-06, 4.732603701995686e-05, 0.00010133640898857266], ""center_norms"": [9.173151016235352, 6.840426445007324, 9.90182876586914, 12.486458778381348, 9.0078125, 5.639009952545166], ""complete_collapse"": false, ""counts"": [113, 213, 153, 58, 171, 192], ""cumulative_hard_use"": [924, 1684, 1232, 464, 1373, 1523], ""dead_center_duration"": [0, 0, 0, 0, 0, 0], ""effective_cluster_count"": 5.610519313211669, ""hard_entropy"": 1.724643284450282, ""maximum_cluster_fraction"": 0.23666666666666666, ""mean_nearest_squared_distance"": 185.7362518310547, ""minimum_center_separation"": 6.735830783843994, ""minimum_cluster_size"": 58, ""minimum_positive_size"": 58, ""near_collapse"": false, ""normalized_hard_entropy"": 0.9625417440619478, ""occupied_clusters"": 6, ""rbf_marginal_entropy"": 1.7248013019561768, ""rbf_mean_row_entropy"": 0.021192407235503197, ""s0_marginal_entropy"": 1.7887678146362305, ""s0_mean_row_entropy"": 1.6914043426513672, ""utilization"": 1.0}","{""assignment_change_fraction"": 0.0011111111111111111, ""center_displacements"": [4.5236745791044086e-05, 5.637417052639648e-05, 3.300478419987485e-05, 4.800896203960292e-05, 2.7285190299153328e-05, 7.019924669293687e-05], ""center_norms"": [8.405084609985352, 8.495798110961914, 9.037283897399902, 7.505340099334717, 8.504643440246582, 7.640894889831543], ""complete_collapse"": false, ""counts"": [199, 111, 136, 110, 136, 208], ""cumulative_hard_use"": [1574, 938, 1062, 911, 1048, 1667], ""dead_center_duration"": [0, 0, 0, 0, 0, 0], ""effective_cluster_count"": 5.8029314096105615, ""hard_entropy"": 1.7583632053231009, ""maximum_cluster_fraction"": 0.2311111111111111, ""mean_nearest_squared_distance"": 204.34681701660156, ""minimum_center_separation"": 8.182513236999512, ""minimum_cluster_size"": 110, ""minimum_positive_size"": 110, ""near_collapse"": false, ""normalized_hard_entropy"": 0.9813611902275353, ""occupied_clusters"": 6, ""rbf_marginal_entropy"": 1.759779930114746, ""rbf_mean_row_entropy"": 0.03834672272205353, ""s0_marginal_entropy"": 1.7900716066360474, ""s0_mean_row_entropy"": 1.6914043426513672, ""utilization"": 1.0}"
89,SemgHandMovementCh2,LoSTer-AlignedInit,4,COMPLETE,a247dffdea50e236b171392b8c9336ecd4cc5727,4145592cf83bd41a5820a30212d81ef7d6cfb26c6a6e6106198ffd4d7f88bd44,2026-10-06T00:28:08.304127+00:00,2026-10-06T00:28:28.400580+00:00,20.063789000000725,cuda,NVIDIA GeForce GTX 1080,6,assignment-change,1.1602906250000002,G:\Articoli\Articoli da Completare\LoSTer 2026\pilot\artifacts\SemgHandMovementCh2\LoSTer-AlignedInit\seed-4\complete.pt,6f0abe0fa59bb9191bf9bdd2231dc78434515e1e54e21e0c4d97ba67931b9358,G:\Articoli\Articoli da Completare\LoSTer 2026\pilot\runs\SemgHandMovementCh2\LoSTer-AlignedInit\seed-4\predictions.npy,G:\Articoli\Articoli da Completare\LoSTer 2026\pilot\artifacts\SemgHandMovementCh2\LoSTer-AlignedInit\seed-4\manifest.json,"{""TEST"": ""b28e1dd781709df367e8ad422caac19660a5ed5682a3138310461cbf4573da35"", ""TRAIN"": ""ccabc71db1268515d9b7c223e13dc6ac24e8c65047bf15089a8de668455b12f7""}",0.10753876442860384,0.2015679107131179,0.7355778024966012,0.35777777777777775,82237952,"{""cluster_contrast"": 4.735133784157889, ""entropy"": -3.575857775551932, ""instance"": 11.141882078988212, ""kmeans"": 0.767577452319009, ""reconstruction"": 0.5910230704716274, ""total"": 13.659758567810059}","{""assignment_change_fraction"": 0.0, ""center_displacements"": [6.551895785378292e-05, 3.059625669266097e-05, 6.783358549000695e-05, 1.8599926988827065e-05, 3.104760980932042e-05, 1.551316017867066e-05], ""center_norms"": [5.8832011222839355, 9.429011344909668, 6.937443256378174, 8.934206008911133, 8.07951545715332, 12.206611633300781], ""complete_collapse"": false, ""counts"": [212, 210, 205, 83, 133, 57], ""cumulative_hard_use"": [1266, 1299, 1202, 495, 788, 350], ""dead_center_duration"": [0, 0, 0, 0, 0, 0], ""effective_cluster_count"": 5.44250350803273, ""hard_entropy"": 1.694239158689101, ""maximum_cluster_fraction"": 0.23555555555555555, ""mean_nearest_squared_distance"": 190.52052307128906, ""minimum_center_separation"": 6.381377220153809, ""minimum_cluster_size"": 57, ""minimum_positive_size"": 57, ""near_collapse"": false, ""normalized_hard_entropy"": 0.9455728783836322, ""occupied_clusters"": 6, ""rbf_marginal_entropy"": 1.6943904161453247, ""rbf_mean_row_entropy"": 0.02445782534778118, ""s0_marginal_entropy"": 1.787319302558899, ""s0_mean_row_entropy"": 1.6914043426513672, ""utilization"": 1.0}","{""assignment_change_fraction"": 0.0077777777777777776, ""center_displacements"": [5.075786611996591e-05, 5.2782717830268666e-05, 5.687723751179874e-05, 5.640793824568391e-05, 5.969228732283227e-05, 7.23851117072627e-05], ""center_norms"": [7.655961036682129, 8.272621154785156, 9.615387916564941, 8.144498825073242, 8.670088768005371, 7.733395576477051], ""complete_collapse"": false, ""counts"": [159, 146, 121, 139, 222, 113], ""cumulative_hard_use"": [968, 877, 716, 857, 1327, 655], ""dead_center_duration"": [0, 0, 0, 0, 0, 0], ""effective_cluster_count"": 5.843657633167957, ""hard_entropy"": 1.7653569078410367, ""maximum_cluster_fraction"": 0.24666666666666667, ""mean_nearest_squared_distance"": 201.7992706298828, ""minimum_center_separation"": 8.130935668945312, ""minimum_cluster_size"": 113, ""minimum_positive_size"": 113, ""near_collapse"": false, ""normalized_hard_entropy"": 0.9852644499217335, ""occupied_clusters"": 6, ""rbf_marginal_entropy"": 1.7650026082992554, ""rbf_mean_row_entropy"": 0.051883358508348465, ""s0_marginal_entropy"": 1.7903873920440674, ""s0_mean_row_entropy"": 1.6914043426513672, ""utilization"": 1.0}"
90,CinCECGTorso,LoSTer-Legacy-Clean,0,COMPLETE,a247dffdea50e236b171392b8c9336ecd4cc5727,04f927f82377cbdd2e6cda2204fc5960e368dbd5fcd4f54ff6eaa49cabb15d8d,2026-10-06T00:28:30.305556+00:00,2026-10-06T00:32:20.549968+00:00,230.2092606999995,cuda,NVIDIA GeForce GTX 1080,2,assignment-change,6.5,G:\Articoli\Articoli da Completare\LoSTer 2026\pilot\artifacts\CinCECGTorso\LoSTer-Legacy-Clean\seed-0\complete.pt,115a794c440189d42ee1e61c290f49ea1c180b7cb4a8a78c7a5ba8a0676d3dcf,G:\Articoli\Articoli da Completare\LoSTer 2026\pilot\runs\CinCECGTorso\LoSTer-Legacy-Clean\seed-0\predictions.npy,G:\Articoli\Articoli da Completare\LoSTer 2026\pilot\artifacts\CinCECGTorso\LoSTer-Legacy-Clean\seed-0\manifest.json,"{""TEST"": ""275fc4bb8bfe28c2f267a08538d05de9f354ad07ae1d43ebea59b583da9b7f5d"", ""TRAIN"": ""0dd93f5adc3a7bda151ae51a902d2401c68149eef785c4c5d31763f63b5dedf7""}",0.14390822098950798,0.26290085531654594,0.6611916743590507,0.4443661971830986,85236224,"{""cluster_contrast"": 3.8367879607460718, ""entropy"": -2.762893546711315, ""instance"": 11.183900486339223, ""kmeans"": 0.7952635992657054, ""reconstruction"": 0.06081852215257558, ""total"": 13.113877123052424}","{""assignment_change_fraction"": 0.0, ""center_displacements"": [0.0002750723797362298, 0.00015631903079338372, 0.00025301772984676063, 0.0001644414442125708], ""center_norms"": [6.285542964935303, 10.518928527832031, 6.427927017211914, 8.866558074951172], ""complete_collapse"": false, ""counts"": [568, 164, 386, 302], ""cumulative_hard_use"": [1136, 328, 772, 604], ""dead_center_duration"": [0, 0, 0, 0], ""effective_cluster_count"": 3.6660422826874757, ""hard_entropy"": 1.2991126830900825, ""maximum_cluster_fraction"": 0.4, ""mean_nearest_squared_distance"": 198.45945739746094, ""minimum_center_separation"": 10.241609573364258, ""minimum_cluster_size"": 164, ""minimum_positive_size"": 164, ""near_collapse"": false, ""normalized_hard_entropy"": 0.9371117127250088, ""occupied_clusters"": 4, ""rbf_marginal_entropy"": 1.2987533807754517, ""rbf_mean_row_entropy"": 0.0042909919284284115, ""s0_marginal_entropy"": 1.3786556720733643, ""s0_mean_row_entropy"": 1.2683014869689941, ""utilization"": 1.0}","{""assignment_change_fraction"": 0.0035211267605633804, ""center_displacements"": [0.000514871091581881, 0.0004772802349179983, 0.00030872199567966163, 0.0006509071099571884], ""center_norms"": [6.323604583740234, 5.690856456756592, 10.857782363891602, 4.795840740203857], ""complete_collapse"": false, ""counts"": [300, 422, 314, 384], ""cumulative_hard_use"": [600, 842, 628, 770], ""dead_center_duration"": [0, 0, 0, 0], ""effective_cluster_count"": 3.9605455562392415, ""hard_entropy"": 1.3763817825045064, ""maximum_cluster_fraction"": 0.2971830985915493, ""mean_nearest_squared_distance"": 207.73727416992188, ""minimum_center_separation"": 5.7700982093811035, ""minimum_cluster_size"": 300, ""minimum_positive_size"": 300, ""near_collapse"": false, ""normalized_hard_entropy"": 0.9928495859945816, ""occupied_clusters"": 4, ""rbf_marginal_entropy"": 1.3762634992599487, ""rbf_mean_row_entropy"": 0.034956734627485275, ""s0_marginal_entropy"": 1.3853974342346191, ""s0_mean_row_entropy"": 1.2683014869689941, ""utilization"": 1.0}"
91,CinCECGTorso,LoSTer-Legacy-Clean,1,COMPLETE,a247dffdea50e236b171392b8c9336ecd4cc5727,9b164fc866448e219a418d1fdfc89098acc516cc8a5cd18a3fc63a4dc64a67c0,2026-10-06T00:32:22.445317+00:00,2026-10-06T00:36:12.721350+00:00,230.24365319999924,cuda,NVIDIA GeForce GTX 1080,2,assignment-change,6.5,G:\Articoli\Articoli da Completare\LoSTer 2026\pilot\artifacts\CinCECGTorso\LoSTer-Legacy-Clean\seed-1\complete.pt,059e22622be3b869a1871d008898cfe6cc004273813a6fe3f949795e9b92a8f2,G:\Articoli\Articoli da Completare\LoSTer 2026\pilot\runs\CinCECGTorso\LoSTer-Legacy-Clean\seed-1\predictions.npy,G:\Articoli\Articoli da Completare\LoSTer 2026\pilot\artifacts\CinCECGTorso\LoSTer-Legacy-Clean\seed-1\manifest.json,"{""TEST"": ""275fc4bb8bfe28c2f267a08538d05de9f354ad07ae1d43ebea59b583da9b7f5d"", ""TRAIN"": ""0dd93f5adc3a7bda151ae51a902d2401c68149eef785c4c5d31763f63b5dedf7""}",0.18176593067479824,0.2876389857518516,0.6847740424222573,0.4394366197183099,85236224,"{""cluster_contrast"": 3.8265387144955723, ""entropy"": -2.762900720943104, ""instance"": 11.177091251720082, ""kmeans"": 0.7984012202783064, ""reconstruction"": 0.058740295469760895, ""total"": 13.097870826721191}","{""assignment_change_fraction"": 0.0007042253521126761, ""center_displacements"": [0.0001469162234570831, 0.0001181575862574391, 8.990350761450827e-05, 0.00016981941007543355], ""center_norms"": [8.676810264587402, 8.487316131591797, 7.6044020652771, 6.2800822257995605], ""complete_collapse"": false, ""counts"": [261, 332, 297, 530], ""cumulative_hard_use"": [521, 664, 594, 1061], ""dead_center_duration"": [0, 0, 0, 0], ""effective_cluster_count"": 3.8428854064594185, ""hard_entropy"": 1.3462234923661742, ""maximum_cluster_fraction"": 0.3732394366197183, ""mean_nearest_squared_distance"": 197.46002197265625, ""minimum_center_separation"": 10.728814125061035, ""minimum_cluster_size"": 261, ""minimum_positive_size"": 261, ""near_collapse"": false, ""normalized_hard_entropy"": 0.9710949781824505, ""occupied_clusters"": 4, ""rbf_marginal_entropy"": 1.3464007377624512, ""rbf_mean_row_entropy"": 0.004375654272735119, ""s0_marginal_entropy"": 1.3825106620788574, ""s0_mean_row_entropy"": 1.2683014869689941, ""utilization"": 1.0}","{""assignment_change_fraction"": 0.0028169014084507044, ""center_displacements"": [0.0002256864681839943, 0.00045963600859977305, 0.0004774175176862627, 0.0005719728069379926], ""center_norms"": [11.246892929077148, 7.4021711349487305, 5.298776149749756, 5.1205830574035645], ""complete_collapse"": false, ""counts"": [289, 237, 459, 435], ""cumulative_hard_use"": [576, 473, 919, 872], ""dead_center_duration"": [0, 0, 0, 0], ""effective_cluster_count"": 3.8585343401789536, ""hard_entropy"": 1.3502874067538368, ""maximum_cluster_fraction"": 0.3232394366197183, ""mean_nearest_squared_distance"": 209.79818725585938, ""minimum_center_separation"": 5.637694358825684, ""minimum_cluster_size"": 237, ""minimum_positive_size"": 237, ""near_collapse"": false, ""normalized_hard_entropy"": 0.9740264727492896, ""occupied_clusters"": 4, ""rbf_marginal_entropy"": 1.3504574298858643, ""rbf_mean_row_entropy"": 0.037105247378349304, ""s0_marginal_entropy"": 1.383103847503662, ""s0_mean_row_entropy"": 1.2683014869689941, ""utilization"": 1.0}"
92,CinCECGTorso,LoSTer-Legacy-Clean,2,COMPLETE,a247dffdea50e236b171392b8c9336ecd4cc5727,c2e05a7caabc20b00d156ff868bffcf75a71d220cf5785691b5a90da76053005,2026-10-06T00:36:14.620078+00:00,2026-10-06T00:40:04.920898+00:00,230.2678109999997,cuda,NVIDIA GeForce GTX 1080,4,assignment-change,2.74625,G:\Articoli\Articoli da Completare\LoSTer 2026\pilot\artifacts\CinCECGTorso\LoSTer-Legacy-Clean\seed-2\complete.pt,55fdbde2a406ec7126aa082476af70c9dbdf5bede5be5f735d8cc5ba859d41a2,G:\Articoli\Articoli da Completare\LoSTer 2026\pilot\runs\CinCECGTorso\LoSTer-Legacy-Clean\seed-2\predictions.npy,G:\Articoli\Articoli da Completare\LoSTer 2026\pilot\artifacts\CinCECGTorso\LoSTer-Legacy-Clean\seed-2\manifest.json,"{""TEST"": ""275fc4bb8bfe28c2f267a08538d05de9f354ad07ae1d43ebea59b583da9b7f5d"", ""TRAIN"": ""0dd93f5adc3a7bda151ae51a902d2401c68149eef785c4c5d31763f63b5dedf7""}",0.19992780964597584,0.2984790869018595,0.6987652482903056,0.4422535211267606,85236224,"{""cluster_contrast"": 3.8248848698355933, ""entropy"": -2.7690191702409224, ""instance"": 11.174012877724387, ""kmeans"": 0.789176426150582, ""reconstruction"": 0.05798866159536622, ""total"": 13.07704344662753}","{""assignment_change_fraction"": 0.0007042253521126761, ""center_displacements"": [0.0003116066218353808, 0.00030365813290700316, 0.00020762078929692507, 0.00016276979295071214], ""center_norms"": [7.0747880935668945, 9.083194732666016, 6.723080635070801, 7.886053562164307], ""complete_collapse"": false, ""counts"": [427, 302, 349, 342], ""cumulative_hard_use"": [1712, 1198, 1399, 1371], ""dead_center_duration"": [0, 0, 0, 0], ""effective_cluster_count"": 3.9682566402228714, ""hard_entropy"": 1.3783268648066507, ""maximum_cluster_fraction"": 0.30070422535211266, ""mean_nearest_squared_distance"": 193.80067443847656, ""minimum_center_separation"": 10.025805473327637, ""minimum_cluster_size"": 302, ""minimum_positive_size"": 302, ""near_collapse"": false, ""normalized_hard_entropy"": 0.9942526662902939, ""occupied_clusters"": 4, ""rbf_marginal_entropy"": 1.3781381845474243, ""rbf_mean_row_entropy"": 0.004591761156916618, ""s0_marginal_entropy"": 1.3855654001235962, ""s0_mean_row_entropy"": 1.2683014869689941, ""utilization"": 1.0}","{""assignment_change_fraction"": 0.009859154929577466, ""center_displacements"": [0.0008752226713113487, 0.0007145086419768631, 0.0007121844100765884, 0.00031867052894085646], ""center_norms"": [5.255545139312744, 5.667621612548828, 6.024485111236572, 11.257129669189453], ""complete_collapse"": false, ""counts"": [396, 380, 339, 305], ""cumulative_hard_use"": [1609, 1517, 1350, 1204], ""dead_center_duration"": [0, 0, 0, 0], ""effective_cluster_count"": 3.9797501044492405, ""hard_entropy"": 1.3812190294982842, ""maximum_cluster_fraction"": 0.27887323943661974, ""mean_nearest_squared_distance"": 209.06838989257812, ""minimum_center_separation"": 6.277846813201904, ""minimum_cluster_size"": 305, ""minimum_positive_size"": 305, ""near_collapse"": false, ""normalized_hard_entropy"": 0.9963389221193208, ""occupied_clusters"": 4, ""rbf_marginal_entropy"": 1.3805903196334839, ""rbf_mean_row_entropy"": 0.04960187152028084, ""s0_marginal_entropy"": 1.385839819908142, ""s0_mean_row_entropy"": 1.2683014869689941, ""utilization"": 1.0}"
93,CinCECGTorso,LoSTer-Legacy-Clean,3,COMPLETE,a247dffdea50e236b171392b8c9336ecd4cc5727,26079426601066d3c90df1371063c833322f38cadfb89b6027a8d6352df46ac6,2026-10-06T00:40:06.808261+00:00,2026-10-06T00:44:07.056353+00:00,240.21546900000067,cuda,NVIDIA GeForce GTX 1080,6,assignment-change,1.1602906250000002,G:\Articoli\Articoli da Completare\LoSTer 2026\pilot\artifacts\CinCECGTorso\LoSTer-Legacy-Clean\seed-3\complete.pt,95bf856f882c2ff6216594e8cae7af92a0d90d2cdaa1ae08af2b18ad75bfc6c4,G:\Articoli\Articoli da Completare\LoSTer 2026\pilot\runs\CinCECGTorso\LoSTer-Legacy-Clean\seed-3\predictions.npy,G:\Articoli\Articoli da Completare\LoSTer 2026\pilot\artifacts\CinCECGTorso\LoSTer-Legacy-Clean\seed-3\manifest.json,"{""TEST"": ""275fc4bb8bfe28c2f267a08538d05de9f354ad07ae1d43ebea59b583da9b7f5d"", ""TRAIN"": ""0dd93f5adc3a7bda151ae51a902d2401c68149eef785c4c5d31763f63b5dedf7""}",0.13997210006349778,0.2539634535929401,0.660881993865944,0.4415492957746479,85236224,"{""cluster_contrast"": 3.8382212682203813, ""entropy"": -2.762607617811723, ""instance"": 11.15119778026234, ""kmeans"": 0.7919240539724176, ""reconstruction"": 0.06008623777465387, ""total"": 13.078821529041637}","{""assignment_change_fraction"": 0.0007042253521126761, ""center_displacements"": [4.274431921658106e-05, 4.6822115109534934e-05, 1.65520377777284e-05, 4.4728218199452385e-05], ""center_norms"": [10.405742645263672, 6.262430667877197, 9.223946571350098, 6.175714492797852], ""complete_collapse"": false, ""counts"": [173, 403, 289, 555], ""cumulative_hard_use"": [1034, 2419, 1725, 3342], ""dead_center_duration"": [0, 0, 0, 0], ""effective_cluster_count"": 3.688026084778549, ""hard_entropy"": 1.3050913785485507, ""maximum_cluster_fraction"": 0.3908450704225352, ""mean_nearest_squared_distance"": 195.4642333984375, ""minimum_center_separation"": 9.922383308410645, ""minimum_cluster_size"": 173, ""minimum_positive_size"": 173, ""near_collapse"": false, ""normalized_hard_entropy"": 0.9414244298694675, ""occupied_clusters"": 4, ""rbf_marginal_entropy"": 1.305780053138733, ""rbf_mean_row_entropy"": 0.005204930901527405, ""s0_marginal_entropy"": 1.3791656494140625, ""s0_mean_row_entropy"": 1.2683014869689941, ""utilization"": 1.0}","{""assignment_change_fraction"": 0.0007042253521126761, ""center_displacements"": [0.00010897196625592187, 9.645531827118248e-05, 0.00010672769712982699, 8.216671267291531e-05], ""center_norms"": [5.042755126953125, 6.696094512939453, 5.188709735870361, 10.797196388244629], ""complete_collapse"": false, ""counts"": [404, 283, 437, 296], ""cumulative_hard_use"": [2426, 1641, 2693, 1760], ""dead_center_duration"": [0, 0, 0, 0], ""effective_cluster_count"": 3.929908619230154, ""hard_entropy"": 1.368616173506549, ""maximum_cluster_fraction"": 0.3077464788732394, ""mean_nearest_squared_distance"": 209.68716430664062, ""minimum_center_separation"": 6.18862771987915, ""minimum_cluster_size"": 283, ""minimum_positive_size"": 283, ""near_collapse"": false, ""normalized_hard_entropy"": 0.9872478831991637, ""occupied_clusters"": 4, ""rbf_marginal_entropy"": 1.3678580522537231, ""rbf_mean_row_entropy"": 0.038619861006736755, ""s0_marginal_entropy"": 1.384702444076538, ""s0_mean_row_entropy"": 1.2683014869689941, ""utilization"": 1.0}"
94,CinCECGTorso,LoSTer-Legacy-Clean,4,COMPLETE,a247dffdea50e236b171392b8c9336ecd4cc5727,77fb070f6f20763583840f4e81229a16e1215253edfa6778cffb09a672e20121,2026-10-06T00:44:08.955585+00:00,2026-10-06T00:47:59.216610+00:00,230.22788539999965,cuda,NVIDIA GeForce GTX 1080,2,assignment-change,6.5,G:\Articoli\Articoli da Completare\LoSTer 2026\pilot\artifacts\CinCECGTorso\LoSTer-Legacy-Clean\seed-4\complete.pt,e03d307a22eb95582137639a77eba749dd30d31f23fa74b536c75c7787813b6e,G:\Articoli\Articoli da Completare\LoSTer 2026\pilot\runs\CinCECGTorso\LoSTer-Legacy-Clean\seed-4\predictions.npy,G:\Articoli\Articoli da Completare\LoSTer 2026\pilot\artifacts\CinCECGTorso\LoSTer-Legacy-Clean\seed-4\manifest.json,"{""TEST"": ""275fc4bb8bfe28c2f267a08538d05de9f354ad07ae1d43ebea59b583da9b7f5d"", ""TRAIN"": ""0dd93f5adc3a7bda151ae51a902d2401c68149eef785c4c5d31763f63b5dedf7""}",0.18763349723957942,0.27044587587497787,0.6922083593881825,0.4619718309859155,85236224,"{""cluster_contrast"": 3.820522503419356, ""entropy"": -2.7677041617306797, ""instance"": 11.1693696975708, ""kmeans"": 0.7965641184286638, ""reconstruction"": 0.06109597296877341, ""total"": 13.07984820279208}","{""assignment_change_fraction"": 0.0, ""center_displacements"": [0.00015537484432570636, 0.00018787539738696069, 0.00013661259436048567, 0.00016281254647765309], ""center_norms"": [9.37784194946289, 6.502650737762451, 7.5810980796813965, 7.674137592315674], ""complete_collapse"": false, ""counts"": [244, 419, 389, 368], ""cumulative_hard_use"": [488, 838, 778, 736], ""dead_center_duration"": [0, 0, 0, 0], ""effective_cluster_count"": 3.9252796987205762, ""hard_entropy"": 1.367437609515969, ""maximum_cluster_fraction"": 0.29507042253521126, ""mean_nearest_squared_distance"": 196.3780975341797, ""minimum_center_separation"": 10.683810234069824, ""minimum_cluster_size"": 244, ""minimum_positive_size"": 244, ""near_collapse"": false, ""normalized_hard_entropy"": 0.9863977289868737, ""occupied_clusters"": 4, ""rbf_marginal_entropy"": 1.3674471378326416, ""rbf_mean_row_entropy"": 0.005979933775961399, ""s0_marginal_entropy"": 1.3846765756607056, ""s0_mean_row_entropy"": 1.2683014869689941, ""utilization"": 1.0}","{""assignment_change_fraction"": 0.004929577464788733, ""center_displacements"": [0.0004359196173027158, 0.0005143711459822953, 0.0005781620275229216, 0.00028719432884827256], ""center_norms"": [5.16733455657959, 6.014442443847656, 5.514892101287842, 11.042162895202637], ""complete_collapse"": false, ""counts"": [446, 301, 382, 291], ""cumulative_hard_use"": [894, 600, 765, 581], ""dead_center_duration"": [0, 0, 0, 0], ""effective_cluster_count"": 3.9377765842192693, ""hard_entropy"": 1.3706162452960275, ""maximum_cluster_fraction"": 0.31408450704225355, ""mean_nearest_squared_distance"": 210.3858642578125, ""minimum_center_separation"": 6.445344924926758, ""minimum_cluster_size"": 291, ""minimum_positive_size"": 291, ""near_collapse"": false, ""normalized_hard_entropy"": 0.9886906300252151, ""occupied_clusters"": 4, ""rbf_marginal_entropy"": 1.3701508045196533, ""rbf_mean_row_entropy"": 0.04508987069129944, ""s0_marginal_entropy"": 1.3848674297332764, ""s0_mean_row_entropy"": 1.2683014869689941, ""utilization"": 1.0}"
95,CinCECGTorso,LoSTer-NoResoftmax,0,COMPLETE,a247dffdea50e236b171392b8c9336ecd4cc5727,73ec790d687a0d29561c312682a2b256ef7417ba3276c5b0bb5c8d8e779a73be,2026-10-06T00:48:01.124599+00:00,2026-10-06T00:48:21.217708+00:00,20.0605644999996,cuda,NVIDIA GeForce GTX 1080,6,assignment-change,1.1602906250000002,G:\Articoli\Articoli da Completare\LoSTer 2026\pilot\artifacts\CinCECGTorso\LoSTer-NoResoftmax\seed-0\complete.pt,69693c6afee145efc2f0237d257f1a84a209f375a28420f95a93cdf5605be147,G:\Articoli\Articoli da Completare\LoSTer 2026\pilot\runs\CinCECGTorso\LoSTer-NoResoftmax\seed-0\predictions.npy,G:\Articoli\Articoli da Completare\LoSTer 2026\pilot\artifacts\CinCECGTorso\LoSTer-NoResoftmax\seed-0\manifest.json,"{""TEST"": ""275fc4bb8bfe28c2f267a08538d05de9f354ad07ae1d43ebea59b583da9b7f5d"", ""TRAIN"": ""0dd93f5adc3a7bda151ae51a902d2401c68149eef785c4c5d31763f63b5dedf7""}",0.16811377571853936,0.2820690024964514,0.6752870996238176,0.4647887323943662,85175808,"{""cluster_contrast"": 3.6041402383284136, ""entropy"": -2.6845575245943936, ""instance"": 11.17775752327659, ""kmeans"": 0.7840599580244585, ""reconstruction"": 0.068627825176174, ""total"": 12.950027986006303}","{""assignment_change_fraction"": 0.0, ""center_displacements"": [9.513276745565236e-05, 4.881713266513543e-06, 0.00010199667303822935, 9.922991739585996e-05], ""center_norms"": [6.291066646575928, 10.517679214477539, 6.424790382385254, 8.864526748657227], ""complete_collapse"": false, ""counts"": [522, 174, 401, 323], ""cumulative_hard_use"": [3230, 1032, 2370, 1888], ""dead_center_duration"": [0, 0, 0, 0], ""effective_cluster_count"": 3.739750718689323, ""hard_entropy"": 1.3190189564481813, ""maximum_cluster_fraction"": 0.3676056338028169, ""mean_nearest_squared_distance"": 195.23089599609375, ""minimum_center_separation"": 10.242073059082031, ""minimum_cluster_size"": 174, ""minimum_positive_size"": 174, ""near_collapse"": false, ""normalized_hard_entropy"": 0.9514710536531634, ""occupied_clusters"": 4, ""rbf_marginal_entropy"": 1.3191297054290771, ""rbf_mean_row_entropy"": 0.0032977652736008167, ""s0_marginal_entropy"": 1.3805303573608398, ""s0_mean_row_entropy"": 1.2683014869689941, ""utilization"": 1.0}","{""assignment_change_fraction"": 0.004225352112676056, ""center_displacements"": [0.00032371756969951093, 0.00036798149812966585, 0.00017483386909589171, 0.0003691772581078112], ""center_norms"": [6.318691730499268, 5.692366123199463, 10.856818199157715, 4.79720401763916], ""complete_collapse"": false, ""counts"": [334, 382, 331, 373], ""cumulative_hard_use"": [1911, 2394, 1948, 2267], ""dead_center_duration"": [0, 0, 0, 0], ""effective_cluster_count"": 3.9917987406022406, ""hard_entropy"": 1.384241941497503, ""maximum_cluster_fraction"": 0.26901408450704223, ""mean_nearest_squared_distance"": 205.79653930664062, ""minimum_center_separation"": 5.7721428871154785, ""minimum_cluster_size"": 331, ""minimum_positive_size"": 331, ""near_collapse"": false, ""normalized_hard_entropy"": 0.9985194921944791, ""occupied_clusters"": 4, ""rbf_marginal_entropy"": 1.384200096130371, ""rbf_mean_row_entropy"": 0.03636612743139267, ""s0_marginal_entropy"": 1.3861091136932373, ""s0_mean_row_entropy"": 1.2683014869689941, ""utilization"": 1.0}"
96,CinCECGTorso,LoSTer-NoResoftmax,1,COMPLETE,a247dffdea50e236b171392b8c9336ecd4cc5727,88200b73a1cc4fed33971d71a289418ff50dd8cb3a9fd17f921c1897a3768876,2026-10-06T00:48:23.096712+00:00,2026-10-06T00:48:43.220162+00:00,20.0916468000014,cuda,NVIDIA GeForce GTX 1080,6,assignment-change,1.1602906250000002,G:\Articoli\Articoli da Completare\LoSTer 2026\pilot\artifacts\CinCECGTorso\LoSTer-NoResoftmax\seed-1\complete.pt,65e426b713ff3d2954fd9597a9c5d6e2953020d255724a2297f4d6d57738d686,G:\Articoli\Articoli da Completare\LoSTer 2026\pilot\runs\CinCECGTorso\LoSTer-NoResoftmax\seed-1\predictions.npy,G:\Articoli\Articoli da Completare\LoSTer 2026\pilot\artifacts\CinCECGTorso\LoSTer-NoResoftmax\seed-1\manifest.json,"{""TEST"": ""275fc4bb8bfe28c2f267a08538d05de9f354ad07ae1d43ebea59b583da9b7f5d"", ""TRAIN"": ""0dd93f5adc3a7bda151ae51a902d2401c68149eef785c4c5d31763f63b5dedf7""}",0.17653993909548424,0.27106269518345744,0.6839373095514596,0.44084507042253523,85175808,"{""cluster_contrast"": 3.5923223061995073, ""entropy"": -2.6972037011926826, ""instance"": 11.172579938715154, ""kmeans"": 0.7839655984531749, ""reconstruction"": 0.06193211844021624, ""total"": 12.913596413352273}","{""assignment_change_fraction"": 0.0, ""center_displacements"": [5.7186589401680976e-05, 9.300356759922579e-05, 4.53344764537178e-05, 0.00011400014773244038], ""center_norms"": [8.675899505615234, 8.48681926727295, 7.60392427444458, 6.28180456161499], ""complete_collapse"": false, ""counts"": [267, 339, 297, 517], ""cumulative_hard_use"": [1595, 2015, 1782, 3128], ""dead_center_duration"": [0, 0, 0, 0], ""effective_cluster_count"": 3.8624793883061495, ""hard_entropy"": 1.351309305848758, ""maximum_cluster_fraction"": 0.36408450704225354, ""mean_nearest_squared_distance"": 193.86141967773438, ""minimum_center_separation"": 10.730387687683105, ""minimum_cluster_size"": 267, ""minimum_positive_size"": 267, ""near_collapse"": false, ""normalized_hard_entropy"": 0.9747636171275553, ""occupied_clusters"": 4, ""rbf_marginal_entropy"": 1.35117769241333, ""rbf_mean_row_entropy"": 0.004999362863600254, ""s0_marginal_entropy"": 1.3830037117004395, ""s0_mean_row_entropy"": 1.2683014869689941, ""utilization"": 1.0}","{""assignment_change_fraction"": 0.002112676056338028, ""center_displacements"": [0.00015371748304460198, 0.0002533895312808454, 0.0003677071654237807, 0.00035651441430673003], ""center_norms"": [11.245473861694336, 7.398660659790039, 5.298451900482178, 5.121840476989746], ""complete_collapse"": false, ""counts"": [300, 297, 419, 404], ""cumulative_hard_use"": [1791, 1716, 2557, 2456], ""dead_center_duration"": [0, 0, 0, 0], ""effective_cluster_count"": 3.9490443770199986, ""hard_entropy"": 1.3734736197749242, ""maximum_cluster_fraction"": 0.29507042253521126, ""mean_nearest_squared_distance"": 207.17481994628906, ""minimum_center_separation"": 5.638660430908203, ""minimum_cluster_size"": 297, ""minimum_positive_size"": 297, ""near_collapse"": false, ""normalized_hard_entropy"": 0.9907517900205485, ""occupied_clusters"": 4, ""rbf_marginal_entropy"": 1.373241662979126, ""rbf_mean_row_entropy"": 0.0373380146920681, ""s0_marginal_entropy"": 1.3851404190063477, ""s0_mean_row_entropy"": 1.2683014869689941, ""utilization"": 1.0}"
97,CinCECGTorso,LoSTer-NoResoftmax,2,COMPLETE,a247dffdea50e236b171392b8c9336ecd4cc5727,0b9a9e9c7129ed630176916cf88d34fb1ac27b39f5c23decc9c83da320dea4bc,2026-10-06T00:48:45.202682+00:00,2026-10-06T00:49:05.328844+00:00,20.08094660000097,cuda,NVIDIA GeForce GTX 1080,6,assignment-change,1.1602906250000002,G:\Articoli\Articoli da Completare\LoSTer 2026\pilot\artifacts\CinCECGTorso\LoSTer-NoResoftmax\seed-2\complete.pt,7be72dd39cd13c4a4f85df817393ebf6b8e67f659313220ed22231030d8597d6,G:\Articoli\Articoli da Completare\LoSTer 2026\pilot\runs\CinCECGTorso\LoSTer-NoResoftmax\seed-2\predictions.npy,G:\Articoli\Articoli da Completare\LoSTer 2026\pilot\artifacts\CinCECGTorso\LoSTer-NoResoftmax\seed-2\manifest.json,"{""TEST"": ""275fc4bb8bfe28c2f267a08538d05de9f354ad07ae1d43ebea59b583da9b7f5d"", ""TRAIN"": ""0dd93f5adc3a7bda151ae51a902d2401c68149eef785c4c5d31763f63b5dedf7""}",0.19588149735417834,0.2940772728158667,0.6969786300608443,0.4387323943661972,85175808,"{""cluster_contrast"": 3.5836132873188364, ""entropy"": -2.7426110180941494, ""instance"": 11.17218390378085, ""kmeans"": 0.7833305163816973, ""reconstruction"": 0.061056305739012634, ""total"": 12.857572989030318}","{""assignment_change_fraction"": 0.0007042253521126761, ""center_displacements"": [7.25069985492155e-05, 0.0001211241033161059, 0.0001249421329703182, 2.766694888123311e-05], ""center_norms"": [7.074967384338379, 9.083048820495605, 6.722009181976318, 7.887228488922119], ""complete_collapse"": false, ""counts"": [431, 296, 354, 339], ""cumulative_hard_use"": [2594, 1776, 2106, 2044], ""dead_center_duration"": [0, 0, 0, 0], ""effective_cluster_count"": 3.9630537484224457, ""hard_entropy"": 1.377014876675612, ""maximum_cluster_fraction"": 0.30352112676056336, ""mean_nearest_squared_distance"": 192.8222198486328, ""minimum_center_separation"": 10.02529525756836, ""minimum_cluster_size"": 296, ""minimum_positive_size"": 296, ""near_collapse"": false, ""normalized_hard_entropy"": 0.9933062669051166, ""occupied_clusters"": 4, ""rbf_marginal_entropy"": 1.3768761157989502, ""rbf_mean_row_entropy"": 0.004643652122467756, ""s0_marginal_entropy"": 1.38544762134552, ""s0_mean_row_entropy"": 1.2683014869689941, ""utilization"": 1.0}","{""assignment_change_fraction"": 0.0035211267605633804, ""center_displacements"": [0.0004022772191092372, 0.00035539461532607675, 0.00033441552659496665, 9.152362326858565e-05], ""center_norms"": [5.255876064300537, 5.668875694274902, 6.021918773651123, 11.256406784057617], ""complete_collapse"": false, ""counts"": [383, 361, 359, 317], ""cumulative_hard_use"": [2287, 2214, 2127, 1892], ""dead_center_duration"": [0, 0, 0, 0], ""effective_cluster_count"": 3.9908283266959077, ""hard_entropy"": 1.3839988100313998, ""maximum_cluster_fraction"": 0.2697183098591549, ""mean_nearest_squared_distance"": 207.80435180664062, ""minimum_center_separation"": 6.2789998054504395, ""minimum_cluster_size"": 317, ""minimum_positive_size"": 317, ""near_collapse"": false, ""normalized_hard_entropy"": 0.9983441099142636, ""occupied_clusters"": 4, ""rbf_marginal_entropy"": 1.3839540481567383, ""rbf_mean_row_entropy"": 0.043125707656145096, ""s0_marginal_entropy"": 1.3860893249511719, ""s0_mean_row_entropy"": 1.2683014869689941, ""utilization"": 1.0}"
98,CinCECGTorso,LoSTer-NoResoftmax,3,COMPLETE,a247dffdea50e236b171392b8c9336ecd4cc5727,b0f272d6b35e365de97933ee07d4c2381caa6152903d4a8a543e51c33e21b4e0,2026-10-06T00:49:07.227882+00:00,2026-10-06T00:49:37.356831+00:00,30.0966413999995,cuda,NVIDIA GeForce GTX 1080,7,assignment-change,0.7541889062500001,G:\Articoli\Articoli da Completare\LoSTer 2026\pilot\artifacts\CinCECGTorso\LoSTer-NoResoftmax\seed-3\complete.pt,01b0bab9ae4d6990c1d6cb45c8ce1c9c7bd146238d3b1022f9139cf13003cdef,G:\Articoli\Articoli da Completare\LoSTer 2026\pilot\runs\CinCECGTorso\LoSTer-NoResoftmax\seed-3\predictions.npy,G:\Articoli\Articoli da Completare\LoSTer 2026\pilot\artifacts\CinCECGTorso\LoSTer-NoResoftmax\seed-3\manifest.json,"{""TEST"": ""275fc4bb8bfe28c2f267a08538d05de9f354ad07ae1d43ebea59b583da9b7f5d"", ""TRAIN"": ""0dd93f5adc3a7bda151ae51a902d2401c68149eef785c4c5d31763f63b5dedf7""}",0.1497288944438034,0.2524117906398092,0.6683996863492442,0.44577464788732396,85175808,"{""cluster_contrast"": 3.6321977485309946, ""entropy"": -2.6894560510461982, ""instance"": 11.156347188082608, ""kmeans"": 0.7863948453556407, ""reconstruction"": 0.06551717018539255, ""total"": 12.951000820506703}","{""assignment_change_fraction"": 0.0, ""center_displacements"": [3.914110493496992e-05, 4.407913002069108e-05, 0.0001258386910194531, 0.0001316581474384293], ""center_norms"": [10.403714179992676, 6.262109756469727, 9.222421646118164, 6.178229808807373], ""complete_collapse"": false, ""counts"": [193, 403, 295, 529], ""cumulative_hard_use"": [1307, 2826, 2052, 3755], ""dead_center_duration"": [0, 0, 0, 0], ""effective_cluster_count"": 3.7546790864035726, ""hard_entropy"": 1.3230028185555576, ""maximum_cluster_fraction"": 0.37253521126760564, ""mean_nearest_squared_distance"": 194.9116973876953, ""minimum_center_separation"": 9.923253059387207, ""minimum_cluster_size"": 193, ""minimum_positive_size"": 193, ""near_collapse"": false, ""normalized_hard_entropy"": 0.954344802706112, ""occupied_clusters"": 4, ""rbf_marginal_entropy"": 1.3229992389678955, ""rbf_mean_row_entropy"": 0.004120541270822287, ""s0_marginal_entropy"": 1.3807094097137451, ""s0_mean_row_entropy"": 1.2683014869689941, ""utilization"": 1.0}","{""assignment_change_fraction"": 0.004225352112676056, ""center_displacements"": [0.0003293106856290251, 0.00040849627112038434, 0.00045347053674049675, 0.00012396769307088107], ""center_norms"": [5.043356895446777, 6.690537452697754, 5.191555500030518, 10.795848846435547], ""complete_collapse"": false, ""counts"": [363, 356, 372, 329], ""cumulative_hard_use"": [2604, 2345, 2719, 2272], ""dead_center_duration"": [0, 0, 0, 0], ""effective_cluster_count"": 3.9958674270644963, ""hard_entropy"": 1.3852606838256716, ""maximum_cluster_fraction"": 0.2619718309859155, ""mean_nearest_squared_distance"": 207.3308868408203, ""minimum_center_separation"": 6.1876220703125, ""minimum_cluster_size"": 329, ""minimum_positive_size"": 329, ""near_collapse"": false, ""normalized_hard_entropy"": 0.9992543594468754, ""occupied_clusters"": 4, ""rbf_marginal_entropy"": 1.385170578956604, ""rbf_mean_row_entropy"": 0.03109840489923954, ""s0_marginal_entropy"": 1.3862018585205078, ""s0_mean_row_entropy"": 1.2683014869689941, ""utilization"": 1.0}"
99,CinCECGTorso,LoSTer-NoResoftmax,4,COMPLETE,a247dffdea50e236b171392b8c9336ecd4cc5727,ff70877af234bef1f5d0c8827a2fa91c3c0eccb83662d7ac6d7bc7969de2fb1c,2026-10-06T00:49:39.250094+00:00,2026-10-06T00:50:09.384426+00:00,30.101093799999944,cuda,NVIDIA GeForce GTX 1080,7,assignment-change,0.7541889062500001,G:\Articoli\Articoli da Completare\LoSTer 2026\pilot\artifacts\CinCECGTorso\LoSTer-NoResoftmax\seed-4\complete.pt,b8e57bbd2240372b0b8d4ee385a268d581b83ad9f2fc364df1cce412f8fe0468,G:\Articoli\Articoli da Completare\LoSTer 2026\pilot\runs\CinCECGTorso\LoSTer-NoResoftmax\seed-4\predictions.npy,G:\Articoli\Articoli da Completare\LoSTer 2026\pilot\artifacts\CinCECGTorso\LoSTer-NoResoftmax\seed-4\manifest.json,"{""TEST"": ""275fc4bb8bfe28c2f267a08538d05de9f354ad07ae1d43ebea59b583da9b7f5d"", ""TRAIN"": ""0dd93f5adc3a7bda151ae51a902d2401c68149eef785c4c5d31763f63b5dedf7""}",0.18997622806722075,0.2732822866666469,0.6940386505076973,0.45985915492957746,85175808,"{""cluster_contrast"": 3.548187190836126, ""entropy"": -2.7316115986217153, ""instance"": 11.169932625510476, ""kmeans"": 0.7784284461628307, ""reconstruction"": 0.06656770069490779, ""total"": 12.831504474986684}","{""assignment_change_fraction"": 0.0007042253521126761, ""center_displacements"": [4.968669964000583e-05, 5.837092612637207e-05, 1.1388199709472246e-05, 4.912533768219873e-05], ""center_norms"": [9.376094818115234, 6.503264427185059, 7.5814619064331055, 7.6744160652160645], ""complete_collapse"": false, ""counts"": [259, 405, 390, 366], ""cumulative_hard_use"": [1797, 2850, 2725, 2568], ""dead_center_duration"": [0, 0, 0, 0], ""effective_cluster_count"": 3.945316669249284, ""hard_entropy"": 1.3725292221153989, ""maximum_cluster_fraction"": 0.2852112676056338, ""mean_nearest_squared_distance"": 192.31422424316406, ""minimum_center_separation"": 10.683181762695312, ""minimum_cluster_size"": 259, ""minimum_positive_size"": 259, ""near_collapse"": false, ""normalized_hard_entropy"": 0.9900705511105363, ""occupied_clusters"": 4, ""rbf_marginal_entropy"": 1.3726415634155273, ""rbf_mean_row_entropy"": 0.003348494879901409, ""s0_marginal_entropy"": 1.3851053714752197, ""s0_mean_row_entropy"": 1.2683014869689941, ""utilization"": 1.0}","{""assignment_change_fraction"": 0.0028169014084507044, ""center_displacements"": [0.0005764320958405733, 0.0004049631825182587, 0.000526469899341464, 9.74361173575744e-05], ""center_norms"": [5.170626640319824, 6.010085105895996, 5.512501239776611, 11.039776802062988], ""complete_collapse"": false, ""counts"": [378, 330, 369, 343], ""cumulative_hard_use"": [2783, 2281, 2589, 2287], ""dead_center_duration"": [0, 0, 0, 0], ""effective_cluster_count"": 3.9940640541742694, ""hard_entropy"": 1.3848092724649899, ""maximum_cluster_fraction"": 0.2661971830985915, ""mean_nearest_squared_distance"": 206.043212890625, ""minimum_center_separation"": 6.445521831512451, ""minimum_cluster_size"": 330, ""minimum_positive_size"": 330, ""near_collapse"": false, ""normalized_hard_entropy"": 0.9989287349811471, ""occupied_clusters"": 4, ""rbf_marginal_entropy"": 1.3848090171813965, ""rbf_mean_row_entropy"": 0.03158409520983696, ""s0_marginal_entropy"": 1.3861604928970337, ""s0_mean_row_entropy"": 1.2683014869689941, ""utilization"": 1.0}"
100,CinCECGTorso,LoSTer-AlignedInit,0,COMPLETE,a247dffdea50e236b171392b8c9336ecd4cc5727,55602daf08cb00c322b79cb63199301773e074a4d8f55f5a0f661ed482fb251f,2026-10-06T00:50:11.294260+00:00,2026-10-06T00:50:31.416781+00:00,20.0895201000003,cuda,NVIDIA GeForce GTX 1080,2,assignment-change,6.5,G:\Articoli\Articoli da Completare\LoSTer 2026\pilot\artifacts\CinCECGTorso\LoSTer-AlignedInit\seed-0\complete.pt,600a8cee3c60f95d2c77f1755ed25cb63bd45e5c394e1bc2ea814711e41ca2bc,G:\Articoli\Articoli da Completare\LoSTer 2026\pilot\runs\CinCECGTorso\LoSTer-AlignedInit\seed-0\predictions.npy,G:\Articoli\Articoli da Completare\LoSTer 2026\pilot\artifacts\CinCECGTorso\LoSTer-AlignedInit\seed-0\manifest.json,"{""TEST"": ""275fc4bb8bfe28c2f267a08538d05de9f354ad07ae1d43ebea59b583da9b7f5d"", ""TRAIN"": ""0dd93f5adc3a7bda151ae51a902d2401c68149eef785c4c5d31763f63b5dedf7""}",0.14390822098950798,0.26290085531654594,0.6611916743590507,0.4443661971830986,85236224,"{""cluster_contrast"": 3.8196625492789527, ""entropy"": -2.76279878616333, ""instance"": 11.183945222334428, ""kmeans"": 0.7952355905012651, ""reconstruction"": 0.06080674650994214, ""total"": 13.096851348876953}","{""assignment_change_fraction"": 0.0, ""center_displacements"": [0.0002777361951302737, 0.00014915579231455922, 0.00021948055655229837, 0.00015905247710179538], ""center_norms"": [6.285438060760498, 10.518945693969727, 6.428158283233643, 8.866388320922852], ""complete_collapse"": false, ""counts"": [568, 164, 386, 302], ""cumulative_hard_use"": [1136, 328, 772, 604], ""dead_center_duration"": [0, 0, 0, 0], ""effective_cluster_count"": 3.6660422826874757, ""hard_entropy"": 1.2991126830900825, ""maximum_cluster_fraction"": 0.4, ""mean_nearest_squared_distance"": 198.38067626953125, ""minimum_center_separation"": 10.241690635681152, ""minimum_cluster_size"": 164, ""minimum_positive_size"": 164, ""near_collapse"": false, ""normalized_hard_entropy"": 0.9371117127250088, ""occupied_clusters"": 4, ""rbf_marginal_entropy"": 1.2992262840270996, ""rbf_mean_row_entropy"": 0.004723038990050554, ""s0_marginal_entropy"": 1.3786556720733643, ""s0_mean_row_entropy"": 1.2683014869689941, ""utilization"": 1.0}","{""assignment_change_fraction"": 0.004225352112676056, ""center_displacements"": [0.0004888114635832608, 0.00030394544592127204, 0.0006443730089813471, 0.0005317395552992821], ""center_norms"": [6.32367467880249, 10.857851028442383, 4.795487403869629, 5.691082954406738], ""complete_collapse"": false, ""counts"": [300, 316, 386, 418], ""cumulative_hard_use"": [599, 630, 772, 839], ""dead_center_duration"": [0, 0, 0, 0], ""effective_cluster_count"": 3.9626362087506735, ""hard_entropy"": 1.3769095130607307, ""maximum_cluster_fraction"": 0.2943661971830986, ""mean_nearest_squared_distance"": 207.69203186035156, ""minimum_center_separation"": 5.7699456214904785, ""minimum_cluster_size"": 300, ""minimum_positive_size"": 300, ""near_collapse"": false, ""normalized_hard_entropy"": 0.9932302631227768, ""occupied_clusters"": 4, ""rbf_marginal_entropy"": 1.3766357898712158, ""rbf_mean_row_entropy"": 0.035487644374370575, ""s0_marginal_entropy"": 1.3854467868804932, ""s0_mean_row_entropy"": 1.2683014869689941, ""utilization"": 1.0}"
101,CinCECGTorso,LoSTer-AlignedInit,1,COMPLETE,a247dffdea50e236b171392b8c9336ecd4cc5727,24bcf43e4b9b0c09c2803cdc669f4283a19ba7cf5b89f0036eb18df28e42456b,2026-10-06T00:50:33.302380+00:00,2026-10-06T00:50:53.426573+00:00,20.091629100001228,cuda,NVIDIA GeForce GTX 1080,2,assignment-change,6.5,G:\Articoli\Articoli da Completare\LoSTer 2026\pilot\artifacts\CinCECGTorso\LoSTer-AlignedInit\seed-1\complete.pt,718253a570cc8f56ea550a006eca144e62de4799fb38d6a240115fa6bc5c3db5,G:\Articoli\Articoli da Completare\LoSTer 2026\pilot\runs\CinCECGTorso\LoSTer-AlignedInit\seed-1\predictions.npy,G:\Articoli\Articoli da Completare\LoSTer 2026\pilot\artifacts\CinCECGTorso\LoSTer-AlignedInit\seed-1\manifest.json,"{""TEST"": ""275fc4bb8bfe28c2f267a08538d05de9f354ad07ae1d43ebea59b583da9b7f5d"", ""TRAIN"": ""0dd93f5adc3a7bda151ae51a902d2401c68149eef785c4c5d31763f63b5dedf7""}",0.1817457566361237,0.2898451114027701,0.6847512134115475,0.4394366197183099,85236224,"{""cluster_contrast"": 3.8410841768438164, ""entropy"": -2.7629705559123647, ""instance"": 11.177228494123979, ""kmeans"": 0.7982448935508728, ""reconstruction"": 0.05875371498140422, ""total"": 13.112340840426358}","{""assignment_change_fraction"": 0.0007042253521126761, ""center_displacements"": [0.0001853554422268644, 0.00018218734476249665, 0.00011765256203943864, 0.0001984106784220785], ""center_norms"": [8.676741600036621, 8.48727798461914, 7.604424476623535, 6.280144214630127], ""complete_collapse"": false, ""counts"": [260, 332, 298, 530], ""cumulative_hard_use"": [520, 665, 595, 1060], ""dead_center_duration"": [0, 0, 0, 0], ""effective_cluster_count"": 3.8425260011529416, ""hard_entropy"": 1.3461299631358763, ""maximum_cluster_fraction"": 0.3732394366197183, ""mean_nearest_squared_distance"": 197.43870544433594, ""minimum_center_separation"": 10.728696823120117, ""minimum_cluster_size"": 260, ""minimum_positive_size"": 260, ""near_collapse"": false, ""normalized_hard_entropy"": 0.9710275111040859, ""occupied_clusters"": 4, ""rbf_marginal_entropy"": 1.3461391925811768, ""rbf_mean_row_entropy"": 0.00514250760897994, ""s0_marginal_entropy"": 1.3825035095214844, ""s0_mean_row_entropy"": 1.2683014869689941, ""utilization"": 1.0}","{""assignment_change_fraction"": 0.006338028169014085, ""center_displacements"": [0.00021774152992293239, 0.0004867776879109442, 0.0004901417996734381, 0.0005027654115110636], ""center_norms"": [11.246817588806152, 7.402089595794678, 5.12037992477417, 5.298899173736572], ""complete_collapse"": false, ""counts"": [291, 240, 432, 457], ""cumulative_hard_use"": [580, 477, 867, 916], ""dead_center_duration"": [0, 0, 0, 0], ""effective_cluster_count"": 3.865895829092955, ""hard_entropy"": 1.3521934350255251, ""maximum_cluster_fraction"": 0.321830985915493, ""mean_nearest_squared_distance"": 209.7156982421875, ""minimum_center_separation"": 5.6374430656433105, ""minimum_cluster_size"": 240, ""minimum_positive_size"": 240, ""near_collapse"": false, ""normalized_hard_entropy"": 0.975401381516969, ""occupied_clusters"": 4, ""rbf_marginal_entropy"": 1.3511347770690918, ""rbf_mean_row_entropy"": 0.03645336255431175, ""s0_marginal_entropy"": 1.383270025253296, ""s0_mean_row_entropy"": 1.2683014869689941, ""utilization"": 1.0}"
102,CinCECGTorso,LoSTer-AlignedInit,2,COMPLETE,a247dffdea50e236b171392b8c9336ecd4cc5727,9de063c075b90b919f436e21ec0af326515f5a3eadf78968fceff42c794516c9,2026-10-06T00:50:55.335174+00:00,2026-10-06T00:51:15.433713+00:00,20.064526999998634,cuda,NVIDIA GeForce GTX 1080,2,assignment-change,6.5,G:\Articoli\Articoli da Completare\LoSTer 2026\pilot\artifacts\CinCECGTorso\LoSTer-AlignedInit\seed-2\complete.pt,4b6adfa9c592886956c857d16083ba050ba09eafb99ecd864371d33fefe35415,G:\Articoli\Articoli da Completare\LoSTer 2026\pilot\runs\CinCECGTorso\LoSTer-AlignedInit\seed-2\predictions.npy,G:\Articoli\Articoli da Completare\LoSTer 2026\pilot\artifacts\CinCECGTorso\LoSTer-AlignedInit\seed-2\manifest.json,"{""TEST"": ""275fc4bb8bfe28c2f267a08538d05de9f354ad07ae1d43ebea59b583da9b7f5d"", ""TRAIN"": ""0dd93f5adc3a7bda151ae51a902d2401c68149eef785c4c5d31763f63b5dedf7""}",0.20023719354627753,0.3011261335248236,0.6987950252607966,0.44084507042253523,85236224,"{""cluster_contrast"": 3.830790302970193, ""entropy"": -2.7690065774050625, ""instance"": 11.17990762537176, ""kmeans"": 0.7947834946892478, ""reconstruction"": 0.057834664190357384, ""total"": 13.09430928663774}","{""assignment_change_fraction"": 0.0007042253521126761, ""center_displacements"": [0.00020137788669671863, 0.0001423111098119989, 0.00021575830760411918, 0.0001266264298465103], ""center_norms"": [7.074735641479492, 9.083106994628906, 6.723330974578857, 7.885756015777588], ""complete_collapse"": false, ""counts"": [428, 299, 350, 343], ""cumulative_hard_use"": [856, 597, 701, 686], ""dead_center_duration"": [0, 0, 0, 0], ""effective_cluster_count"": 3.9664841818147245, ""hard_entropy"": 1.3778801058066075, ""maximum_cluster_fraction"": 0.30140845070422534, ""mean_nearest_squared_distance"": 196.1699981689453, ""minimum_center_separation"": 10.025712966918945, ""minimum_cluster_size"": 299, ""minimum_positive_size"": 299, ""near_collapse"": false, ""normalized_hard_entropy"": 0.9939303977933764, ""occupied_clusters"": 4, ""rbf_marginal_entropy"": 1.3779106140136719, ""rbf_mean_row_entropy"": 0.0033532711677253246, ""s0_marginal_entropy"": 1.3855259418487549, ""s0_mean_row_entropy"": 1.2683014869689941, ""utilization"": 1.0}","{""assignment_change_fraction"": 0.01056338028169014, ""center_displacements"": [0.0005095699452795088, 0.0005342438234947622, 0.0003425539762247354, 0.0006091567338444293], ""center_norms"": [5.255304336547852, 6.025310039520264, 11.257314682006836, 5.667397975921631], ""complete_collapse"": false, ""counts"": [405, 328, 301, 386], ""cumulative_hard_use"": [814, 661, 602, 763], ""dead_center_duration"": [0, 0, 0, 0], ""effective_cluster_count"": 3.9717372811253426, ""hard_entropy"": 1.379203601277712, ""maximum_cluster_fraction"": 0.2852112676056338, ""mean_nearest_squared_distance"": 209.55545043945312, ""minimum_center_separation"": 6.277611255645752, ""minimum_cluster_size"": 301, ""minimum_positive_size"": 301, ""near_collapse"": false, ""normalized_hard_entropy"": 0.9948850979697772, ""occupied_clusters"": 4, ""rbf_marginal_entropy"": 1.3792574405670166, ""rbf_mean_row_entropy"": 0.050566501915454865, ""s0_marginal_entropy"": 1.3856570720672607, ""s0_mean_row_entropy"": 1.2683014869689941, ""utilization"": 1.0}"
103,CinCECGTorso,LoSTer-AlignedInit,3,COMPLETE,a247dffdea50e236b171392b8c9336ecd4cc5727,91a1257eafbed72f014c92ce2ee64e5e5bdb320204901167d4bc2c338aa895d1,2026-10-06T00:51:17.333908+00:00,2026-10-06T00:51:37.452908+00:00,20.083597599999848,cuda,NVIDIA GeForce GTX 1080,6,assignment-change,1.1602906250000002,G:\Articoli\Articoli da Completare\LoSTer 2026\pilot\artifacts\CinCECGTorso\LoSTer-AlignedInit\seed-3\complete.pt,ace33b0091646057a8e8f8569eb72b87eba58d73f3c4d79c8a8ef35edace3750,G:\Articoli\Articoli da Completare\LoSTer 2026\pilot\runs\CinCECGTorso\LoSTer-AlignedInit\seed-3\predictions.npy,G:\Articoli\Articoli da Completare\LoSTer 2026\pilot\artifacts\CinCECGTorso\LoSTer-AlignedInit\seed-3\manifest.json,"{""TEST"": ""275fc4bb8bfe28c2f267a08538d05de9f354ad07ae1d43ebea59b583da9b7f5d"", ""TRAIN"": ""0dd93f5adc3a7bda151ae51a902d2401c68149eef785c4c5d31763f63b5dedf7""}",0.13848071633318992,0.2516532048055673,0.6600432758637803,0.44014084507042256,85236224,"{""cluster_contrast"": 3.804705489765514, ""entropy"": -2.7620485695925625, ""instance"": 11.151334675875576, ""kmeans"": 0.791319646618583, ""reconstruction"": 0.05979370630600236, ""total"": 13.045104893771084}","{""assignment_change_fraction"": 0.0, ""center_displacements"": [2.0501252947724424e-05, 3.860227297991514e-05, 4.903572698822245e-05, 7.270494825206697e-05], ""center_norms"": [10.405472755432129, 6.262834072113037, 9.224361419677734, 6.175348281860352], ""complete_collapse"": false, ""counts"": [175, 403, 284, 558], ""cumulative_hard_use"": [1043, 2419, 1706, 3352], ""dead_center_duration"": [0, 0, 0, 0], ""effective_cluster_count"": 3.68544415460902, ""hard_entropy"": 1.304391048801164, ""maximum_cluster_fraction"": 0.3929577464788732, ""mean_nearest_squared_distance"": 195.39840698242188, ""minimum_center_separation"": 9.92265510559082, ""minimum_cluster_size"": 175, ""minimum_positive_size"": 175, ""near_collapse"": false, ""normalized_hard_entropy"": 0.9409192487426966, ""occupied_clusters"": 4, ""rbf_marginal_entropy"": 1.3045554161071777, ""rbf_mean_row_entropy"": 0.005460209678858519, ""s0_marginal_entropy"": 1.379072666168213, ""s0_mean_row_entropy"": 1.2683014869689941, ""utilization"": 1.0}","{""assignment_change_fraction"": 0.0, ""center_displacements"": [5.867140498594381e-05, 0.00011256755533395335, 9.74931608652696e-05, 0.00012232494191266596], ""center_norms"": [10.796852111816406, 5.041844844818115, 6.6976118087768555, 5.188756465911865], ""complete_collapse"": false, ""counts"": [298, 407, 271, 444], ""cumulative_hard_use"": [1784, 2438, 1611, 2687], ""dead_center_duration"": [0, 0, 0, 0], ""effective_cluster_count"": 3.9173893044935344, ""hard_entropy"": 1.3654254381783673, ""maximum_cluster_fraction"": 0.3126760563380282, ""mean_nearest_squared_distance"": 209.45347595214844, ""minimum_center_separation"": 6.188228130340576, ""minimum_cluster_size"": 271, ""minimum_positive_size"": 271, ""near_collapse"": false, ""normalized_hard_entropy"": 0.9849462541817852, ""occupied_clusters"": 4, ""rbf_marginal_entropy"": 1.364931583404541, ""rbf_mean_row_entropy"": 0.035519540309906006, ""s0_marginal_entropy"": 1.3844201564788818, ""s0_mean_row_entropy"": 1.2683014869689941, ""utilization"": 1.0}"
104,CinCECGTorso,LoSTer-AlignedInit,4,COMPLETE,a247dffdea50e236b171392b8c9336ecd4cc5727,015e427f0dc1fdb0247498344eff30a5990f3efda326c6ccbe62febd9389be39,2026-10-06T00:51:39.343719+00:00,2026-10-06T00:52:09.483094+00:00,30.09064010000111,cuda,NVIDIA GeForce GTX 1080,6,assignment-change,1.1602906250000002,G:\Articoli\Articoli da Completare\LoSTer 2026\pilot\artifacts\CinCECGTorso\LoSTer-AlignedInit\seed-4\complete.pt,fef60d16620940d4c0c64efc146ad22c60c7d7c2cf81da00157356a570bdb43c,G:\Articoli\Articoli da Completare\LoSTer 2026\pilot\runs\CinCECGTorso\LoSTer-AlignedInit\seed-4\predictions.npy,G:\Articoli\Articoli da Completare\LoSTer 2026\pilot\artifacts\CinCECGTorso\LoSTer-AlignedInit\seed-4\manifest.json,"{""TEST"": ""275fc4bb8bfe28c2f267a08538d05de9f354ad07ae1d43ebea59b583da9b7f5d"", ""TRAIN"": ""0dd93f5adc3a7bda151ae51a902d2401c68149eef785c4c5d31763f63b5dedf7""}",0.18852345193460388,0.2714754682494262,0.6925875194791016,0.4612676056338028,85236224,"{""cluster_contrast"": 3.807019927284934, ""entropy"": -2.7678287246010522, ""instance"": 11.160902976989746, ""kmeans"": 0.7867821996862238, ""reconstruction"": 0.06106964431025765, ""total"": 13.04794623635032}","{""assignment_change_fraction"": 0.0, ""center_displacements"": [1.830386827350594e-05, 3.221078441129066e-05, 5.474158388096839e-05, 5.562473234022036e-05], ""center_norms"": [9.377967834472656, 6.502622604370117, 7.581055164337158, 7.674391746520996], ""complete_collapse"": false, ""counts"": [244, 416, 391, 369], ""cumulative_hard_use"": [1463, 2502, 2342, 2213], ""dead_center_duration"": [0, 0, 0, 0], ""effective_cluster_count"": 3.9260015617930066, ""hard_entropy"": 1.3676214936618842, ""maximum_cluster_fraction"": 0.29295774647887324, ""mean_nearest_squared_distance"": 192.68446350097656, ""minimum_center_separation"": 10.683755874633789, ""minimum_cluster_size"": 244, ""minimum_positive_size"": 244, ""near_collapse"": false, ""normalized_hard_entropy"": 0.9865303733595787, ""occupied_clusters"": 4, ""rbf_marginal_entropy"": 1.3676007986068726, ""rbf_mean_row_entropy"": 0.005122422240674496, ""s0_marginal_entropy"": 1.3846944570541382, ""s0_mean_row_entropy"": 1.2683014869689941, ""utilization"": 1.0}","{""assignment_change_fraction"": 0.0014084507042253522, ""center_displacements"": [9.964655328076333e-05, 0.00010991201270371675, 0.00011010192247340456, 4.1843191866064444e-05], ""center_norms"": [6.0148701667785645, 5.166943073272705, 5.51434850692749, 11.042141914367676], ""complete_collapse"": false, ""counts"": [312, 447, 375, 286], ""cumulative_hard_use"": [1835, 2683, 2276, 1726], ""dead_center_duration"": [0, 0, 0, 0], ""effective_cluster_count"": 3.939991739113747, ""hard_entropy"": 1.3711786266360066, ""maximum_cluster_fraction"": 0.3147887323943662, ""mean_nearest_squared_distance"": 209.8317108154297, ""minimum_center_separation"": 6.445427417755127, ""minimum_cluster_size"": 286, ""minimum_positive_size"": 286, ""near_collapse"": false, ""normalized_hard_entropy"": 0.9890963024103532, ""occupied_clusters"": 4, ""rbf_marginal_entropy"": 1.3714807033538818, ""rbf_mean_row_entropy"": 0.040165014564991, ""s0_marginal_entropy"": 1.3849170207977295, ""s0_mean_row_entropy"": 1.2683014869689941, ""utilization"": 1.0}"
105,StarLightCurves,LoSTer-Legacy-Clean,0,COMPLETE,a247dffdea50e236b171392b8c9336ecd4cc5727,79a6d718127f69fbbda887ba36171e43ce6667d0be74f853b673daa32d7d6356,2026-10-06T00:52:11.375038+00:00,2026-10-06T00:57:41.726258+00:00,330.3134936000006,cuda,NVIDIA GeForce GTX 1080,2,assignment-change,6.5,G:\Articoli\Articoli da Completare\LoSTer 2026\pilot\artifacts\StarLightCurves\LoSTer-Legacy-Clean\seed-0\complete.pt,1d0b23f9dfd7cfa4cb993a3df34b5e8de5ceeb9e5511abf1309b4fed27e929b1,G:\Articoli\Articoli da Completare\LoSTer 2026\pilot\runs\StarLightCurves\LoSTer-Legacy-Clean\seed-0\predictions.npy,G:\Articoli\Articoli da Completare\LoSTer 2026\pilot\artifacts\StarLightCurves\LoSTer-Legacy-Clean\seed-0\manifest.json,"{""TEST"": ""7644523320da405ecd86ab3a78dc25da71d621023cf7c243368439ca4b6767fc"", ""TRAIN"": ""8c171463318542bfed0414100f83acd5c659740bcbf648e2f0caf2fabde227bd""}",0.5091252383764447,0.6015203849468783,0.7650143280114559,0.7518406236466003,111821312,"{""cluster_contrast"": 3.123632606532839, ""entropy"": -2.191727214389377, ""instance"": 11.281614356570774, ""kmeans"": 0.44152996730473304, ""reconstruction"": 0.014467902675581476, ""total"": 12.669517517089844}","{""assignment_change_fraction"": 0.00032481593763534, ""center_displacements"": [0.004987493623048067, 0.003092448227107525, 0.0018802727572619915], ""center_norms"": [14.144024848937988, 13.678349494934082, 12.232664108276367], ""complete_collapse"": false, ""counts"": [3887, 2769, 2580], ""cumulative_hard_use"": [7777, 5535, 5160], ""dead_center_duration"": [0, 0, 0], ""effective_cluster_count"": 2.9495077003364782, ""hard_entropy"": 1.0816382751836329, ""maximum_cluster_fraction"": 0.4208531831961888, ""mean_nearest_squared_distance"": 84.91425323486328, ""minimum_center_separation"": 16.01960563659668, ""minimum_cluster_size"": 2580, ""minimum_positive_size"": 2580, ""near_collapse"": false, ""normalized_hard_entropy"": 0.9845495870931362, ""occupied_clusters"": 3, ""rbf_marginal_entropy"": 1.081648349761963, ""rbf_mean_row_entropy"": 0.0019670738838613033, ""s0_marginal_entropy"": 1.0963168144226074, ""s0_mean_row_entropy"": 0.9753278493881226, ""utilization"": 1.0}","{""assignment_change_fraction"": 0.01104374187960156, ""center_displacements"": [0.0022645718418061733, 0.0015825681621208787, 0.0037918451707810163], ""center_norms"": [10.267189979553223, 10.161211967468262, 10.548004150390625], ""complete_collapse"": false, ""counts"": [2552, 3056, 3628], ""cumulative_hard_use"": [5179, 6115, 7178], ""dead_center_duration"": [0, 0, 0], ""effective_cluster_count"": 2.9695335354279755, ""hard_entropy"": 1.0884048817011274, ""maximum_cluster_fraction"": 0.3928107405803378, ""mean_nearest_squared_distance"": 139.4824676513672, ""minimum_center_separation"": 11.101592063903809, ""minimum_cluster_size"": 2552, ""minimum_positive_size"": 2552, ""near_collapse"": false, ""normalized_hard_entropy"": 0.9907088177765085, ""occupied_clusters"": 3, ""rbf_marginal_entropy"": 1.0883890390396118, ""rbf_mean_row_entropy"": 0.012351089157164097, ""s0_marginal_entropy"": 1.0972613096237183, ""s0_mean_row_entropy"": 0.9753278493881226, ""utilization"": 1.0}"
106,StarLightCurves,LoSTer-Legacy-Clean,1,COMPLETE,a247dffdea50e236b171392b8c9336ecd4cc5727,28837931c6433a7420b387a18501e3539167d33f900de4b633d09a9b47b681ab,2026-10-06T00:57:43.664390+00:00,2026-10-06T01:03:54.043886+00:00,370.3487498000013,cuda,NVIDIA GeForce GTX 1080,7,assignment-change,0.7541889062500001,G:\Articoli\Articoli da Completare\LoSTer 2026\pilot\artifacts\StarLightCurves\LoSTer-Legacy-Clean\seed-1\complete.pt,9e012c0a98ff63a350c1cdb498f7b8ba3002dde03991544e10dca46d2d02cd6b,G:\Articoli\Articoli da Completare\LoSTer 2026\pilot\runs\StarLightCurves\LoSTer-Legacy-Clean\seed-1\predictions.npy,G:\Articoli\Articoli da Completare\LoSTer 2026\pilot\artifacts\StarLightCurves\LoSTer-Legacy-Clean\seed-1\manifest.json,"{""TEST"": ""7644523320da405ecd86ab3a78dc25da71d621023cf7c243368439ca4b6767fc"", ""TRAIN"": ""8c171463318542bfed0414100f83acd5c659740bcbf648e2f0caf2fabde227bd""}",0.5012071964757636,0.6067388360539319,0.7615877045238343,0.7438284971849285,111821312,"{""cluster_contrast"": 3.0993098351690502, ""entropy"": -2.193914979696274, ""instance"": 11.213284227583143, ""kmeans"": 0.43626568300856483, ""reconstruction"": 0.018202947607884806, ""total"": 12.573147734006247}","{""assignment_change_fraction"": 0.0, ""center_displacements"": [0.0006705594132654369, 0.000514243554789573, 0.00034774153027683496], ""center_norms"": [14.277748107910156, 13.822500228881836, 11.925745010375977], ""complete_collapse"": false, ""counts"": [3622, 3033, 2581], ""cumulative_hard_use"": [25699, 20889, 18064], ""dead_center_duration"": [0, 0, 0], ""effective_cluster_count"": 2.971463336063477, ""hard_entropy"": 1.0890545372202658, ""maximum_cluster_fraction"": 0.39216110870506715, ""mean_nearest_squared_distance"": 88.74790954589844, ""minimum_center_separation"": 15.369165420532227, ""minimum_cluster_size"": 2581, ""minimum_positive_size"": 2581, ""near_collapse"": false, ""normalized_hard_entropy"": 0.9913001597138229, ""occupied_clusters"": 3, ""rbf_marginal_entropy"": 1.0890246629714966, ""rbf_mean_row_entropy"": 0.0022889121901243925, ""s0_marginal_entropy"": 1.097343921661377, ""s0_mean_row_entropy"": 0.9753278493881226, ""utilization"": 1.0}","{""assignment_change_fraction"": 0.0018406236466002599, ""center_displacements"": [0.00045967637561261654, 0.0003943278861697763, 0.0008685484644956887], ""center_norms"": [10.571986198425293, 10.385873794555664, 10.18709659576416], ""complete_collapse"": false, ""counts"": [3002, 2962, 3272], ""cumulative_hard_use"": [21911, 21329, 21412], ""dead_center_duration"": [0, 0, 0], ""effective_cluster_count"": 2.9970297745481855, ""hard_entropy"": 1.097621723069356, ""maximum_cluster_fraction"": 0.35426591598094415, ""mean_nearest_squared_distance"": 134.47817993164062, ""minimum_center_separation"": 11.52579402923584, ""minimum_cluster_size"": 2962, ""minimum_positive_size"": 2962, ""near_collapse"": false, ""normalized_hard_entropy"": 0.9990983483354671, ""occupied_clusters"": 3, ""rbf_marginal_entropy"": 1.0976905822753906, ""rbf_mean_row_entropy"": 0.013031451031565666, ""s0_marginal_entropy"": 1.098480224609375, ""s0_mean_row_entropy"": 0.9753278493881226, ""utilization"": 1.0}"
107,StarLightCurves,LoSTer-Legacy-Clean,2,COMPLETE,a247dffdea50e236b171392b8c9336ecd4cc5727,6b7c74e4db2c981c3525df0de8ecc0d6763d4fda175393db3d4f261671b9c2db,2026-10-06T01:03:56.090269+00:00,2026-10-06T01:09:56.450043+00:00,360.3226692999997,cuda,NVIDIA GeForce GTX 1080,7,assignment-change,0.7541889062500001,G:\Articoli\Articoli da Completare\LoSTer 2026\pilot\artifacts\StarLightCurves\LoSTer-Legacy-Clean\seed-2\complete.pt,bd8a970548db7a2b98bfb0c856dc61c5385c31de268719e9e7454416a8c66216,G:\Articoli\Articoli da Completare\LoSTer 2026\pilot\runs\StarLightCurves\LoSTer-Legacy-Clean\seed-2\predictions.npy,G:\Articoli\Articoli da Completare\LoSTer 2026\pilot\artifacts\StarLightCurves\LoSTer-Legacy-Clean\seed-2\manifest.json,"{""TEST"": ""7644523320da405ecd86ab3a78dc25da71d621023cf7c243368439ca4b6767fc"", ""TRAIN"": ""8c171463318542bfed0414100f83acd5c659740bcbf648e2f0caf2fabde227bd""}",0.50410975243741,0.6053881682299049,0.7628718676453312,0.7466435686444348,111821312,"{""cluster_contrast"": 3.128683365053601, ""entropy"": -2.192672547366884, ""instance"": 11.205517331759134, ""kmeans"": 0.4289863138563103, ""reconstruction"": 0.017193993294818535, ""total"": 12.587708473205566}","{""assignment_change_fraction"": 0.0008661758336942399, ""center_displacements"": [0.00032130785984918475, 0.0007147266296669841, 0.0004915783647447824], ""center_norms"": [12.061661720275879, 14.219672203063965, 13.673754692077637], ""complete_collapse"": false, ""counts"": [2582, 3717, 2937], ""cumulative_hard_use"": [18074, 26466, 20112], ""dead_center_duration"": [0, 0, 0], ""effective_cluster_count"": 2.9652060709686494, ""hard_entropy"": 1.0869465312044593, ""maximum_cluster_fraction"": 0.4024469467301862, ""mean_nearest_squared_distance"": 88.62274169921875, ""minimum_center_separation"": 15.550156593322754, ""minimum_cluster_size"": 2582, ""minimum_positive_size"": 2582, ""near_collapse"": false, ""normalized_hard_entropy"": 0.9893813699482705, ""occupied_clusters"": 3, ""rbf_marginal_entropy"": 1.0869624614715576, ""rbf_mean_row_entropy"": 0.0016612190520390868, ""s0_marginal_entropy"": 1.0970511436462402, ""s0_mean_row_entropy"": 0.9753278493881226, ""utilization"": 1.0}","{""assignment_change_fraction"": 0.0011909917713295798, ""center_displacements"": [0.0005370500730350614, 0.00035034914617426693, 0.00039654463762417436], ""center_norms"": [10.460478782653809, 10.725661277770996, 10.298933029174805], ""complete_collapse"": false, ""counts"": [3599, 3109, 2528], ""cumulative_hard_use"": [24742, 22049, 17861], ""dead_center_duration"": [0, 0, 0], ""effective_cluster_count"": 2.9695218904637533, ""hard_entropy"": 1.088400960214161, ""maximum_cluster_fraction"": 0.38967085318319616, ""mean_nearest_squared_distance"": 130.78050231933594, ""minimum_center_separation"": 11.369962692260742, ""minimum_cluster_size"": 2528, ""minimum_positive_size"": 2528, ""near_collapse"": false, ""normalized_hard_entropy"": 0.9907052482852451, ""occupied_clusters"": 3, ""rbf_marginal_entropy"": 1.0884462594985962, ""rbf_mean_row_entropy"": 0.01266845129430294, ""s0_marginal_entropy"": 1.0972682237625122, ""s0_mean_row_entropy"": 0.9753278493881226, ""utilization"": 1.0}"
108,StarLightCurves,LoSTer-Legacy-Clean,3,COMPLETE,a247dffdea50e236b171392b8c9336ecd4cc5727,002f2d74954633d43a339a3d5c9096bea5a3c165677b0580971e7b493805d399,2026-10-06T01:09:58.351174+00:00,2026-10-06T01:15:38.714528+00:00,340.3244259000003,cuda,NVIDIA GeForce GTX 1080,4,assignment-change,2.74625,G:\Articoli\Articoli da Completare\LoSTer 2026\pilot\artifacts\StarLightCurves\LoSTer-Legacy-Clean\seed-3\complete.pt,a431979a920b9eb91789e364d07827aef5a4fbcbd8b229a6cf6b13c233e78d44,G:\Articoli\Articoli da Completare\LoSTer 2026\pilot\runs\StarLightCurves\LoSTer-Legacy-Clean\seed-3\predictions.npy,G:\Articoli\Articoli da Completare\LoSTer 2026\pilot\artifacts\StarLightCurves\LoSTer-Legacy-Clean\seed-3\manifest.json,"{""TEST"": ""7644523320da405ecd86ab3a78dc25da71d621023cf7c243368439ca4b6767fc"", ""TRAIN"": ""8c171463318542bfed0414100f83acd5c659740bcbf648e2f0caf2fabde227bd""}",0.5099210523324104,0.6029029378298537,0.7653486052904257,0.7520571676050238,111821312,"{""cluster_contrast"": 3.121659288803736, ""entropy"": -2.189450263977051, ""instance"": 11.215277896987068, ""kmeans"": 0.42114822732077706, ""reconstruction"": 0.01722715687679334, ""total"": 12.585862345165676}","{""assignment_change_fraction"": 0.00010827197921177999, ""center_displacements"": [0.002887133974581957, 0.004065470304340124, 0.006583269219845533], ""center_norms"": [12.287651062011719, 13.590126991271973, 14.10573959350586], ""complete_collapse"": false, ""counts"": [2581, 2742, 3913], ""cumulative_hard_use"": [10324, 11036, 15584], ""dead_center_duration"": [0, 0, 0], ""effective_cluster_count"": 2.9466457223941935, ""hard_entropy"": 1.080667480171406, ""maximum_cluster_fraction"": 0.42366825465569513, ""mean_nearest_squared_distance"": 85.50299072265625, ""minimum_center_separation"": 16.153221130371094, ""minimum_cluster_size"": 2581, ""minimum_positive_size"": 2581, ""near_collapse"": false, ""normalized_hard_entropy"": 0.9836659313919937, ""occupied_clusters"": 3, ""rbf_marginal_entropy"": 1.080679178237915, ""rbf_mean_row_entropy"": 0.0012179542100057006, ""s0_marginal_entropy"": 1.0961827039718628, ""s0_mean_row_entropy"": 0.9753278493881226, ""utilization"": 1.0}","{""assignment_change_fraction"": 0.018081420528367257, ""center_displacements"": [0.006180393043905497, 0.002482885029166937, 0.002397229429334402], ""center_norms"": [10.837474822998047, 10.440362930297852, 10.30720043182373], ""complete_collapse"": false, ""counts"": [4043, 2892, 2301], ""cumulative_hard_use"": [15449, 12124, 9371], ""dead_center_duration"": [0, 0, 0], ""effective_cluster_count"": 2.9196176154932436, ""hard_entropy"": 1.071452654106815, ""maximum_cluster_fraction"": 0.43774361195322653, ""mean_nearest_squared_distance"": 128.55088806152344, ""minimum_center_separation"": 10.866835594177246, ""minimum_cluster_size"": 2301, ""minimum_positive_size"": 2301, ""near_collapse"": false, ""normalized_hard_entropy"": 0.9752782352414595, ""occupied_clusters"": 3, ""rbf_marginal_entropy"": 1.0712413787841797, ""rbf_mean_row_entropy"": 0.011288521811366081, ""s0_marginal_entropy"": 1.0949840545654297, ""s0_mean_row_entropy"": 0.9753278493881226, ""utilization"": 1.0}"
109,StarLightCurves,LoSTer-Legacy-Clean,4,COMPLETE,a247dffdea50e236b171392b8c9336ecd4cc5727,9e801b2869f96f69c26fdd59a735c9c949333c00fadfa376963fa9c5e0919955,2026-10-06T01:15:40.610211+00:00,2026-10-06T01:21:30.919499+00:00,350.2708132000007,cuda,NVIDIA GeForce GTX 1080,6,assignment-change,1.1602906250000002,G:\Articoli\Articoli da Completare\LoSTer 2026\pilot\artifacts\StarLightCurves\LoSTer-Legacy-Clean\seed-4\complete.pt,3b368a8a5c2f8d134fe2a04c6a43687005406f82632be741341d13e3df8b62b8,G:\Articoli\Articoli da Completare\LoSTer 2026\pilot\runs\StarLightCurves\LoSTer-Legacy-Clean\seed-4\predictions.npy,G:\Articoli\Articoli da Completare\LoSTer 2026\pilot\artifacts\StarLightCurves\LoSTer-Legacy-Clean\seed-4\manifest.json,"{""TEST"": ""7644523320da405ecd86ab3a78dc25da71d621023cf7c243368439ca4b6767fc"", ""TRAIN"": ""8c171463318542bfed0414100f83acd5c659740bcbf648e2f0caf2fabde227bd""}",0.5020800811355205,0.6071773326662233,0.7619982352898418,0.7448029449978346,111821312,"{""cluster_contrast"": 3.106564895974265, ""entropy"": -2.1919277707735696, ""instance"": 11.204498569170633, ""kmeans"": 0.4351898406942685, ""reconstruction"": 0.016938574379310012, ""total"": 12.571264094776577}","{""assignment_change_fraction"": 0.00021654395842355997, ""center_displacements"": [0.000676971219945699, 0.0003194369201082736, 0.0005100685521028936], ""center_norms"": [14.085485458374023, 12.109504699707031, 13.646798133850098], ""complete_collapse"": false, ""counts"": [3629, 2581, 3026], ""cumulative_hard_use"": [22255, 15488, 17673], ""dead_center_duration"": [0, 0, 0], ""effective_cluster_count"": 2.971058901353642, ""hard_entropy"": 1.0889184217143237, ""maximum_cluster_fraction"": 0.3929190125595496, ""mean_nearest_squared_distance"": 89.03717803955078, ""minimum_center_separation"": 15.951611518859863, ""minimum_cluster_size"": 2581, ""minimum_positive_size"": 2581, ""near_collapse"": false, ""normalized_hard_entropy"": 0.9911762620409623, ""occupied_clusters"": 3, ""rbf_marginal_entropy"": 1.088927984237671, ""rbf_mean_row_entropy"": 0.001486277673393488, ""s0_marginal_entropy"": 1.097325086593628, ""s0_mean_row_entropy"": 0.9753278493881226, ""utilization"": 1.0}","{""assignment_change_fraction"": 0.0010827197921178, ""center_displacements"": [0.0003839809796772897, 0.0006190924323163927, 0.0003465361660346389], ""center_norms"": [10.343323707580566, 10.199512481689453, 10.694329261779785], ""complete_collapse"": false, ""counts"": [2321, 3570, 3345], ""cumulative_hard_use"": [14740, 20690, 19986], ""dead_center_duration"": [0, 0, 0], ""effective_cluster_count"": 2.951523382767554, ""hard_entropy"": 1.082321438000803, ""maximum_cluster_fraction"": 0.38653096578605456, ""mean_nearest_squared_distance"": 133.5695343017578, ""minimum_center_separation"": 11.32292652130127, ""minimum_cluster_size"": 2321, ""minimum_positive_size"": 2321, ""near_collapse"": false, ""normalized_hard_entropy"": 0.9851714286874974, ""occupied_clusters"": 3, ""rbf_marginal_entropy"": 1.082429051399231, ""rbf_mean_row_entropy"": 0.01169730443507433, ""s0_marginal_entropy"": 1.0965155363082886, ""s0_mean_row_entropy"": 0.9753278493881226, ""utilization"": 1.0}"
110,StarLightCurves,LoSTer-NoResoftmax,0,COMPLETE,a247dffdea50e236b171392b8c9336ecd4cc5727,e9563f8150f78b92a433a93e998b258ebb526c73a6890dc577bbba7740c5cf2d,2026-10-06T01:21:32.806074+00:00,2026-10-06T01:21:52.915200+00:00,20.071392199999536,cuda,NVIDIA GeForce GTX 1080,2,assignment-change,6.5,G:\Articoli\Articoli da Completare\LoSTer 2026\pilot\artifacts\StarLightCurves\LoSTer-NoResoftmax\seed-0\complete.pt,5a0f2a7591d9a8f0105637d7f7a5a6fb3d84e11fe7881375d4561f2cdb4c2404,G:\Articoli\Articoli da Completare\LoSTer 2026\pilot\runs\StarLightCurves\LoSTer-NoResoftmax\seed-0\predictions.npy,G:\Articoli\Articoli da Completare\LoSTer 2026\pilot\artifacts\StarLightCurves\LoSTer-NoResoftmax\seed-0\manifest.json,"{""TEST"": ""7644523320da405ecd86ab3a78dc25da71d621023cf7c243368439ca4b6767fc"", ""TRAIN"": ""8c171463318542bfed0414100f83acd5c659740bcbf648e2f0caf2fabde227bd""}",0.50783243417836,0.6022898558092993,0.7644752308649354,0.7506496318752707,111821312,"{""cluster_contrast"": 2.915626304017173, ""entropy"": -2.154606693320804, ""instance"": 11.281934711668226, ""kmeans"": 0.4425984223683675, ""reconstruction"": 0.017096344847232103, ""total"": 12.502649042341444}","{""assignment_change_fraction"": 0.0008661758336942399, ""center_displacements"": [0.0048564705066382885, 0.0033387511502951384, 0.001879562740214169], ""center_norms"": [14.144109725952148, 13.678178787231445, 12.232673645019531], ""complete_collapse"": false, ""counts"": [3840, 2816, 2580], ""cumulative_hard_use"": [7672, 5640, 5160], ""dead_center_duration"": [0, 0, 0], ""effective_cluster_count"": 2.9543844090329445, ""hard_entropy"": 1.0832903073397955, ""maximum_cluster_fraction"": 0.4157644001732352, ""mean_nearest_squared_distance"": 85.30318450927734, ""minimum_center_separation"": 16.019329071044922, ""minimum_cluster_size"": 2580, ""minimum_positive_size"": 2580, ""near_collapse"": false, ""normalized_hard_entropy"": 0.9860533315653244, ""occupied_clusters"": 3, ""rbf_marginal_entropy"": 1.0833284854888916, ""rbf_mean_row_entropy"": 0.0017869261791929603, ""s0_marginal_entropy"": 1.0965451002120972, ""s0_mean_row_entropy"": 0.9753278493881226, ""utilization"": 1.0}","{""assignment_change_fraction"": 0.02122130792550888, ""center_displacements"": [0.005784634035080671, 0.005306991282850504, 0.009912095032632351], ""center_norms"": [10.270462989807129, 10.165205001831055, 10.540339469909668], ""complete_collapse"": false, ""counts"": [2634, 2856, 3746], ""cumulative_hard_use"": [5296, 5751, 7425], ""dead_center_duration"": [0, 0, 0], ""effective_cluster_count"": 2.9645987727867253, ""hard_entropy"": 1.086741702141767, ""maximum_cluster_fraction"": 0.4055868341273278, ""mean_nearest_squared_distance"": 140.18075561523438, ""minimum_center_separation"": 11.11417007446289, ""minimum_cluster_size"": 2634, ""minimum_positive_size"": 2634, ""near_collapse"": false, ""normalized_hard_entropy"": 0.9891949265006547, ""occupied_clusters"": 3, ""rbf_marginal_entropy"": 1.0866676568984985, ""rbf_mean_row_entropy"": 0.011520786210894585, ""s0_marginal_entropy"": 1.0970139503479004, ""s0_mean_row_entropy"": 0.9753278493881226, ""utilization"": 1.0}"
111,StarLightCurves,LoSTer-NoResoftmax,1,COMPLETE,a247dffdea50e236b171392b8c9336ecd4cc5727,9e2f9b290e5895dbb96679e8a7c4a0a1306c12e7390421f8ad8ea844d7f2963a,2026-10-06T01:21:54.804405+00:00,2026-10-06T01:22:44.974693+00:00,50.13454009999987,cuda,NVIDIA GeForce GTX 1080,7,assignment-change,0.7541889062500001,G:\Articoli\Articoli da Completare\LoSTer 2026\pilot\artifacts\StarLightCurves\LoSTer-NoResoftmax\seed-1\complete.pt,2741ea0dcc46cf128079b5ee848c023af804c18fcc0eb7cab1f59de6bba62697,G:\Articoli\Articoli da Completare\LoSTer 2026\pilot\runs\StarLightCurves\LoSTer-NoResoftmax\seed-1\predictions.npy,G:\Articoli\Articoli da Completare\LoSTer 2026\pilot\artifacts\StarLightCurves\LoSTer-NoResoftmax\seed-1\manifest.json,"{""TEST"": ""7644523320da405ecd86ab3a78dc25da71d621023cf7c243368439ca4b6767fc"", ""TRAIN"": ""8c171463318542bfed0414100f83acd5c659740bcbf648e2f0caf2fabde227bd""}",0.5043218799862904,0.606846774437463,0.763019919464875,0.7471849285404937,111821312,"{""cluster_contrast"": 2.746583922041787, ""entropy"": -2.1683680845631494, ""instance"": 11.217798895306057, ""kmeans"": 0.44085443061259055, ""reconstruction"": 0.031263196349350944, ""total"": 12.268132381969028}","{""assignment_change_fraction"": 0.0007579038544824599, ""center_displacements"": [0.0007528134738095105, 0.00048704532673582435, 0.00035540518001653254], ""center_norms"": [14.276826858520508, 13.823278427124023, 11.9255952835083], ""complete_collapse"": false, ""counts"": [3677, 2978, 2581], ""cumulative_hard_use"": [25628, 20961, 18063], ""dead_center_duration"": [0, 0, 0], ""effective_cluster_count"": 2.968029835595326, ""hard_entropy"": 1.08789837767891, ""maximum_cluster_fraction"": 0.398116067561715, ""mean_nearest_squared_distance"": 89.37804412841797, ""minimum_center_separation"": 15.368850708007812, ""minimum_cluster_size"": 2581, ""minimum_positive_size"": 2581, ""near_collapse"": false, ""normalized_hard_entropy"": 0.990247777947042, ""occupied_clusters"": 3, ""rbf_marginal_entropy"": 1.0879004001617432, ""rbf_mean_row_entropy"": 0.0016637678490951657, ""s0_marginal_entropy"": 1.0971834659576416, ""s0_mean_row_entropy"": 0.9753278493881226, ""utilization"": 1.0}","{""assignment_change_fraction"": 0.00563014291901256, ""center_displacements"": [0.0006261068629100919, 0.00149151508230716, 0.0012912423117086291], ""center_norms"": [10.582616806030273, 10.401260375976562, 10.160938262939453], ""complete_collapse"": false, ""counts"": [2996, 2846, 3394], ""cumulative_hard_use"": [20986, 20019, 23647], ""dead_center_duration"": [0, 0, 0], ""effective_cluster_count"": 2.9916423781514747, ""hard_entropy"": 1.0958225269495347, ""maximum_cluster_fraction"": 0.3674750974447813, ""mean_nearest_squared_distance"": 136.28147888183594, ""minimum_center_separation"": 11.500490188598633, ""minimum_cluster_size"": 2846, ""minimum_positive_size"": 2846, ""near_collapse"": false, ""normalized_hard_entropy"": 0.9974606494508111, ""occupied_clusters"": 3, ""rbf_marginal_entropy"": 1.095746397972107, ""rbf_mean_row_entropy"": 0.010687255300581455, ""s0_marginal_entropy"": 1.0982398986816406, ""s0_mean_row_entropy"": 0.9753278493881226, ""utilization"": 1.0}"
112,StarLightCurves,LoSTer-NoResoftmax,2,COMPLETE,a247dffdea50e236b171392b8c9336ecd4cc5727,f95e4811cff38e4d8d7ff357b607acc09d58c98a2ec8168bd8df5104baa2617d,2026-10-06T01:22:46.880807+00:00,2026-10-06T01:23:37.016615+00:00,50.09982339999988,cuda,NVIDIA GeForce GTX 1080,7,assignment-change,0.7541889062500001,G:\Articoli\Articoli da Completare\LoSTer 2026\pilot\artifacts\StarLightCurves\LoSTer-NoResoftmax\seed-2\complete.pt,f9e7132ec993abcd70d6cd406c306daf89fd12c1346fdf2c2f7fe0aadb837f95,G:\Articoli\Articoli da Completare\LoSTer 2026\pilot\runs\StarLightCurves\LoSTer-NoResoftmax\seed-2\predictions.npy,G:\Articoli\Articoli da Completare\LoSTer 2026\pilot\artifacts\StarLightCurves\LoSTer-NoResoftmax\seed-2\manifest.json,"{""TEST"": ""7644523320da405ecd86ab3a78dc25da71d621023cf7c243368439ca4b6767fc"", ""TRAIN"": ""8c171463318542bfed0414100f83acd5c659740bcbf648e2f0caf2fabde227bd""}",0.4958051229567822,0.6103786869975837,0.7591176261623557,0.7375487223906453,111821312,"{""cluster_contrast"": 2.885088794761234, ""entropy"": -2.1662414603763156, ""instance"": 11.205298821131388, ""kmeans"": 0.43618648540642524, ""reconstruction"": 0.027695252689429455, ""total"": 12.388027946154276}","{""assignment_change_fraction"": 0.00021654395842355997, ""center_displacements"": [0.0003245048283133656, 0.0006269093137234449, 0.0006114449934102595], ""center_norms"": [12.061759948730469, 14.221259117126465, 13.672073364257812], ""complete_collapse"": false, ""counts"": [2582, 3463, 3191], ""cumulative_hard_use"": [18074, 24941, 21637], ""dead_center_duration"": [0, 0, 0], ""effective_cluster_count"": 2.9781601016505665, ""hard_entropy"": 1.0913056942843393, ""maximum_cluster_fraction"": 0.3749458640103941, ""mean_nearest_squared_distance"": 89.21342468261719, ""minimum_center_separation"": 15.549471855163574, ""minimum_cluster_size"": 2582, ""minimum_positive_size"": 2582, ""near_collapse"": false, ""normalized_hard_entropy"": 0.9933492511788408, ""occupied_clusters"": 3, ""rbf_marginal_entropy"": 1.091291904449463, ""rbf_mean_row_entropy"": 0.001549100037664175, ""s0_marginal_entropy"": 1.0976567268371582, ""s0_mean_row_entropy"": 0.9753278493881226, ""utilization"": 1.0}","{""assignment_change_fraction"": 0.0038977912516240795, ""center_displacements"": [0.0011640033917501569, 0.0012681519147008657, 0.0007956328336149454], ""center_norms"": [10.440919876098633, 10.734872817993164, 10.309221267700195], ""complete_collapse"": false, ""counts"": [3718, 2734, 2784], ""cumulative_hard_use"": [25429, 19725, 19498], ""dead_center_duration"": [0, 0, 0], ""effective_cluster_count"": 2.968707772205015, ""hard_entropy"": 1.0881267646002875, ""maximum_cluster_fraction"": 0.40255521870939803, ""mean_nearest_squared_distance"": 133.9374237060547, ""minimum_center_separation"": 11.417362213134766, ""minimum_cluster_size"": 2734, ""minimum_positive_size"": 2734, ""near_collapse"": false, ""normalized_hard_entropy"": 0.9904556646817283, ""occupied_clusters"": 3, ""rbf_marginal_entropy"": 1.0881747007369995, ""rbf_mean_row_entropy"": 0.011540979146957397, ""s0_marginal_entropy"": 1.0971964597702026, ""s0_mean_row_entropy"": 0.9753278493881226, ""utilization"": 1.0}"
113,StarLightCurves,LoSTer-NoResoftmax,3,COMPLETE,a247dffdea50e236b171392b8c9336ecd4cc5727,6fa6bb8a525116c63567ee5893160a7f413aa21b352cc032bf0cf8f89a9668b3,2026-10-06T01:23:38.910760+00:00,2026-10-06T01:24:49.065269+00:00,70.1218589,cuda,NVIDIA GeForce GTX 1080,12,assignment-change,0.08750783174008792,G:\Articoli\Articoli da Completare\LoSTer 2026\pilot\artifacts\StarLightCurves\LoSTer-NoResoftmax\seed-3\complete.pt,94b0e998a8515fd488998f10c74033fc344358d60987ead782b64b25c1f0a087,G:\Articoli\Articoli da Completare\LoSTer 2026\pilot\runs\StarLightCurves\LoSTer-NoResoftmax\seed-3\predictions.npy,G:\Articoli\Articoli da Completare\LoSTer 2026\pilot\artifacts\StarLightCurves\LoSTer-NoResoftmax\seed-3\manifest.json,"{""TEST"": ""7644523320da405ecd86ab3a78dc25da71d621023cf7c243368439ca4b6767fc"", ""TRAIN"": ""8c171463318542bfed0414100f83acd5c659740bcbf648e2f0caf2fabde227bd""}",0.49576419185378257,0.6123558491738277,0.7591087861978375,0.7375487223906453,111821312,"{""cluster_contrast"": 2.8845667706595526, ""entropy"": -2.147611015372806, ""instance"": 11.186842401822409, ""kmeans"": 0.4171561441487736, ""reconstruction"": 0.02447923065887557, ""total"": 12.365433547231886}","{""assignment_change_fraction"": 0.0007579038544824599, ""center_displacements"": [3.157675382681191e-05, 5.5071253882488236e-05, 9.219304047292098e-05], ""center_norms"": [12.288125038146973, 13.587359428405762, 14.106059074401855], ""complete_collapse"": false, ""counts"": [2580, 3226, 3430], ""cumulative_hard_use"": [30965, 36196, 43671], ""dead_center_duration"": [0, 0, 0], ""effective_cluster_count"": 2.978781250098893, ""hard_entropy"": 1.091514240386743, ""maximum_cluster_fraction"": 0.3713728886964054, ""mean_nearest_squared_distance"": 86.28694152832031, ""minimum_center_separation"": 16.151935577392578, ""minimum_cluster_size"": 2580, ""minimum_positive_size"": 2580, ""near_collapse"": false, ""normalized_hard_entropy"": 0.9935390780218087, ""occupied_clusters"": 3, ""rbf_marginal_entropy"": 1.091505527496338, ""rbf_mean_row_entropy"": 0.0018335988279432058, ""s0_marginal_entropy"": 1.0976862907409668, ""s0_mean_row_entropy"": 0.9753278493881226, ""utilization"": 1.0}","{""assignment_change_fraction"": 0.0015158077089649198, ""center_displacements"": [0.0002812996681313962, 0.00023872892779763788, 7.462955545634031e-05], ""center_norms"": [10.820075988769531, 10.449806213378906, 10.31647777557373], ""complete_collapse"": false, ""counts"": [4095, 2760, 2381], ""cumulative_hard_use"": [48507, 33158, 29167], ""dead_center_duration"": [0, 0, 0], ""effective_cluster_count"": 2.9183847685463182, ""hard_entropy"": 1.071030301773208, ""maximum_cluster_fraction"": 0.44337375487223907, ""mean_nearest_squared_distance"": 127.14580535888672, ""minimum_center_separation"": 10.906657218933105, ""minimum_cluster_size"": 2381, ""minimum_positive_size"": 2381, ""near_collapse"": false, ""normalized_hard_entropy"": 0.974893793579953, ""occupied_clusters"": 3, ""rbf_marginal_entropy"": 1.070976734161377, ""rbf_mean_row_entropy"": 0.010721847414970398, ""s0_marginal_entropy"": 1.0948870182037354, ""s0_mean_row_entropy"": 0.9753278493881226, ""utilization"": 1.0}"
114,StarLightCurves,LoSTer-NoResoftmax,4,COMPLETE,a247dffdea50e236b171392b8c9336ecd4cc5727,c835af144da00fa76218634e1b12a2e8070438dbfa6a3ca911ef4b23b9449437,2026-10-06T01:24:50.961927+00:00,2026-10-06T01:25:31.098687+00:00,40.102379899999505,cuda,NVIDIA GeForce GTX 1080,5,assignment-change,1.7850625000000004,G:\Articoli\Articoli da Completare\LoSTer 2026\pilot\artifacts\StarLightCurves\LoSTer-NoResoftmax\seed-4\complete.pt,f3c40a16a3aa6ec1e01d5e2b021ef6ff934eef94094f13213fc0acc55bff4ecc,G:\Articoli\Articoli da Completare\LoSTer 2026\pilot\runs\StarLightCurves\LoSTer-NoResoftmax\seed-4\predictions.npy,G:\Articoli\Articoli da Completare\LoSTer 2026\pilot\artifacts\StarLightCurves\LoSTer-NoResoftmax\seed-4\manifest.json,"{""TEST"": ""7644523320da405ecd86ab3a78dc25da71d621023cf7c243368439ca4b6767fc"", ""TRAIN"": ""8c171463318542bfed0414100f83acd5c659740bcbf648e2f0caf2fabde227bd""}",0.4973969802175678,0.6084264635863513,0.7598475211637427,0.7396058899956691,111821312,"{""cluster_contrast"": 2.8028544849819608, ""entropy"": -2.1626173886987896, ""instance"": 11.215679539574516, ""kmeans"": 0.44678647567828494, ""reconstruction"": 0.03093285530081226, ""total"": 12.33363597922855}","{""assignment_change_fraction"": 0.00043308791684711995, ""center_displacements"": [0.006388956215232611, 0.003085360862314701, 0.0057653519324958324], ""center_norms"": [14.086531639099121, 12.109451293945312, 13.64602279663086], ""complete_collapse"": false, ""counts"": [3519, 2581, 3136], ""cumulative_hard_use"": [17875, 12904, 15401], ""dead_center_duration"": [0, 0, 0], ""effective_cluster_count"": 2.9763162780779147, ""hard_entropy"": 1.0906863875597848, ""maximum_cluster_fraction"": 0.3810090948462538, ""mean_nearest_squared_distance"": 89.39640045166016, ""minimum_center_separation"": 15.951151847839355, ""minimum_cluster_size"": 2581, ""minimum_positive_size"": 2581, ""near_collapse"": false, ""normalized_hard_entropy"": 0.9927855339048375, ""occupied_clusters"": 3, ""rbf_marginal_entropy"": 1.0907087326049805, ""rbf_mean_row_entropy"": 0.001734111807309091, ""s0_marginal_entropy"": 1.0975708961486816, ""s0_mean_row_entropy"": 0.9753278493881226, ""utilization"": 1.0}","{""assignment_change_fraction"": 0.027717626678215677, ""center_displacements"": [0.01152691151946783, 0.015546436421573162, 0.009260952472686768], ""center_norms"": [10.354981422424316, 10.174610137939453, 10.70645523071289], ""complete_collapse"": false, ""counts"": [2707, 3586, 2943], ""cumulative_hard_use"": [13304, 17554, 15322], ""dead_center_duration"": [0, 0, 0], ""effective_cluster_count"": 2.9786037497020863, ""hard_entropy"": 1.091454650349549, ""maximum_cluster_fraction"": 0.38826331745344306, ""mean_nearest_squared_distance"": 139.00326538085938, ""minimum_center_separation"": 11.301298141479492, ""minimum_cluster_size"": 2707, ""minimum_positive_size"": 2707, ""near_collapse"": false, ""normalized_hard_entropy"": 0.9934848368324386, ""occupied_clusters"": 3, ""rbf_marginal_entropy"": 1.091607689857483, ""rbf_mean_row_entropy"": 0.011436421424150467, ""s0_marginal_entropy"": 1.0976536273956299, ""s0_mean_row_entropy"": 0.9753278493881226, ""utilization"": 1.0}"
115,StarLightCurves,LoSTer-AlignedInit,0,COMPLETE,a247dffdea50e236b171392b8c9336ecd4cc5727,aed98aab48128109e83f40a82c7d04734dc655959109074e6a7308cb485c2a8d,2026-10-06T01:25:32.994564+00:00,2026-10-06T01:26:13.098431+00:00,40.06635649999953,cuda,NVIDIA GeForce GTX 1080,6,assignment-change,1.1602906250000002,G:\Articoli\Articoli da Completare\LoSTer 2026\pilot\artifacts\StarLightCurves\LoSTer-AlignedInit\seed-0\complete.pt,12aee29f8bb50e399296555323de71ce4519c28298841b8593aef1af71b5cd18,G:\Articoli\Articoli da Completare\LoSTer 2026\pilot\runs\StarLightCurves\LoSTer-AlignedInit\seed-0\predictions.npy,G:\Articoli\Articoli da Completare\LoSTer 2026\pilot\artifacts\StarLightCurves\LoSTer-AlignedInit\seed-0\manifest.json,"{""TEST"": ""7644523320da405ecd86ab3a78dc25da71d621023cf7c243368439ca4b6767fc"", ""TRAIN"": ""8c171463318542bfed0414100f83acd5c659740bcbf648e2f0caf2fabde227bd""}",0.5077482314532358,0.6031507614284801,0.7644729798394878,0.7506496318752707,111821312,"{""cluster_contrast"": 3.108386867576175, ""entropy"": -2.1916805538866253, ""instance"": 11.195704605844286, ""kmeans"": 0.4236479964521196, ""reconstruction"": 0.017703766158471506, ""total"": 12.55376268757714}","{""assignment_change_fraction"": 0.00021654395842355997, ""center_displacements"": [0.0006881896988488734, 0.00047750971862114966, 0.00032252378878183663], ""center_norms"": [14.141290664672852, 13.6763916015625, 12.23330020904541], ""complete_collapse"": false, ""counts"": [3816, 2840, 2580], ""cumulative_hard_use"": [22911, 17025, 15480], ""dead_center_duration"": [0, 0, 0], ""effective_cluster_count"": 2.956709735213272, ""hard_entropy"": 1.0840770741357666, ""maximum_cluster_fraction"": 0.41316587267215243, ""mean_nearest_squared_distance"": 85.85810089111328, ""minimum_center_separation"": 16.019243240356445, ""minimum_cluster_size"": 2580, ""minimum_positive_size"": 2580, ""near_collapse"": false, ""normalized_hard_entropy"": 0.9867694775652248, ""occupied_clusters"": 3, ""rbf_marginal_entropy"": 1.084055781364441, ""rbf_mean_row_entropy"": 0.0021070572547614574, ""s0_marginal_entropy"": 1.096653938293457, ""s0_mean_row_entropy"": 0.9753278493881226, ""utilization"": 1.0}","{""assignment_change_fraction"": 0.00129926375054136, ""center_displacements"": [0.00039163202745839953, 0.00037080797483213246, 0.0004827891825698316], ""center_norms"": [10.271697044372559, 10.557097434997559, 10.152379989624023], ""complete_collapse"": false, ""counts"": [2425, 3290, 3521], ""cumulative_hard_use"": [14866, 20054, 20496], ""dead_center_duration"": [0, 0, 0], ""effective_cluster_count"": 2.963727284352915, ""hard_entropy"": 1.086447693873096, ""maximum_cluster_fraction"": 0.38122563880467736, ""mean_nearest_squared_distance"": 130.73692321777344, ""minimum_center_separation"": 11.090276718139648, ""minimum_cluster_size"": 2425, ""minimum_positive_size"": 2425, ""near_collapse"": false, ""normalized_hard_entropy"": 0.9889273086415579, ""occupied_clusters"": 3, ""rbf_marginal_entropy"": 1.0863503217697144, ""rbf_mean_row_entropy"": 0.010353204794228077, ""s0_marginal_entropy"": 1.0970373153686523, ""s0_mean_row_entropy"": 0.9753278493881226, ""utilization"": 1.0}"
116,StarLightCurves,LoSTer-AlignedInit,1,COMPLETE,a247dffdea50e236b171392b8c9336ecd4cc5727,d5acad548d85ccd90e69c0d6a1d3b879845894eb152ee8f699f67d77b82f8579,2026-10-06T01:26:15.014181+00:00,2026-10-06T01:27:05.167014+00:00,50.114926999998715,cuda,NVIDIA GeForce GTX 1080,7,assignment-change,0.7541889062500001,G:\Articoli\Articoli da Completare\LoSTer 2026\pilot\artifacts\StarLightCurves\LoSTer-AlignedInit\seed-1\complete.pt,2a1986ebef4b7658e006477c2f82033e4ce4c88ca46be298da213f0f28093018,G:\Articoli\Articoli da Completare\LoSTer 2026\pilot\runs\StarLightCurves\LoSTer-AlignedInit\seed-1\predictions.npy,G:\Articoli\Articoli da Completare\LoSTer 2026\pilot\artifacts\StarLightCurves\LoSTer-AlignedInit\seed-1\manifest.json,"{""TEST"": ""7644523320da405ecd86ab3a78dc25da71d621023cf7c243368439ca4b6767fc"", ""TRAIN"": ""8c171463318542bfed0414100f83acd5c659740bcbf648e2f0caf2fabde227bd""}",0.5012071964757636,0.6067388360539319,0.7615877045238343,0.7438284971849285,111821312,"{""cluster_contrast"": 3.0993098351690502, ""entropy"": -2.193914979696274, ""instance"": 11.213284227583143, ""kmeans"": 0.43626568300856483, ""reconstruction"": 0.018202947607884806, ""total"": 12.573147734006247}","{""assignment_change_fraction"": 0.0, ""center_displacements"": [0.0006705594132654369, 0.000514243554789573, 0.00034774153027683496], ""center_norms"": [14.277748107910156, 13.822500228881836, 11.925745010375977], ""complete_collapse"": false, ""counts"": [3622, 3033, 2581], ""cumulative_hard_use"": [25699, 20889, 18064], ""dead_center_duration"": [0, 0, 0], ""effective_cluster_count"": 2.971463336063477, ""hard_entropy"": 1.0890545372202658, ""maximum_cluster_fraction"": 0.39216110870506715, ""mean_nearest_squared_distance"": 88.74790954589844, ""minimum_center_separation"": 15.369165420532227, ""minimum_cluster_size"": 2581, ""minimum_positive_size"": 2581, ""near_collapse"": false, ""normalized_hard_entropy"": 0.9913001597138229, ""occupied_clusters"": 3, ""rbf_marginal_entropy"": 1.0890246629714966, ""rbf_mean_row_entropy"": 0.0022889121901243925, ""s0_marginal_entropy"": 1.097343921661377, ""s0_mean_row_entropy"": 0.9753278493881226, ""utilization"": 1.0}","{""assignment_change_fraction"": 0.0018406236466002599, ""center_displacements"": [0.00045967637561261654, 0.0003943278861697763, 0.0008685484644956887], ""center_norms"": [10.571986198425293, 10.385873794555664, 10.18709659576416], ""complete_collapse"": false, ""counts"": [3002, 2962, 3272], ""cumulative_hard_use"": [21911, 21329, 21412], ""dead_center_duration"": [0, 0, 0], ""effective_cluster_count"": 2.9970297745481855, ""hard_entropy"": 1.097621723069356, ""maximum_cluster_fraction"": 0.35426591598094415, ""mean_nearest_squared_distance"": 134.47817993164062, ""minimum_center_separation"": 11.52579402923584, ""minimum_cluster_size"": 2962, ""minimum_positive_size"": 2962, ""near_collapse"": false, ""normalized_hard_entropy"": 0.9990983483354671, ""occupied_clusters"": 3, ""rbf_marginal_entropy"": 1.0976905822753906, ""rbf_mean_row_entropy"": 0.013031451031565666, ""s0_marginal_entropy"": 1.098480224609375, ""s0_mean_row_entropy"": 0.9753278493881226, ""utilization"": 1.0}"
117,StarLightCurves,LoSTer-AlignedInit,2,COMPLETE,a247dffdea50e236b171392b8c9336ecd4cc5727,516eb15087a17f7bb94fb0bbe75e90758fe70257c1ede91b8a52ee096b944459,2026-10-06T01:27:07.063408+00:00,2026-10-06T01:27:47.173412+00:00,40.07288459999836,cuda,NVIDIA GeForce GTX 1080,6,assignment-change,1.1602906250000002,G:\Articoli\Articoli da Completare\LoSTer 2026\pilot\artifacts\StarLightCurves\LoSTer-AlignedInit\seed-2\complete.pt,d601408ca9cf266991bc6c1a7866087a7c3611a0d6d86b6bfa3fe3f55eae4939,G:\Articoli\Articoli da Completare\LoSTer 2026\pilot\runs\StarLightCurves\LoSTer-AlignedInit\seed-2\predictions.npy,G:\Articoli\Articoli da Completare\LoSTer 2026\pilot\artifacts\StarLightCurves\LoSTer-AlignedInit\seed-2\manifest.json,"{""TEST"": ""7644523320da405ecd86ab3a78dc25da71d621023cf7c243368439ca4b6767fc"", ""TRAIN"": ""8c171463318542bfed0414100f83acd5c659740bcbf648e2f0caf2fabde227bd""}",0.5083761691131402,0.6025512195843435,0.7646808479706654,0.7507579038544825,111821312,"{""cluster_contrast"": 3.113238940636317, ""entropy"": -2.191263655821482, ""instance"": 11.208268456988865, ""kmeans"": 0.42765918125708896, ""reconstruction"": 0.01698267212810202, ""total"": 12.574885593520271}","{""assignment_change_fraction"": 0.0008661758336942399, ""center_displacements"": [0.0003197470505256206, 0.0007039316697046161, 0.0004963637329638004], ""center_norms"": [12.06158447265625, 14.218990325927734, 13.674593925476074], ""complete_collapse"": false, ""counts"": [2582, 3873, 2781], ""cumulative_hard_use"": [15492, 23035, 16889], ""dead_center_duration"": [0, 0, 0], ""effective_cluster_count"": 2.951052965893144, ""hard_entropy"": 1.0821620442555573, ""maximum_cluster_fraction"": 0.4193373754872239, ""mean_nearest_squared_distance"": 88.15148162841797, ""minimum_center_separation"": 15.550156593322754, ""minimum_cluster_size"": 2582, ""minimum_positive_size"": 2582, ""near_collapse"": false, ""normalized_hard_entropy"": 0.9850263422480957, ""occupied_clusters"": 3, ""rbf_marginal_entropy"": 1.0822166204452515, ""rbf_mean_row_entropy"": 0.001461973413825035, ""s0_marginal_entropy"": 1.096388816833496, ""s0_mean_row_entropy"": 0.9753278493881226, ""utilization"": 1.0}","{""assignment_change_fraction"": 0.0019488956258120397, ""center_displacements"": [0.0004914614837616682, 0.0004979771911166608, 0.00036469369661062956], ""center_norms"": [10.460551261901855, 10.299044609069824, 10.725223541259766], ""complete_collapse"": false, ""counts"": [3563, 2422, 3251], ""cumulative_hard_use"": [20962, 14851, 19603], ""dead_center_duration"": [0, 0, 0], ""effective_cluster_count"": 2.962364264304828, ""hard_entropy"": 1.0859876874553986, ""maximum_cluster_fraction"": 0.3857730619315721, ""mean_nearest_squared_distance"": 130.62371826171875, ""minimum_center_separation"": 11.370159149169922, ""minimum_cluster_size"": 2422, ""minimum_positive_size"": 2422, ""near_collapse"": false, ""normalized_hard_entropy"": 0.9885085927556696, ""occupied_clusters"": 3, ""rbf_marginal_entropy"": 1.0857510566711426, ""rbf_mean_row_entropy"": 0.010975362733006477, ""s0_marginal_entropy"": 1.0969738960266113, ""s0_mean_row_entropy"": 0.9753278493881226, ""utilization"": 1.0}"
118,StarLightCurves,LoSTer-AlignedInit,3,COMPLETE,a247dffdea50e236b171392b8c9336ecd4cc5727,1fe23daf89237f00f9a8ab2697a4bccac21d0883b5d2e74011e54292208e1f7f,2026-10-06T01:27:49.227290+00:00,2026-10-06T01:28:29.344709+00:00,40.08566900000005,cuda,NVIDIA GeForce GTX 1080,6,assignment-change,1.1602906250000002,G:\Articoli\Articoli da Completare\LoSTer 2026\pilot\artifacts\StarLightCurves\LoSTer-AlignedInit\seed-3\complete.pt,8fd096dc284fdd813e1f7b8cc4e67a5a25097572d77dc369383e43dec0bc535a,G:\Articoli\Articoli da Completare\LoSTer 2026\pilot\runs\StarLightCurves\LoSTer-AlignedInit\seed-3\predictions.npy,G:\Articoli\Articoli da Completare\LoSTer 2026\pilot\artifacts\StarLightCurves\LoSTer-AlignedInit\seed-3\manifest.json,"{""TEST"": ""7644523320da405ecd86ab3a78dc25da71d621023cf7c243368439ca4b6767fc"", ""TRAIN"": ""8c171463318542bfed0414100f83acd5c659740bcbf648e2f0caf2fabde227bd""}",0.5058126134761285,0.6051091907876948,0.7636140025975896,0.7481593763533997,111821312,"{""cluster_contrast"": 3.104262262582779, ""entropy"": -2.191156248251597, ""instance"": 11.193253172768486, ""kmeans"": 0.41497376768125427, ""reconstruction"": 0.018243838696637087, ""total"": 12.539576729138693}","{""assignment_change_fraction"": 0.00064963187527068, ""center_displacements"": [0.00033228928805328906, 0.000497682485729456, 0.000660225807223469], ""center_norms"": [12.287941932678223, 13.589136123657227, 14.105219841003418], ""complete_collapse"": false, ""counts"": [2581, 2884, 3771], ""cumulative_hard_use"": [15486, 17018, 22912], ""dead_center_duration"": [0, 0, 0], ""effective_cluster_count"": 2.9608048663350597, ""hard_entropy"": 1.0854611456763603, ""maximum_cluster_fraction"": 0.40829363360762233, ""mean_nearest_squared_distance"": 85.32183074951172, ""minimum_center_separation"": 16.152942657470703, ""minimum_cluster_size"": 2581, ""minimum_positive_size"": 2581, ""near_collapse"": false, ""normalized_hard_entropy"": 0.988029313773931, ""occupied_clusters"": 3, ""rbf_marginal_entropy"": 1.0855093002319336, ""rbf_mean_row_entropy"": 0.0013257241807878017, ""s0_marginal_entropy"": 1.0968453884124756, ""s0_mean_row_entropy"": 0.9753278493881226, ""utilization"": 1.0}","{""assignment_change_fraction"": 0.0009744478129060199, ""center_displacements"": [0.0006116210715845227, 0.0003454583929851651, 0.000307108013657853], ""center_norms"": [10.42655086517334, 10.850977897644043, 10.309925079345703], ""complete_collapse"": false, ""counts"": [3583, 3324, 2329], ""cumulative_hard_use"": [20755, 20430, 14231], ""dead_center_duration"": [0, 0, 0], ""effective_cluster_count"": 2.9521542737551103, ""hard_entropy"": 1.0825351661298315, ""maximum_cluster_fraction"": 0.3879385015158077, ""mean_nearest_squared_distance"": 126.93646240234375, ""minimum_center_separation"": 10.851097106933594, ""minimum_cluster_size"": 2329, ""minimum_positive_size"": 2329, ""near_collapse"": false, ""normalized_hard_entropy"": 0.9853659724143726, ""occupied_clusters"": 3, ""rbf_marginal_entropy"": 1.0825684070587158, ""rbf_mean_row_entropy"": 0.011044174432754517, ""s0_marginal_entropy"": 1.0965404510498047, ""s0_mean_row_entropy"": 0.9753278493881226, ""utilization"": 1.0}"
119,StarLightCurves,LoSTer-AlignedInit,4,COMPLETE,a247dffdea50e236b171392b8c9336ecd4cc5727,c6aa756ca423941b865b91bc3623e70b3d13024117ab90703653520c5220a925,2026-10-06T01:28:31.259352+00:00,2026-10-06T01:29:11.390514+00:00,40.09520169999996,cuda,NVIDIA GeForce GTX 1080,6,assignment-change,1.1602906250000002,G:\Articoli\Articoli da Completare\LoSTer 2026\pilot\artifacts\StarLightCurves\LoSTer-AlignedInit\seed-4\complete.pt,6cdcfa31f2b9275b4950ce6e6f2c1930066d4bdc3a75a294f567f7855b66ef07,G:\Articoli\Articoli da Completare\LoSTer 2026\pilot\runs\StarLightCurves\LoSTer-AlignedInit\seed-4\predictions.npy,G:\Articoli\Articoli da Completare\LoSTer 2026\pilot\artifacts\StarLightCurves\LoSTer-AlignedInit\seed-4\manifest.json,"{""TEST"": ""7644523320da405ecd86ab3a78dc25da71d621023cf7c243368439ca4b6767fc"", ""TRAIN"": ""8c171463318542bfed0414100f83acd5c659740bcbf648e2f0caf2fabde227bd""}",0.5020800811355205,0.6071773326662233,0.7619982352898418,0.7448029449978346,111821312,"{""cluster_contrast"": 3.106564895974265, ""entropy"": -2.1919277707735696, ""instance"": 11.204498569170633, ""kmeans"": 0.4351898406942685, ""reconstruction"": 0.016938574379310012, ""total"": 12.571264094776577}","{""assignment_change_fraction"": 0.00021654395842355997, ""center_displacements"": [0.000676971219945699, 0.0003194369201082736, 0.0005100685521028936], ""center_norms"": [14.085485458374023, 12.109504699707031, 13.646798133850098], ""complete_collapse"": false, ""counts"": [3629, 2581, 3026], ""cumulative_hard_use"": [22255, 15488, 17673], ""dead_center_duration"": [0, 0, 0], ""effective_cluster_count"": 2.971058901353642, ""hard_entropy"": 1.0889184217143237, ""maximum_cluster_fraction"": 0.3929190125595496, ""mean_nearest_squared_distance"": 89.03717803955078, ""minimum_center_separation"": 15.951611518859863, ""minimum_cluster_size"": 2581, ""minimum_positive_size"": 2581, ""near_collapse"": false, ""normalized_hard_entropy"": 0.9911762620409623, ""occupied_clusters"": 3, ""rbf_marginal_entropy"": 1.088927984237671, ""rbf_mean_row_entropy"": 0.001486277673393488, ""s0_marginal_entropy"": 1.097325086593628, ""s0_mean_row_entropy"": 0.9753278493881226, ""utilization"": 1.0}","{""assignment_change_fraction"": 0.0010827197921178, ""center_displacements"": [0.0003839809796772897, 0.0006190924323163927, 0.0003465361660346389], ""center_norms"": [10.343323707580566, 10.199512481689453, 10.694329261779785], ""complete_collapse"": false, ""counts"": [2321, 3570, 3345], ""cumulative_hard_use"": [14740, 20690, 19986], ""dead_center_duration"": [0, 0, 0], ""effective_cluster_count"": 2.951523382767554, ""hard_entropy"": 1.082321438000803, ""maximum_cluster_fraction"": 0.38653096578605456, ""mean_nearest_squared_distance"": 133.5695343017578, ""minimum_center_separation"": 11.32292652130127, ""minimum_cluster_size"": 2321, ""minimum_positive_size"": 2321, ""near_collapse"": false, ""normalized_hard_entropy"": 0.9851714286874974, ""occupied_clusters"": 3, ""rbf_marginal_entropy"": 1.082429051399231, ""rbf_mean_row_entropy"": 0.01169730443507433, ""s0_marginal_entropy"": 1.0965155363082886, ""s0_mean_row_entropy"": 0.9753278493881226, ""utilization"": 1.0}"
